hour,day_of_week,is_weekend,road_type,weather,temperature,precipitation,vehicle_count,free_flow_speed,avg_speed,delay_min,risk_score,congestion_level
6,1,0,Urban,Clear,16.8,0.0,233,40.2,35.8,1.6,10,LOW
19,1,0,Arterial,Clear,30.0,0.0,1025,60.6,25.9,18.7,97,HIGH
14,1,0,Highway,Clear,28.7,0.0,920,82.3,66.0,3.2,21,LOW
10,3,0,Urban,Rain,24.7,4.93,934,33.7,8.0,28.0,73,HIGH
7,2,0,Highway,Clear,28.1,0.0,389,88.8,81.5,1.9,31,LOW
20,1,0,Highway,Clear,20.5,0.0,2204,96.5,15.1,21.5,96,HIGH
6,6,1,Arterial,Clear,28.6,0.0,408,52.6,47.9,1.4,8,LOW
18,1,0,Arterial,Clear,29.5,0.0,1486,60.6,11.9,13.2,76,HIGH
22,5,1,Highway,Fog,36.5,0.33,597,90.4,60.3,7.0,53,MEDIUM
10,0,0,Urban,Clear,41.4,0.0,874,43.7,8.7,24.3,73,HIGH
10,5,1,Arterial,Clear,26.1,0.0,350,64.1,58.7,0.8,18,LOW
23,5,1,Arterial,Clear,19.1,0.0,191,60.6,59.0,0.5,18,LOW
20,0,0,Urban,Clear,30.7,0.0,1200,39.7,8.0,24.0,89,HIGH
3,6,1,Arterial,Clear,27.1,0.0,329,57.1,54.7,1.2,21,LOW
7,2,0,Highway,Clear,26.8,0.0,503,84.3,77.9,0.0,15,LOW
23,5,1,Highway,Clear,16.7,0.0,760,86.9,73.1,0.6,10,LOW
2,2,0,Urban,Rain,28.7,1.03,289,36.7,30.3,2.1,35,LOW
21,5,1,Highway,Clear,31.0,0.0,962,89.5,65.7,8.9,55,MEDIUM
20,4,0,Arterial,Clear,35.0,0.0,1513,59.9,9.1,17.3,80,HIGH
1,0,0,Arterial,Clear,24.5,0.0,260,58.9,56.4,2.1,8,LOW
23,5,1,Arterial,Clear,22.2,0.0,184,60.4,58.2,1.8,11,LOW
11,4,0,Highway,Clear,24.4,0.0,1266,87.7,54.0,8.9,59,MEDIUM
5,3,0,Arterial,Rain,34.5,4.2,426,63.4,48.8,1.7,36,LOW
1,4,0,Arterial,Clear,37.7,0.0,345,60.9,58.4,0.1,22,LOW
20,1,0,Urban,Clear,35.8,0.0,1038,38.5,8.0,26.3,73,HIGH
0,5,1,Highway,Clear,32.5,0.0,514,84.2,79.2,1.6,35,LOW
11,4,0,Arterial,Clear,27.8,0.0,834,59.7,36.2,7.3,60,MEDIUM
21,2,0,Arterial,Clear,28.9,0.0,268,64.6,60.9,0.5,35,LOW
11,3,0,Arterial,Clear,29.9,0.0,855,62.4,39.6,6.2,66,MEDIUM
16,6,1,Arterial,Clear,26.2,0.0,807,63.0,41.8,6.0,54,MEDIUM
9,5,1,Highway,Clear,34.2,0.0,464,93.6,87.1,2.2,25,LOW
15,1,0,Highway,Clear,16.4,0.0,696,96.1,85.2,1.7,8,LOW
14,6,1,Arterial,Clear,17.7,0.0,746,63.4,48.0,1.1,21,LOW
14,4,0,Arterial,Clear,16.4,0.0,690,60.6,46.8,0.8,20,LOW
18,6,1,Arterial,Clear,22.4,0.0,816,58.4,33.5,8.4,63,MEDIUM
11,6,1,Highway,Clear,37.4,0.0,650,94.4,81.1,0.2,18,LOW
22,3,0,Highway,Storm,19.7,23.78,548,77.9,45.9,7.5,45,MEDIUM
19,6,1,Highway,Clear,19.9,0.0,1454,96.3,44.3,26.7,83,HIGH
2,6,1,Highway,Clear,22.2,0.0,387,93.5,89.8,0.8,18,LOW
4,5,1,Arterial,Clear,35.8,0.0,523,66.6,55.4,1.3,32,LOW
18,3,0,Urban,Storm,38.0,4.62,888,36.6,9.4,33.2,72,HIGH
6,1,0,Highway,Storm,35.1,14.25,526,95.8,57.9,6.3,58,MEDIUM
20,4,0,Highway,Clear,35.5,0.0,2584,93.3,11.4,16.3,96,HIGH
8,3,0,Highway,Clear,39.6,0.0,2000,87.0,8.2,15.4,90,HIGH
6,3,0,Arterial,Fog,15.4,0.2,262,59.5,44.3,4.5,41,MEDIUM
17,0,0,Highway,Clear,19.4,0.0,2323,89.0,10.6,23.9,86,HIGH
3,3,0,Urban,Clear,23.1,0.0,195,38.9,37.1,1.3,12,LOW
13,0,0,Arterial,Rain,28.7,0.44,820,54.6,29.3,6.8,65,MEDIUM
17,4,0,Urban,Clear,28.7,0.0,1018,43.5,8.0,20.4,79,HIGH
8,6,1,Urban,Clear,28.8,0.0,340,37.2,35.5,1.4,26,LOW
20,5,1,Arterial,Rain,33.8,5.05,341,55.8,45.2,2.1,29,LOW
1,5,1,Arterial,Clear,14.6,0.0,497,64.8,53.9,1.9,37,LOW
19,4,0,Highway,Clear,27.0,0.0,1784,83.0,23.7,23.2,82,HIGH
14,4,0,Arterial,Clear,29.9,0.0,655,58.8,43.9,9.6,63,MEDIUM
6,2,0,Urban,Clear,25.7,0.0,234,37.0,35.1,1.6,29,LOW
11,6,1,Highway,Clear,29.3,0.0,428,98.2,93.4,1.1,12,LOW
7,4,0,Urban,Clear,35.2,0.0,248,43.4,38.3,2.0,29,LOW
14,3,0,Highway,Clear,28.4,0.0,1115,85.9,62.9,5.9,55,MEDIUM
2,5,1,Urban,Fog,43.0,0.08,364,37.0,25.5,9.8,56,MEDIUM
13,1,0,Urban,Clear,34.7,0.0,427,42.3,30.4,8.8,60,MEDIUM
16,5,1,Arterial,Rain,29.9,1.02,819,61.7,36.5,5.5,41,MEDIUM
3,0,0,Arterial,Rain,31.5,5.35,379,58.6,48.0,0.9,13,LOW
17,5,1,Arterial,Clear,33.2,0.0,695,58.2,37.9,7.6,45,MEDIUM
7,2,0,Urban,Clear,39.8,0.0,214,39.3,37.6,0.3,33,LOW
3,6,1,Urban,Rain,36.2,4.74,214,42.7,35.2,0.0,15,LOW
1,4,0,Urban,Clear,31.6,0.0,197,44.7,39.7,2.0,34,LOW
5,6,1,Arterial,Clear,22.9,0.0,257,67.3,63.8,1.4,27,LOW
21,4,0,Arterial,Clear,30.9,0.0,297,57.1,55.6,1.6,32,LOW
9,5,1,Urban,Rain,32.1,1.03,309,40.2,32.8,1.6,34,LOW
3,1,0,Arterial,Clear,33.4,0.0,505,65.4,54.5,0.3,32,LOW
21,1,0,Urban,Clear,22.9,0.0,155,37.4,36.2,1.9,8,LOW
17,2,0,Arterial,Clear,33.2,0.0,1053,57.3,23.1,16.9,94,HIGH
11,0,0,Highway,Fog,33.6,0.47,1569,94.0,29.1,34.0,92,HIGH
1,5,1,Arterial,Clear,19.5,0.0,431,58.1,51.6,2.2,25,LOW
9,4,0,Arterial,Clear,19.6,0.0,1346,54.1,9.8,15.9,88,HIGH
3,5,1,Highway,Clear,35.8,0.0,368,85.9,83.2,1.2,20,LOW
13,2,0,Highway,Clear,22.0,0.0,1225,95.0,58.4,9.5,50,MEDIUM
15,3,0,Arterial,Clear,38.8,0.0,1058,61.0,25.2,24.5,78,HIGH
14,3,0,Highway,Clear,26.0,0.0,866,82.2,67.2,0.1,16,LOW
7,2,0,Highway,Clear,30.7,0.0,381,87.0,80.5,2.8,10,LOW
13,4,0,Arterial,Fog,30.4,0.11,1145,67.3,14.4,33.4,87,HIGH
22,6,1,Urban,Clear,23.0,0.0,135,39.8,37.3,1.2,13,LOW
7,2,0,Arterial,Clear,37.7,0.0,362,59.0,54.8,1.1,30,LOW
20,4,0,Urban,Rain,26.1,17.69,1200,40.0,8.0,19.0,89,HIGH
15,1,0,Arterial,Clear,28.4,0.0,855,60.8,38.9,9.7,62,MEDIUM
12,2,0,Highway,Clear,14.1,0.0,1274,88.0,48.6,5.0,61,MEDIUM
17,4,0,Arterial,Rain,18.6,4.69,1212,65.4,11.2,21.0,83,HIGH
14,2,0,Arterial,Clear,35.9,0.0,737,58.1,37.8,9.2,50,MEDIUM
20,2,0,Arterial,Clear,28.0,0.0,1597,64.0,9.6,34.0,72,HIGH
23,6,1,Highway,Clear,23.9,0.0,369,99.1,90.9,1.5,33,LOW
12,6,1,Arterial,Clear,24.0,0.0,733,61.5,41.3,5.9,56,MEDIUM
8,4,0,Highway,Clear,31.8,0.0,2577,84.8,11.6,20.1,72,HIGH
14,4,0,Arterial,Rain,36.8,1.74,622,60.8,42.8,5.9,62,MEDIUM
12,0,0,Highway,Clear,24.1,0.0,885,87.2,70.7,1.3,22,LOW
0,2,0,Arterial,Clear,35.7,0.0,278,63.6,61.0,0.5,11,LOW
6,3,0,Arterial,Clear,26.9,0.0,380,60.8,55.4,0.0,12,LOW
8,2,0,Highway,Fog,31.5,0.07,2239,89.4,8.0,27.8,82,HIGH
23,2,0,Arterial,Storm,15.6,5.86,317,56.0,31.3,6.7,42,MEDIUM
0,4,0,Arterial,Clear,16.8,0.0,325,52.6,49.2,0.0,14,LOW
11,2,0,Urban,Rain,33.7,0.75,530,37.6,19.2,5.6,40,MEDIUM
7,5,1,Urban,Rain,29.9,3.4,152,42.0,34.7,1.5,25,LOW
23,2,0,Arterial,Clear,30.8,0.0,249,64.7,62.0,2.4,11,LOW
10,5,1,Arterial,Clear,20.4,0.0,278,58.8,51.4,0.5,20,LOW
18,6,1,Highway,Clear,25.0,0.0,1922,85.3,11.8,22.6,77,HIGH
16,3,0,Highway,Rain,16.3,1.54,971,90.9,58.3,9.4,45,MEDIUM
7,4,0,Highway,Rain,22.1,1.22,736,93.4,74.2,1.7,31,LOW
2,2,0,Arterial,Clear,27.8,0.0,372,63.1,54.9,0.1,24,LOW
2,5,1,Highway,Clear,30.3,0.0,629,91.0,79.4,0.4,16,LOW
0,5,1,Highway,Clear,23.0,0.0,371,100.4,98.1,3.7,33,LOW
4,6,1,Arterial,Rain,31.9,4.95,349,65.1,52.5,0.0,24,LOW
9,5,1,Arterial,Rain,27.7,0.92,528,55.1,39.8,4.4,41,MEDIUM
6,1,0,Arterial,Clear,26.4,0.0,204,54.1,48.6,1.4,23,LOW
8,0,0,Highway,Clear,28.6,0.0,1410,84.3,43.5,7.9,62,MEDIUM
6,3,0,Arterial,Clear,42.7,0.0,468,64.7,58.2,2.5,27,LOW
8,6,1,Arterial,Rain,26.9,3.09,447,53.2,41.8,0.9,14,LOW
7,6,1,Arterial,Clear,34.7,0.0,464,61.8,53.6,0.4,28,LOW
11,2,0,Highway,Clear,31.8,0.0,1209,89.1,57.2,4.6,67,MEDIUM
1,1,0,Arterial,Rain,26.3,0.76,423,55.0,43.7,0.5,18,LOW
0,2,0,Urban,Clear,17.1,0.0,167,40.7,40.7,1.6,34,LOW
15,2,0,Highway,Rain,23.6,4.39,1140,89.1,56.3,6.5,48,MEDIUM
22,4,0,Urban,Clear,28.5,0.0,284,42.4,36.1,0.6,26,LOW
22,4,0,Arterial,Clear,27.3,0.0,425,53.5,45.6,0.0,17,LOW
23,4,0,Highway,Fog,37.1,0.31,351,85.5,65.3,0.6,17,LOW
4,1,0,Arterial,Clear,22.9,0.0,373,56.5,48.3,1.6,13,LOW
2,2,0,Highway,Clear,27.0,0.0,358,93.3,93.3,1.0,23,LOW
11,0,0,Highway,Clear,31.8,0.0,1408,88.8,45.3,7.5,47,MEDIUM
7,3,0,Arterial,Clear,26.1,0.0,257,64.7,64.5,1.8,9,LOW
21,4,0,Urban,Clear,34.8,0.0,245,38.8,33.3,0.2,29,LOW
2,4,0,Urban,Rain,20.4,5.6,196,40.7,31.0,0.8,37,LOW
0,6,1,Arterial,Fog,17.4,0.03,255,65.9,47.6,5.4,61,MEDIUM
2,2,0,Highway,Rain,26.0,0.83,488,81.1,64.5,1.8,10,LOW
4,2,0,Arterial,Clear,27.5,0.0,406,60.1,53.3,0.0,21,LOW
14,1,0,Arterial,Rain,29.5,0.59,798,59.9,35.2,8.5,44,MEDIUM
13,1,0,Urban,Rain,29.0,0.74,635,37.6,14.5,27.7,81,HIGH
2,4,0,Urban,Clear,25.1,0.0,264,39.5,36.3,0.5,11,LOW
0,2,0,Urban,Clear,17.4,0.0,333,40.9,31.2,1.9,14,LOW
4,0,0,Arterial,Clear,27.2,0.0,438,57.0,50.1,1.8,19,LOW
22,3,0,Arterial,Rain,20.7,0.38,438,60.2,45.2,1.3,24,LOW
13,2,0,Highway,Clear,28.5,0.0,1106,84.9,54.6,5.9,54,MEDIUM
6,6,1,Urban,Rain,20.2,2.89,186,39.4,33.0,0.1,17,LOW
8,2,0,Highway,Clear,30.7,0.0,2193,94.6,15.9,17.3,79,HIGH
14,5,1,Highway,Storm,39.7,11.0,1332,94.9,35.4,29.7,89,HIGH
14,1,0,Highway,Clear,22.9,0.0,1098,95.9,66.3,5.3,42,MEDIUM
9,6,1,Urban,Clear,19.1,0.0,334,39.7,34.1,1.3,18,LOW
12,3,0,Arterial,Clear,36.0,0.0,942,58.7,29.2,22.1,88,HIGH
18,4,0,Arterial,Clear,40.4,0.0,1605,63.0,9.4,29.3,70,HIGH
6,6,1,Urban,Rain,19.3,6.49,234,43.5,38.5,0.1,33,LOW
16,2,0,Urban,Storm,27.4,7.41,430,40.3,19.7,31.1,85,HIGH
19,4,0,Highway,Clear,31.4,0.0,2700,97.6,15.0,32.0,73,HIGH
3,2,0,Highway,Clear,26.2,0.0,551,93.6,86.2,1.6,22,LOW
4,4,0,Urban,Clear,15.7,0.0,185,38.3,35.9,1.6,36,LOW
22,3,0,Urban,Clear,18.4,0.0,292,38.7,34.6,2.0,11,LOW
6,1,0,Arterial,Clear,19.1,0.0,272,59.8,56.8,1.6,9,LOW
12,3,0,Arterial,Rain,20.7,2.66,997,53.7,24.0,28.5,78,HIGH
14,5,1,Highway,Fog,28.6,0.5,1707,87.2,18.2,33.6,92,HIGH
10,0,0,Urban,Clear,35.7,0.0,1169,43.4,8.0,28.3,79,HIGH
3,1,0,Arterial,Clear,18.5,0.0,348,65.4,57.9,1.5,19,LOW
12,3,0,Arterial,Clear,22.5,0.0,553,61.1,50.5,0.9,28,LOW
6,5,1,Highway,Clear,20.2,0.0,386,92.3,84.8,2.1,36,LOW
18,0,0,Urban,Clear,30.0,0.0,947,39.1,8.0,15.7,91,HIGH
21,5,1,Arterial,Clear,22.2,0.0,371,57.4,53.2,1.8,19,LOW
1,2,0,Highway,Clear,20.9,0.0,453,92.9,84.3,1.9,18,LOW
9,2,0,Arterial,Clear,16.8,0.0,1314,58.2,8.9,31.6,74,HIGH
12,4,0,Arterial,Clear,37.5,0.0,886,66.8,34.6,5.4,44,MEDIUM
20,1,0,Arterial,Clear,43.3,0.0,1493,61.6,8.0,30.9,85,HIGH
5,2,0,Arterial,Clear,28.6,0.0,345,61.8,56.7,2.7,34,LOW
11,6,1,Arterial,Fog,38.4,0.27,474,55.8,38.6,4.4,46,MEDIUM
11,5,1,Urban,Rain,24.0,2.98,198,33.0,29.8,1.7,30,LOW
19,1,0,Highway,Rain,28.0,19.25,1648,92.2,30.4,26.1,75,HIGH
10,6,1,Highway,Clear,32.6,0.0,265,87.5,85.9,0.5,14,LOW
22,2,0,Highway,Clear,22.7,0.0,338,94.9,94.3,0.4,13,LOW
6,4,0,Arterial,Clear,26.9,0.0,413,56.3,51.4,0.9,33,LOW
0,3,0,Arterial,Clear,26.0,0.0,360,57.9,51.3,1.7,23,LOW
0,4,0,Urban,Rain,31.1,17.98,297,43.4,35.8,0.9,10,LOW
19,6,1,Arterial,Clear,28.4,0.0,683,61.7,46.4,2.7,27,LOW
12,0,0,Arterial,Clear,22.9,0.0,906,56.0,30.6,8.9,61,MEDIUM
8,2,0,Urban,Clear,25.9,0.0,765,40.1,10.9,22.9,80,HIGH
2,6,1,Highway,Clear,35.8,0.0,738,99.5,83.2,1.1,14,LOW
6,0,0,Urban,Storm,31.8,7.52,135,40.4,23.9,4.6,41,MEDIUM
5,0,0,Arterial,Clear,31.2,0.0,466,59.4,48.4,0.2,22,LOW
7,5,1,Arterial,Clear,43.8,0.0,403,63.6,57.9,0.8,20,LOW
8,1,0,Arterial,Clear,20.1,0.0,1718,61.4,9.2,17.8,96,HIGH
4,5,1,Arterial,Storm,33.0,12.08,259,65.8,42.0,9.5,45,MEDIUM
0,2,0,Highway,Clear,28.4,0.0,581,93.8,86.6,1.4,13,LOW
18,0,0,Arterial,Clear,30.4,0.0,1465,63.6,10.7,30.3,91,HIGH
9,6,1,Arterial,Clear,29.3,0.0,265,66.0,61.0,0.2,34,LOW
11,3,0,Urban,Rain,23.1,2.29,480,39.1,24.3,7.8,63,MEDIUM
23,0,0,Arterial,Clear,20.8,0.0,329,57.6,52.0,1.1,25,LOW
14,6,1,Urban,Clear,28.0,0.0,568,36.0,20.2,7.5,65,MEDIUM
21,3,0,Arterial,Fog,22.5,0.36,468,59.2,39.7,8.5,50,MEDIUM
23,5,1,Arterial,Storm,25.4,29.87,313,54.8,34.3,8.2,48,MEDIUM
8,5,1,Urban,Clear,33.6,0.0,180,41.1,39.0,1.1,19,LOW
19,1,0,Arterial,Rain,19.4,1.3,1466,57.5,9.4,21.6,93,HIGH
16,6,1,Urban,Clear,26.7,0.0,639,42.9,24.7,5.6,67,MEDIUM
16,0,0,Arterial,Rain,35.4,5.98,828,63.1,35.9,6.1,64,MEDIUM
19,4,0,Arterial,Clear,24.4,0.0,832,58.4,36.3,5.1,52,MEDIUM
11,5,1,Highway,Clear,38.3,0.0,373,94.9,92.6,0.2,20,LOW
6,5,1,Arterial,Fog,17.1,0.33,338,60.6,40.8,5.9,53,MEDIUM
1,1,0,Highway,Rain,40.7,1.15,738,81.1,62.8,0.1,36,LOW
2,3,0,Arterial,Clear,28.1,0.0,315,56.0,55.1,0.8,35,LOW
16,1,0,Highway,Rain,18.7,5.59,957,86.4,57.8,4.1,60,MEDIUM
4,0,0,Highway,Clear,33.8,0.0,654,90.1,78.9,0.7,20,LOW
16,6,1,Highway,Rain,31.0,1.95,1868,87.9,11.5,21.7,75,HIGH
23,2,0,Highway,Clear,37.7,0.0,289,87.4,83.5,0.9,34,LOW
16,2,0,Highway,Clear,17.2,0.0,1059,92.9,67.9,8.2,46,MEDIUM
16,6,1,Urban,Clear,20.3,0.0,641,42.4,20.1,19.0,96,HIGH
1,3,0,Urban,Clear,33.4,0.0,115,38.1,38.1,0.0,12,LOW
1,5,1,Arterial,Clear,45.8,0.0,313,56.6,52.6,1.0,31,LOW
21,3,0,Urban,Clear,32.0,0.0,243,43.8,42.5,2.1,37,LOW
22,5,1,Highway,Clear,33.1,0.0,637,103.6,92.2,1.5,22,LOW
4,5,1,Urban,Rain,22.7,0.45,238,37.2,29.4,1.1,37,LOW
0,2,0,Highway,Clear,26.7,0.0,467,94.5,90.3,0.7,25,LOW
0,3,0,Highway,Clear,23.7,0.0,311,89.3,84.9,2.2,20,LOW
18,1,0,Arterial,Clear,31.5,0.0,1638,62.7,8.9,19.2,76,HIGH
1,5,1,Highway,Clear,34.5,0.0,662,85.2,75.6,1.6,24,LOW
20,4,0,Arterial,Clear,29.3,0.0,1523,55.0,8.3,30.0,92,HIGH
11,4,0,Arterial,Clear,33.6,0.0,812,55.5,32.6,9.5,53,MEDIUM
5,1,0,Urban,Clear,27.8,0.0,135,38.3,38.1,1.8,27,LOW
22,4,0,Arterial,Clear,37.3,0.0,319,59.1,54.9,1.2,36,LOW
3,0,0,Highway,Clear,22.0,0.0,524,94.7,86.3,0.0,37,LOW
22,5,1,Arterial,Clear,37.9,0.0,443,56.7,49.3,0.8,10,LOW
10,1,0,Highway,Rain,23.0,17.58,2005,86.8,12.0,28.0,92,HIGH
23,3,0,Arterial,Clear,28.1,0.0,315,68.3,63.9,1.1,19,LOW
16,5,1,Highway,Storm,19.6,7.55,1013,90.3,44.7,23.6,94,HIGH
5,1,0,Arterial,Clear,31.5,0.0,378,61.1,55.8,0.0,27,LOW
23,2,0,Arterial,Fog,28.9,0.27,340,63.0,44.2,7.8,63,MEDIUM
4,3,0,Arterial,Clear,33.2,0.0,224,57.9,54.9,1.4,9,LOW
19,2,0,Urban,Clear,15.9,0.0,1039,39.9,8.0,15.1,71,HIGH
1,5,1,Urban,Fog,28.9,0.4,367,39.0,23.6,5.2,56,MEDIUM
5,3,0,Arterial,Clear,30.8,0.0,180,59.7,57.0,1.4,36,LOW
21,4,0,Arterial,Clear,21.1,0.0,289,63.4,61.9,1.5,23,LOW
10,1,0,Highway,Clear,31.7,0.0,2314,93.4,13.6,30.4,74,HIGH
15,5,1,Arterial,Fog,11.9,0.48,878,50.9,26.1,4.8,51,MEDIUM
15,0,0,Highway,Clear,27.1,0.0,1341,95.0,50.6,5.0,47,MEDIUM
0,3,0,Highway,Clear,37.9,0.0,461,88.3,83.1,2.4,37,LOW
8,3,0,Urban,Rain,27.0,7.22,779,41.2,11.5,15.4,74,HIGH
5,6,1,Arterial,Clear,23.0,0.0,424,58.4,53.0,1.3,27,LOW
15,5,1,Arterial,Rain,27.5,2.61,845,59.8,30.4,5.3,46,MEDIUM
2,5,1,Highway,Clear,28.7,0.0,318,96.6,92.4,0.1,20,LOW
19,2,0,Arterial,Rain,34.3,2.76,908,61.3,30.0,30.6,97,HIGH
3,6,1,Highway,Clear,28.9,0.0,947,96.3,74.8,0.4,13,LOW
18,4,0,Highway,Clear,33.3,0.0,1913,89.7,14.6,34.7,78,HIGH
2,2,0,Highway,Clear,28.6,0.0,355,89.2,84.8,1.6,30,LOW
18,6,1,Arterial,Clear,22.8,0.0,756,60.0,43.4,6.4,58,MEDIUM
19,2,0,Arterial,Clear,18.2,0.0,1145,54.9,18.3,12.4,79,HIGH
6,4,0,Highway,Clear,30.6,0.0,598,76.5,69.8,0.0,18,LOW
19,6,1,Arterial,Clear,10.7,0.0,946,56.9,30.9,7.6,65,MEDIUM
8,6,1,Highway,Clear,15.6,0.0,657,95.1,85.4,1.9,34,LOW
0,0,0,Arterial,Clear,18.2,0.0,372,65.7,60.5,1.9,31,LOW
7,2,0,Urban,Clear,33.0,0.0,291,34.0,31.1,0.7,31,LOW
6,2,0,Arterial,Clear,17.6,0.0,341,65.1,59.6,1.0,22,LOW
17,3,0,Urban,Clear,31.3,0.0,925,38.2,8.0,33.1,83,HIGH
7,4,0,Urban,Clear,20.8,0.0,255,35.7,31.3,1.2,9,LOW
0,1,0,Arterial,Clear,27.0,0.0,298,64.2,58.4,2.1,21,LOW
10,0,0,Arterial,Fog,27.6,0.14,1322,58.0,9.2,13.9,82,HIGH
17,6,1,Urban,Clear,26.9,0.0,637,47.8,24.8,5.3,47,MEDIUM
22,6,1,Arterial,Clear,23.5,0.0,413,57.3,52.0,0.2,26,LOW
9,6,1,Highway,Clear,17.0,0.0,557,88.6,79.0,1.6,31,LOW
2,0,0,Urban,Rain,28.2,2.17,209,37.1,33.8,1.3,37,LOW
6,6,1,Arterial,Clear,31.9,0.0,470,60.6,53.8,1.8,9,LOW
15,6,1,Highway,Rain,32.8,10.27,1640,94.0,30.6,28.8,96,HIGH
15,4,0,Arterial,Clear,28.6,0.0,589,53.1,43.4,1.1,19,LOW
19,5,1,Urban,Rain,29.8,4.54,456,42.0,23.4,7.2,47,MEDIUM
16,5,1,Arterial,Clear,22.6,0.0,870,58.4,35.2,6.2,48,MEDIUM
1,3,0,Arterial,Clear,31.1,0.0,361,56.6,55.2,1.6,35,LOW
0,3,0,Urban,Clear,30.9,0.0,124,35.8,35.5,1.5,13,LOW
15,6,1,Arterial,Storm,25.9,2.12,725,63.9,29.2,30.2,91,HIGH
11,4,0,Arterial,Rain,28.3,0.43,720,61.1,37.6,9.8,49,MEDIUM
4,6,1,Arterial,Clear,27.8,0.0,357,57.7,52.4,1.0,20,LOW
4,3,0,Arterial,Clear,31.2,0.0,310,63.1,58.0,0.8,33,LOW
22,0,0,Arterial,Clear,17.2,0.0,225,62.1,58.9,1.2,11,LOW
8,0,0,Arterial,Clear,17.1,0.0,1181,63.5,16.8,25.4,70,HIGH
8,1,0,Arterial,Clear,17.4,0.0,956,66.6,30.5,17.3,84,HIGH
2,5,1,Urban,Clear,24.9,0.0,140,40.7,38.8,1.7,10,LOW
18,4,0,Highway,Fog,31.2,0.46,2058,99.7,10.2,23.0,70,HIGH
15,2,0,Highway,Clear,12.3,0.0,988,97.1,73.4,0.4,24,LOW
15,5,1,Arterial,Clear,28.7,0.0,922,63.1,29.8,17.2,77,HIGH
2,2,0,Urban,Clear,36.4,0.0,115,34.9,32.5,0.6,28,LOW
19,1,0,Highway,Fog,29.9,0.42,1938,90.5,11.4,28.0,88,HIGH
23,1,0,Highway,Rain,13.9,2.33,671,91.2,67.4,6.3,57,MEDIUM
21,6,1,Highway,Clear,31.6,0.0,646,91.1,78.9,1.5,26,LOW
23,3,0,Arterial,Storm,29.7,11.6,414,59.6,33.5,8.6,51,MEDIUM
0,1,0,Highway,Rain,25.6,1.2,913,93.2,63.5,7.9,56,MEDIUM
23,1,0,Arterial,Clear,29.3,0.0,427,63.1,56.0,0.0,21,LOW
19,2,0,Arterial,Clear,18.2,0.0,1666,53.3,8.1,27.0,79,HIGH
10,3,0,Urban,Storm,28.4,17.74,1048,44.1,8.0,19.1,71,HIGH
16,1,0,Arterial,Clear,31.4,0.0,777,54.1,36.6,8.8,54,MEDIUM
7,5,1,Highway,Clear,23.1,0.0,262,88.0,86.8,1.8,21,LOW
3,1,0,Arterial,Clear,24.7,0.0,460,56.4,48.6,0.9,27,LOW
5,3,0,Urban,Clear,24.0,0.0,205,37.8,35.6,0.4,31,LOW
7,6,1,Arterial,Storm,24.7,11.25,225,64.3,38.5,10.0,51,MEDIUM
19,4,0,Urban,Clear,22.2,0.0,835,40.4,8.0,31.3,97,HIGH
2,3,0,Urban,Clear,22.6,0.0,210,42.0,38.9,2.6,18,LOW
15,2,0,Highway,Rain,31.6,4.15,1393,93.2,45.8,16.1,93,HIGH
2,4,0,Arterial,Clear,15.8,0.0,257,52.3,48.7,1.0,21,LOW
17,5,1,Highway,Clear,29.3,0.0,1358,87.2,50.3,7.2,49,MEDIUM
13,0,0,Arterial,Fog,31.6,0.19,579,63.0,41.8,4.6,56,MEDIUM
17,3,0,Highway,Clear,18.5,0.0,2202,93.3,16.1,26.8,70,HIGH
1,6,1,Highway,Clear,27.5,0.0,323,81.2,77.6,0.7,25,LOW
21,2,0,Urban,Clear,21.6,0.0,279,43.1,37.6,2.5,24,LOW
2,5,1,Highway,Clear,36.0,0.0,314,93.1,91.6,0.5,23,LOW
15,4,0,Urban,Fog,26.6,0.22,633,37.1,13.5,21.7,79,HIGH
8,5,1,Highway,Clear,38.3,0.0,821,92.0,71.3,1.1,24,LOW
3,3,0,Highway,Clear,37.3,0.0,644,88.9,77.6,1.2,36,LOW
0,1,0,Urban,Clear,30.2,0.0,340,41.5,33.4,0.7,30,LOW
3,6,1,Arterial,Clear,43.0,0.0,453,52.8,47.2,1.4,25,LOW
0,3,0,Arterial,Rain,17.0,0.81,370,58.6,47.4,0.3,20,LOW
13,0,0,Highway,Rain,38.1,10.35,1228,95.9,50.9,5.6,64,MEDIUM
20,3,0,Arterial,Fog,26.1,0.47,1421,62.2,8.0,30.3,92,HIGH
15,4,0,Arterial,Clear,27.1,0.0,856,63.2,36.6,5.1,57,MEDIUM
19,4,0,Arterial,Rain,24.8,5.96,1283,59.1,9.0,31.5,84,HIGH
23,3,0,Arterial,Clear,17.8,0.0,356,62.3,60.8,1.5,32,LOW
7,4,0,Urban,Rain,32.0,9.6,232,39.5,33.0,1.6,16,LOW
6,1,0,Arterial,Rain,19.3,3.83,190,56.3,47.2,2.0,10,LOW
2,5,1,Urban,Clear,23.9,0.0,242,39.2,32.5,1.6,22,LOW
16,3,0,Arterial,Clear,24.2,0.0,731,65.8,48.0,6.3,42,MEDIUM
0,6,1,Arterial,Clear,35.0,0.0,321,64.5,58.1,1.0,11,LOW
15,1,0,Highway,Clear,27.5,0.0,1155,85.0,53.5,8.1,40,MEDIUM
11,5,1,Arterial,Storm,10.9,4.67,539,58.3,32.3,7.0,58,MEDIUM
18,6,1,Urban,Clear,21.7,0.0,479,37.2,23.8,9.5,41,MEDIUM
21,6,1,Highway,Clear,17.1,0.0,768,90.9,74.3,1.7,22,LOW
22,6,1,Highway,Clear,31.5,0.0,402,95.0,92.4,2.3,23,LOW
21,5,1,Highway,Rain,19.7,5.0,590,100.2,78.1,0.0,11,LOW
13,1,0,Highway,Clear,23.8,0.0,1061,82.9,60.7,6.7,53,MEDIUM
5,6,1,Urban,Clear,40.3,0.0,305,42.6,36.0,0.8,14,LOW
5,6,1,Urban,Clear,32.5,0.0,286,40.0,35.8,0.0,28,LOW
12,2,0,Arterial,Clear,19.8,0.0,951,58.5,32.7,7.6,55,MEDIUM
18,3,0,Highway,Clear,33.8,0.0,1956,85.3,13.6,19.6,70,HIGH
21,5,1,Arterial,Rain,23.0,1.38,234,67.1,53.6,0.3,29,LOW
7,5,1,Arterial,Clear,33.8,0.0,220,53.5,53.5,1.9,32,LOW
1,4,0,Urban,Clear,25.1,0.0,116,38.5,35.7,1.6,19,LOW
20,5,1,Arterial,Clear,21.3,0.0,358,61.5,56.0,0.0,11,LOW
0,1,0,Highway,Clear,20.6,0.0,411,92.3,86.4,1.2,37,LOW
14,5,1,Arterial,Clear,30.0,0.0,996,65.0,30.3,12.9,91,HIGH
0,2,0,Urban,Clear,34.4,0.0,203,37.4,34.3,0.0,18,LOW
4,3,0,Arterial,Clear,30.6,0.0,338,62.5,56.5,0.9,26,LOW
15,3,0,Arterial,Clear,25.0,0.0,674,59.7,40.9,6.5,65,MEDIUM
18,5,1,Highway,Clear,15.4,0.0,1413,90.2,45.2,5.9,59,MEDIUM
3,6,1,Arterial,Rain,23.5,2.03,394,58.2,44.2,0.0,33,LOW
2,0,0,Urban,Clear,19.2,0.0,286,40.5,34.0,2.3,11,LOW
16,0,0,Highway,Rain,37.6,1.12,1393,89.3,39.4,34.3,70,HIGH
16,6,1,Arterial,Rain,25.2,1.93,669,58.6,37.6,6.0,57,MEDIUM
11,6,1,Highway,Clear,30.1,0.0,453,87.4,81.0,1.0,18,LOW
13,6,1,Highway,Rain,25.6,3.98,1429,91.9,39.5,34.2,84,HIGH
20,1,0,Highway,Clear,31.0,0.0,1911,83.3,15.6,25.6,81,HIGH
5,0,0,Highway,Clear,33.0,0.0,532,89.0,83.5,0.3,29,LOW
2,6,1,Arterial,Clear,44.3,0.0,416,56.9,53.7,2.2,29,LOW
8,1,0,Highway,Clear,24.8,0.0,2700,89.4,15.6,27.0,85,HIGH
4,4,0,Highway,Clear,35.3,0.0,390,89.4,83.3,0.8,26,LOW
23,1,0,Urban,Clear,29.9,0.0,157,42.6,41.0,0.0,15,LOW
16,0,0,Arterial,Clear,24.0,0.0,754,62.6,38.0,9.4,60,MEDIUM
13,5,1,Arterial,Clear,24.5,0.0,842,61.2,36.8,7.4,46,MEDIUM
20,4,0,Arterial,Clear,31.3,0.0,1272,60.7,11.7,19.6,72,HIGH
2,0,0,Arterial,Clear,25.9,0.0,263,59.2,55.4,0.6,10,LOW
0,1,0,Highway,Clear,28.7,0.0,544,89.0,80.7,1.7,13,LOW
19,2,0,Urban,Clear,32.7,0.0,758,34.8,8.0,27.3,96,HIGH
20,3,0,Highway,Clear,45.5,0.0,2153,93.7,15.3,30.1,79,HIGH
22,0,0,Arterial,Clear,28.2,0.0,456,61.1,56.4,0.1,19,LOW
0,6,1,Highway,Fog,20.1,0.06,832,96.0,64.6,5.7,67,MEDIUM
2,1,0,Arterial,Rain,30.8,0.39,135,57.8,51.2,2.2,21,LOW
17,6,1,Arterial,Clear,24.6,0.0,1045,65.0,27.8,33.0,94,HIGH
9,6,1,Arterial,Rain,41.3,4.03,266,59.2,47.2,1.9,33,LOW
21,6,1,Highway,Clear,24.5,0.0,691,87.1,75.7,1.3,14,LOW
2,6,1,Arterial,Clear,28.1,0.0,416,66.2,59.7,1.9,28,LOW
7,6,1,Urban,Fog,32.4,0.39,191,41.1,32.4,0.0,33,LOW
13,4,0,Urban,Clear,31.4,0.0,348,45.0,36.0,1.9,17,LOW
23,0,0,Highway,Fog,37.7,0.28,605,90.9,63.0,9.8,55,MEDIUM
17,0,0,Arterial,Clear,32.7,0.0,974,63.2,27.6,16.9,90,HIGH
14,3,0,Urban,Clear,44.4,0.0,556,43.1,28.4,8.1,43,MEDIUM
21,1,0,Arterial,Clear,31.1,0.0,308,58.9,52.8,1.1,32,LOW
22,2,0,Arterial,Clear,37.1,0.0,311,61.4,55.6,0.1,27,LOW
1,4,0,Urban,Clear,24.7,0.0,147,40.5,39.5,0.0,15,LOW
9,1,0,Urban,Clear,41.8,0.0,928,42.5,8.0,21.3,86,HIGH
1,4,0,Arterial,Rain,25.6,0.7,175,55.7,47.6,1.3,21,LOW
16,0,0,Arterial,Clear,38.4,0.0,637,62.4,48.9,0.0,8,LOW
7,6,1,Highway,Clear,34.2,0.0,795,94.6,76.7,1.5,24,LOW
0,3,0,Arterial,Clear,28.5,0.0,229,57.3,54.1,0.2,20,LOW
8,3,0,Highway,Rain,38.5,1.97,2276,85.6,8.6,15.9,90,HIGH
10,5,1,Highway,Clear,27.9,0.0,771,81.7,69.5,2.5,36,LOW
21,2,0,Arterial,Clear,37.6,0.0,244,68.3,67.0,1.3,20,LOW
15,3,0,Highway,Storm,30.6,16.2,980,86.3,41.8,18.1,93,HIGH
6,6,1,Arterial,Clear,25.4,0.0,258,65.7,63.6,3.3,18,LOW
9,0,0,Arterial,Clear,30.2,0.0,1457,59.2,8.0,15.0,75,HIGH
22,2,0,Arterial,Rain,28.2,4.05,538,64.4,46.2,4.3,42,MEDIUM
2,1,0,Arterial,Rain,24.9,0.41,307,62.3,50.1,0.8,16,LOW
17,6,1,Urban,Clear,29.6,0.0,750,46.3,13.8,21.4,71,HIGH
23,6,1,Highway,Clear,30.8,0.0,636,97.2,87.6,0.8,34,LOW
12,3,0,Urban,Rain,10.8,12.17,445,40.6,25.9,8.6,40,MEDIUM
6,2,0,Urban,Clear,31.5,0.0,328,40.9,36.4,0.3,33,LOW
3,0,0,Arterial,Fog,33.2,0.11,242,62.7,47.1,1.1,23,LOW
12,5,1,Arterial,Clear,38.2,0.0,1063,70.7,27.5,26.4,70,HIGH
19,4,0,Urban,Clear,19.3,0.0,789,40.2,9.3,19.3,89,HIGH
0,4,0,Highway,Clear,20.9,0.0,310,83.5,82.4,0.8,14,LOW
7,0,0,Arterial,Rain,29.5,0.87,230,61.0,48.9,1.8,12,LOW
13,0,0,Arterial,Fog,23.0,0.23,1044,57.4,13.6,23.1,93,HIGH
15,4,0,Highway,Clear,19.7,0.0,1544,91.1,41.2,31.9,71,HIGH
13,5,1,Urban,Fog,25.1,0.16,775,43.5,8.0,12.3,77,HIGH
11,2,0,Urban,Clear,25.5,0.0,520,41.5,26.7,9.2,53,MEDIUM
18,4,0,Urban,Clear,20.9,0.0,1055,38.2,8.0,30.9,85,HIGH
22,0,0,Highway,Rain,20.8,14.47,557,89.0,68.8,0.7,35,LOW
14,3,0,Highway,Rain,27.2,0.28,1089,84.7,50.2,7.2,54,MEDIUM
1,1,0,Arterial,Rain,17.9,1.28,201,65.1,54.1,0.7,18,LOW
1,5,1,Highway,Rain,17.7,1.69,719,94.1,69.1,4.2,53,MEDIUM
22,6,1,Arterial,Clear,28.5,0.0,220,55.6,55.5,0.9,34,LOW
21,5,1,Arterial,Clear,38.5,0.0,402,70.1,65.7,1.9,9,LOW
18,3,0,Arterial,Fog,33.1,0.25,1065,59.1,19.1,26.4,86,HIGH
21,3,0,Arterial,Clear,36.6,0.0,243,61.2,59.3,1.4,16,LOW
21,6,1,Arterial,Clear,15.4,0.0,444,58.6,50.0,0.0,35,LOW
16,0,0,Highway,Clear,18.1,0.0,1288,92.1,54.6,6.3,53,MEDIUM
19,4,0,Highway,Clear,28.1,0.0,2351,90.5,15.0,34.2,86,HIGH
9,2,0,Arterial,Rain,33.9,0.06,1055,54.4,18.3,25.4,78,HIGH
5,5,1,Arterial,Clear,32.5,0.0,399,64.7,55.1,0.7,18,LOW
14,6,1,Urban,Rain,18.6,0.3,507,37.5,24.8,5.8,66,MEDIUM
21,5,1,Urban,Clear,35.9,0.0,191,42.8,42.5,2.6,29,LOW
10,3,0,Urban,Clear,27.4,0.0,890,39.3,8.0,20.6,86,HIGH
4,4,0,Highway,Clear,33.4,0.0,477,90.3,85.2,0.0,12,LOW
0,5,1,Highway,Clear,23.8,0.0,330,92.4,90.9,2.1,22,LOW
7,2,0,Highway,Clear,17.2,0.0,427,90.7,85.1,1.4,16,LOW
20,3,0,Arterial,Clear,33.9,0.0,1771,63.0,10.8,13.8,78,HIGH
11,2,0,Arterial,Clear,31.3,0.0,1064,57.2,25.9,34.7,81,HIGH
11,4,0,Urban,Clear,19.3,0.0,506,43.1,30.6,9.2,51,MEDIUM
4,5,1,Arterial,Clear,23.3,0.0,181,55.9,53.6,1.2,12,LOW
6,1,0,Urban,Clear,32.8,0.0,230,37.3,32.9,1.9,32,LOW
3,5,1,Urban,Clear,29.4,0.0,278,41.7,34.9,1.1,17,LOW
5,4,0,Highway,Clear,31.5,0.0,291,95.2,89.6,1.3,12,LOW
12,5,1,Arterial,Rain,24.3,1.04,785,61.1,31.0,4.5,47,MEDIUM
19,6,1,Arterial,Clear,38.0,0.0,928,66.0,34.8,6.9,47,MEDIUM
14,5,1,Highway,Rain,27.2,2.83,1238,85.8,45.7,9.0,53,MEDIUM
2,0,0,Arterial,Rain,11.4,5.11,295,55.3,47.5,0.9,30,LOW
22,5,1,Arterial,Clear,28.7,0.0,190,63.4,57.9,0.0,23,LOW
7,5,1,Highway,Rain,32.2,4.06,638,90.6,69.5,0.7,12,LOW
19,2,0,Arterial,Clear,30.1,0.0,1628,63.2,8.3,14.9,79,HIGH
15,1,0,Arterial,Fog,25.0,0.28,741,55.9,31.8,6.2,63,MEDIUM
12,2,0,Highway,Fog,14.3,0.2,988,87.8,52.3,4.3,46,MEDIUM
17,2,0,Arterial,Clear,23.5,0.0,996,67.0,27.7,23.0,81,HIGH
9,3,0,Highway,Clear,24.1,0.0,2153,89.0,10.9,28.9,79,HIGH
18,0,0,Arterial,Clear,23.4,0.0,1731,65.7,11.0,21.9,79,HIGH
16,2,0,Highway,Clear,32.3,0.0,1041,93.9,63.4,5.7,47,MEDIUM
23,6,1,Urban,Clear,25.7,0.0,326,39.1,32.8,1.6,8,LOW
18,4,0,Arterial,Clear,37.7,0.0,1589,65.6,8.0,29.4,94,HIGH
22,6,1,Highway,Clear,26.4,0.0,438,91.6,86.8,1.2,28,LOW
4,4,0,Arterial,Clear,36.5,0.0,190,60.1,59.0,1.1,35,LOW
20,5,1,Arterial,Fog,29.5,0.44,180,59.7,46.8,1.1,35,LOW
22,3,0,Arterial,Rain,29.8,2.16,165,61.8,51.7,1.4,22,LOW
8,0,0,Arterial,Clear,23.2,0.0,1332,55.5,11.4,14.4,75,HIGH
11,6,1,Arterial,Clear,18.5,0.0,229,63.6,60.5,0.3,36,LOW
20,0,0,Highway,Clear,27.5,0.0,1758,92.2,28.6,15.9,87,HIGH
0,6,1,Highway,Clear,39.8,0.0,371,87.1,81.4,0.9,30,LOW
0,5,1,Arterial,Rain,24.8,1.24,377,54.9,40.4,9.1,49,MEDIUM
14,4,0,Arterial,Clear,23.7,0.0,723,59.0,40.4,7.4,49,MEDIUM
1,1,0,Arterial,Clear,26.8,0.0,229,61.0,58.6,0.8,33,LOW
21,3,0,Urban,Fog,40.4,0.31,253,40.5,27.1,6.7,44,MEDIUM
15,6,1,Arterial,Fog,33.5,0.35,809,60.6,29.7,22.1,86,HIGH
7,6,1,Urban,Clear,36.5,0.0,153,42.0,40.7,1.7,19,LOW
12,5,1,Highway,Clear,14.1,0.0,1615,84.2,30.6,24.3,74,HIGH
20,3,0,Highway,Clear,22.2,0.0,1967,89.7,10.8,25.6,72,HIGH
0,4,0,Urban,Clear,22.5,0.0,216,40.9,39.7,0.2,17,LOW
15,4,0,Arterial,Fog,36.0,0.2,759,61.8,32.2,9.1,63,MEDIUM
6,6,1,Urban,Clear,32.6,0.0,233,42.7,40.0,1.9,21,LOW
4,1,0,Highway,Clear,35.4,0.0,592,89.0,80.0,1.5,17,LOW
21,1,0,Arterial,Fog,14.9,0.01,497,60.2,41.2,8.1,65,MEDIUM
22,0,0,Urban,Rain,35.8,0.35,181,37.8,28.8,1.4,19,LOW
2,3,0,Highway,Storm,32.6,20.68,760,91.9,53.7,5.3,63,MEDIUM
11,3,0,Urban,Clear,21.5,0.0,556,37.4,26.1,8.9,59,MEDIUM
15,4,0,Arterial,Clear,26.6,0.0,759,62.3,43.1,5.7,50,MEDIUM
18,0,0,Arterial,Clear,21.7,0.0,1192,64.7,17.6,20.6,90,HIGH
4,5,1,Arterial,Clear,27.3,0.0,346,61.9,56.5,1.9,13,LOW
21,3,0,Urban,Clear,31.1,0.0,233,43.8,39.0,1.0,8,LOW
13,0,0,Highway,Clear,37.8,0.0,1059,87.7,63.3,4.2,54,MEDIUM
4,0,0,Highway,Clear,21.4,0.0,449,84.0,80.2,0.0,23,LOW
14,6,1,Urban,Fog,24.7,0.03,650,39.5,18.5,25.7,95,HIGH
16,4,0,Urban,Clear,20.3,0.0,510,38.2,26.5,8.7,46,MEDIUM
13,0,0,Highway,Rain,33.4,3.14,1310,87.5,44.0,8.8,57,MEDIUM
19,1,0,Arterial,Clear,17.0,0.0,1628,51.1,8.0,23.0,96,HIGH
4,1,0,Arterial,Rain,29.2,0.71,333,60.7,50.1,0.4,13,LOW
11,2,0,Arterial,Clear,19.4,0.0,545,60.1,49.8,0.0,36,LOW
15,4,0,Highway,Rain,28.3,0.91,1324,94.2,48.8,4.8,55,MEDIUM
15,6,1,Arterial,Clear,36.1,0.0,950,62.2,28.5,16.0,74,HIGH
20,5,1,Highway,Clear,24.4,0.0,637,89.1,78.5,0.5,37,LOW
6,2,0,Urban,Rain,29.5,1.12,246,42.7,34.2,0.1,28,LOW
3,1,0,Urban,Clear,21.7,0.0,93,42.7,41.6,1.3,35,LOW
0,6,1,Arterial,Clear,27.2,0.0,551,58.1,51.3,0.0,33,LOW
4,2,0,Highway,Rain,17.1,0.14,692,91.0,70.8,1.4,37,LOW
22,4,0,Highway,Fog,33.0,0.09,471,97.6,72.2,8.4,64,MEDIUM
9,6,1,Arterial,Clear,25.1,0.0,287,61.3,59.4,1.9,35,LOW
21,4,0,Arterial,Clear,26.5,0.0,256,56.7,52.0,2.3,18,LOW
4,0,0,Arterial,Clear,28.5,0.0,199,55.5,54.1,1.4,34,LOW
3,3,0,Arterial,Clear,14.2,0.0,323,54.1,50.6,1.9,13,LOW
1,0,0,Arterial,Storm,23.2,12.51,212,51.8,29.7,4.7,65,MEDIUM
19,4,0,Highway,Clear,28.9,0.0,1786,87.6,19.7,22.2,77,HIGH
9,6,1,Highway,Clear,26.9,0.0,361,89.1,85.5,1.8,29,LOW
18,1,0,Highway,Storm,43.2,8.91,1505,85.1,25.3,29.8,92,HIGH
0,5,1,Highway,Clear,36.8,0.0,355,86.6,81.1,1.3,24,LOW
23,1,0,Arterial,Clear,29.0,0.0,278,56.2,48.7,1.1,33,LOW
4,6,1,Urban,Clear,20.8,0.0,112,35.3,33.7,1.6,33,LOW
12,0,0,Urban,Clear,24.5,0.0,520,39.5,26.3,8.8,55,MEDIUM
3,5,1,Highway,Clear,32.6,0.0,641,93.3,85.2,1.0,33,LOW
15,6,1,Highway,Clear,28.5,0.0,1521,87.5,38.2,34.8,70,HIGH
23,4,0,Highway,Clear,36.9,0.0,473,95.7,86.3,0.8,23,LOW
15,1,0,Highway,Clear,28.5,0.0,800,90.8,73.1,1.1,27,LOW
22,4,0,Arterial,Clear,28.8,0.0,197,63.6,62.0,2.0,20,LOW
1,5,1,Arterial,Clear,39.4,0.0,375,60.1,56.4,1.6,26,LOW
16,5,1,Highway,Clear,20.3,0.0,1237,93.4,59.6,7.4,49,MEDIUM
19,1,0,Highway,Clear,40.1,0.0,1978,82.9,11.9,34.2,82,HIGH
23,4,0,Highway,Clear,33.4,0.0,404,94.2,88.9,0.4,33,LOW
11,2,0,Highway,Clear,48.0,0.0,978,90.0,68.3,0.9,16,LOW
17,4,0,Arterial,Clear,23.1,0.0,1800,64.4,8.0,18.9,71,HIGH
2,5,1,Highway,Clear,39.4,0.0,305,88.7,88.7,1.8,29,LOW
0,4,0,Arterial,Rain,28.9,5.59,472,67.0,50.3,2.0,17,LOW
0,6,1,Arterial,Clear,26.7,0.0,277,62.1,59.5,0.8,24,LOW
18,0,0,Urban,Rain,30.1,0.22,974,37.3,8.0,20.5,78,HIGH
10,2,0,Urban,Rain,28.9,7.69,785,43.4,8.5,17.4,74,HIGH
4,3,0,Arterial,Clear,22.5,0.0,288,55.8,54.8,0.5,23,LOW
11,6,1,Highway,Clear,27.1,0.0,437,84.4,81.9,1.5,37,LOW
2,0,0,Arterial,Storm,30.1,58.26,436,65.2,36.7,4.6,65,MEDIUM
0,3,0,Urban,Clear,25.0,0.0,284,41.0,38.2,0.2,16,LOW
0,1,0,Highway,Rain,31.8,0.06,288,90.4,78.4,2.7,11,LOW
7,3,0,Arterial,Clear,25.9,0.0,216,58.0,56.4,0.2,36,LOW
9,6,1,Urban,Clear,31.2,0.0,234,42.5,37.0,1.5,26,LOW
10,4,0,Arterial,Clear,30.4,0.0,1214,58.9,13.1,25.4,89,HIGH
11,6,1,Highway,Clear,31.2,0.0,259,91.0,89.8,2.0,34,LOW
12,3,0,Highway,Clear,18.6,0.0,805,84.4,69.0,1.7,29,LOW
11,5,1,Arterial,Clear,35.7,0.0,317,59.8,52.8,2.0,33,LOW
13,0,0,Highway,Fog,21.9,0.48,911,90.9,54.4,8.8,42,MEDIUM
1,0,0,Arterial,Rain,26.7,0.94,199,62.1,51.2,0.1,26,LOW
18,3,0,Arterial,Clear,23.5,0.0,1224,61.4,14.5,17.1,80,HIGH
17,0,0,Highway,Rain,28.5,4.13,1713,88.3,21.5,18.3,75,HIGH
2,5,1,Urban,Rain,27.2,1.21,219,40.9,31.1,1.3,29,LOW
22,6,1,Arterial,Fog,32.6,0.26,364,63.9,45.2,8.0,55,MEDIUM
16,0,0,Highway,Clear,28.3,0.0,1096,82.6,58.3,5.8,49,MEDIUM
7,3,0,Urban,Rain,25.3,2.5,111,39.5,35.8,1.1,36,LOW
9,2,0,Urban,Clear,15.4,0.0,803,40.6,10.5,24.3,93,HIGH
1,2,0,Arterial,Clear,34.2,0.0,380,56.3,51.0,1.0,16,LOW
18,1,0,Urban,Storm,31.6,6.48,840,42.8,8.0,21.1,97,HIGH
8,0,0,Arterial,Clear,34.5,0.0,1354,62.4,11.6,21.9,79,HIGH
6,6,1,Urban,Clear,26.7,0.0,200,43.0,42.0,1.0,37,LOW
3,3,0,Arterial,Fog,30.5,0.36,338,68.6,51.2,7.7,66,MEDIUM
20,0,0,Arterial,Clear,23.4,0.0,1253,61.3,8.0,24.4,93,HIGH
17,4,0,Urban,Fog,22.8,0.3,862,39.2,8.0,31.8,78,HIGH
12,5,1,Arterial,Rain,26.0,2.48,816,63.8,34.2,9.3,48,MEDIUM
10,0,0,Highway,Clear,34.5,0.0,2041,87.1,12.3,29.1,89,HIGH
23,0,0,Arterial,Clear,26.1,0.0,345,61.9,59.4,0.6,28,LOW
3,2,0,Arterial,Rain,27.6,14.23,485,64.1,47.1,4.0,42,MEDIUM
20,5,1,Highway,Clear,29.7,0.0,397,94.2,91.6,1.1,21,LOW
3,3,0,Urban,Fog,28.2,0.47,129,44.2,33.6,0.1,18,LOW
9,0,0,Highway,Rain,35.1,10.89,1705,88.6,25.8,24.9,95,HIGH
4,2,0,Highway,Clear,22.8,0.0,258,93.5,93.5,0.7,29,LOW
8,1,0,Urban,Clear,28.7,0.0,1032,40.3,8.0,18.6,72,HIGH
23,5,1,Arterial,Fog,31.3,0.44,222,61.0,44.4,6.6,53,MEDIUM
2,2,0,Highway,Clear,16.5,0.0,397,91.3,87.5,1.8,8,LOW
16,2,0,Arterial,Clear,29.9,0.0,708,62.2,43.8,8.3,42,MEDIUM
2,6,1,Arterial,Rain,37.4,1.03,220,59.9,49.5,1.7,18,LOW
15,2,0,Highway,Rain,25.5,1.51,924,82.9,52.0,8.8,66,MEDIUM
3,6,1,Urban,Clear,20.4,0.0,157,40.5,39.0,0.3,30,LOW
17,0,0,Arterial,Clear,31.3,0.0,1386,61.4,15.6,30.9,97,HIGH
16,0,0,Arterial,Clear,29.3,0.0,948,59.8,29.5,34.8,90,HIGH
6,1,0,Arterial,Rain,38.7,0.92,265,61.7,51.1,2.5,37,LOW
23,4,0,Arterial,Fog,31.1,0.49,195,59.5,41.7,8.3,43,MEDIUM
22,4,0,Highway,Fog,21.4,0.08,292,88.6,67.3,1.7,27,LOW
4,4,0,Highway,Clear,21.1,0.0,357,97.0,91.6,1.3,14,LOW
11,6,1,Arterial,Rain,34.0,1.6,512,69.0,52.5,2.1,23,LOW
16,5,1,Urban,Storm,30.5,4.22,505,42.6,19.5,16.5,84,HIGH
22,5,1,Highway,Clear,27.6,0.0,527,87.1,79.8,0.7,23,LOW
12,1,0,Arterial,Clear,29.2,0.0,727,60.9,44.2,9.1,55,MEDIUM
22,5,1,Urban,Rain,31.1,0.89,148,40.5,35.9,0.0,12,LOW
2,4,0,Highway,Clear,30.6,0.0,376,93.4,91.8,1.6,15,LOW
8,4,0,Highway,Clear,17.5,0.0,1473,90.9,42.8,33.5,70,HIGH
16,2,0,Highway,Clear,36.5,0.0,1168,93.1,58.8,8.4,46,MEDIUM
16,5,1,Arterial,Clear,37.0,0.0,985,67.2,33.2,24.6,78,HIGH
19,0,0,Highway,Clear,40.7,0.0,2071,80.8,11.2,34.9,97,HIGH
15,0,0,Arterial,Clear,39.1,0.0,670,58.0,45.7,0.7,36,LOW
21,2,0,Arterial,Storm,38.0,4.84,429,63.8,36.2,6.6,48,MEDIUM
12,2,0,Arterial,Rain,26.0,3.57,684,59.8,40.0,5.4,64,MEDIUM
18,2,0,Highway,Rain,30.1,0.28,1529,93.0,35.2,21.4,91,HIGH
16,0,0,Arterial,Clear,36.2,0.0,1133,59.2,25.5,25.6,76,HIGH
3,4,0,Urban,Rain,15.4,2.97,316,44.7,33.3,9.9,64,MEDIUM
11,2,0,Urban,Rain,26.5,5.99,420,43.5,27.9,4.8,62,MEDIUM
8,1,0,Urban,Clear,16.1,0.0,702,40.9,13.7,24.9,81,HIGH
18,6,1,Arterial,Clear,30.0,0.0,1224,66.7,13.4,14.7,88,HIGH
11,2,0,Arterial,Clear,36.9,0.0,966,61.2,29.4,27.9,90,HIGH
8,6,1,Highway,Rain,28.1,5.09,495,90.3,74.5,1.5,27,LOW
6,3,0,Highway,Clear,24.0,0.0,440,97.4,92.3,0.2,30,LOW
13,2,0,Highway,Rain,30.0,0.57,1274,83.0,47.2,5.9,54,MEDIUM
19,0,0,Arterial,Clear,30.9,0.0,1230,60.7,14.2,27.3,75,HIGH
18,5,1,Highway,Clear,31.4,0.0,1730,91.8,27.3,14.7,71,HIGH
14,2,0,Highway,Rain,19.5,8.62,1073,88.9,57.9,4.2,55,MEDIUM
15,5,1,Urban,Clear,29.7,0.0,616,37.8,16.8,29.3,84,HIGH
20,3,0,Highway,Clear,29.3,0.0,2258,89.6,18.1,30.2,97,HIGH
4,1,0,Highway,Storm,34.6,16.7,646,82.4,51.8,8.7,49,MEDIUM
2,5,1,Highway,Rain,27.5,0.02,395,97.8,84.6,0.7,17,LOW
11,6,1,Arterial,Clear,41.8,0.0,360,66.4,62.2,1.5,36,LOW
19,4,0,Arterial,Clear,28.6,0.0,1548,60.3,9.2,29.6,92,HIGH
20,2,0,Arterial,Clear,24.7,0.0,1443,58.8,8.8,26.8,75,HIGH
3,3,0,Arterial,Fog,21.0,0.37,336,54.1,43.3,1.6,21,LOW
20,3,0,Urban,Clear,24.4,0.0,960,38.0,8.0,31.2,85,HIGH
22,5,1,Urban,Clear,22.4,0.0,271,44.4,36.2,0.6,17,LOW
15,1,0,Urban,Clear,26.9,0.0,489,40.0,25.1,8.4,54,MEDIUM
6,0,0,Urban,Rain,39.8,4.68,224,38.5,30.4,0.0,36,LOW
12,2,0,Arterial,Rain,17.8,2.4,694,60.2,40.8,4.2,53,MEDIUM
20,3,0,Highway,Storm,18.3,2.47,2470,87.3,8.0,20.0,97,HIGH
9,1,0,Highway,Clear,26.4,0.0,1568,82.1,34.4,20.1,72,HIGH
6,4,0,Highway,Rain,18.5,3.04,436,88.5,72.9,1.6,24,LOW
13,3,0,Arterial,Clear,21.1,0.0,845,55.8,32.4,8.4,59,MEDIUM
4,1,0,Urban,Clear,30.4,0.0,244,41.3,41.0,1.3,24,LOW
2,0,0,Arterial,Rain,27.6,5.08,488,63.7,48.0,2.5,12,LOW
22,0,0,Highway,Clear,31.1,0.0,457,86.4,80.2,1.5,37,LOW
10,3,0,Arterial,Clear,32.1,0.0,1272,60.8,9.7,24.9,78,HIGH
10,6,1,Urban,Rain,37.4,1.11,264,40.0,32.3,1.0,8,LOW
17,3,0,Arterial,Clear,30.7,0.0,1063,57.1,22.7,27.5,84,HIGH
14,5,1,Urban,Clear,36.4,0.0,698,33.2,8.4,23.6,73,HIGH
11,2,0,Urban,Clear,28.7,0.0,453,36.9,28.4,1.8,37,LOW
8,1,0,Urban,Clear,30.7,0.0,884,37.7,8.0,26.9,71,HIGH
9,3,0,Urban,Fog,30.6,0.33,1113,40.4,8.0,20.9,91,HIGH
11,2,0,Arterial,Clear,30.0,0.0,752,61.0,43.2,8.8,56,MEDIUM
16,5,1,Highway,Rain,29.4,1.53,1737,96.2,26.0,19.1,74,HIGH
5,2,0,Highway,Clear,40.7,0.0,471,84.8,79.7,0.5,25,LOW
6,3,0,Arterial,Clear,32.9,0.0,474,56.7,46.0,1.2,8,LOW
13,0,0,Highway,Clear,24.9,0.0,984,86.8,64.2,4.2,47,MEDIUM
12,1,0,Urban,Rain,44.4,2.99,470,39.4,23.4,5.8,55,MEDIUM
7,1,0,Highway,Clear,25.4,0.0,773,91.1,74.6,2.1,14,LOW
9,0,0,Urban,Rain,28.0,1.7,710,41.3,17.5,33.2,76,HIGH
8,6,1,Arterial,Clear,22.2,0.0,364,52.5,48.2,1.7,33,LOW
17,3,0,Highway,Storm,33.0,5.62,2564,96.0,9.0,17.5,81,HIGH
1,1,0,Urban,Rain,39.8,6.78,306,41.4,30.9,7.6,40,MEDIUM
4,3,0,Arterial,Rain,17.6,4.91,338,63.5,53.3,0.3,19,LOW
4,5,1,Arterial,Rain,26.1,1.48,295,50.4,42.8,1.0,15,LOW
5,3,0,Highway,Clear,35.8,0.0,573,94.2,84.0,2.3,24,LOW
18,2,0,Arterial,Rain,20.6,2.0,941,56.0,24.7,27.4,85,HIGH
7,0,0,Highway,Clear,32.0,0.0,534,87.7,81.0,2.7,25,LOW
15,6,1,Arterial,Clear,18.9,0.0,1221,65.7,18.1,18.6,92,HIGH
12,3,0,Arterial,Clear,30.9,0.0,881,62.6,39.2,7.4,60,MEDIUM
0,6,1,Arterial,Clear,28.5,0.0,300,57.3,52.5,1.2,37,LOW
21,6,1,Arterial,Clear,48.0,0.0,233,63.2,59.9,0.7,32,LOW
19,5,1,Arterial,Clear,33.2,0.0,792,61.4,39.0,6.4,59,MEDIUM
16,4,0,Highway,Clear,12.8,0.0,1140,88.0,56.9,6.4,45,MEDIUM
6,0,0,Urban,Clear,27.5,0.0,230,41.4,37.0,0.3,31,LOW
12,6,1,Highway,Clear,33.8,0.0,1233,88.1,54.5,8.4,44,MEDIUM
3,1,0,Arterial,Storm,25.1,13.77,421,61.5,34.6,5.0,62,MEDIUM
3,2,0,Arterial,Fog,24.8,0.41,208,61.5,46.8,1.4,14,LOW
5,1,0,Urban,Fog,25.1,0.34,135,41.5,31.9,0.3,9,LOW
18,5,1,Arterial,Clear,31.8,0.0,996,67.7,31.4,15.3,83,HIGH
11,5,1,Arterial,Clear,19.2,0.0,258,63.8,61.4,1.2,14,LOW
21,1,0,Arterial,Fog,24.1,0.27,205,64.0,46.4,7.2,45,MEDIUM
6,0,0,Arterial,Fog,35.2,0.48,405,57.9,42.1,5.2,67,MEDIUM
9,1,0,Highway,Rain,24.6,5.21,2058,82.4,10.0,24.6,79,HIGH
18,3,0,Arterial,Clear,24.2,0.0,1425,59.2,9.8,21.3,73,HIGH
6,1,0,Arterial,Clear,18.4,0.0,175,58.1,55.8,1.3,31,LOW
2,2,0,Urban,Rain,32.5,0.43,178,41.8,33.8,1.9,16,LOW
12,2,0,Arterial,Clear,31.0,0.0,578,59.2,48.8,1.5,19,LOW
12,4,0,Arterial,Clear,34.8,0.0,635,65.3,53.2,0.5,15,LOW
17,2,0,Highway,Rain,27.2,2.86,2461,81.3,13.6,26.3,95,HIGH
19,1,0,Urban,Rain,30.2,1.84,974,39.2,8.0,22.4,72,HIGH
7,2,0,Urban,Clear,30.2,0.0,260,41.1,34.4,0.4,25,LOW
8,0,0,Highway,Clear,18.0,0.0,2109,85.1,14.3,27.0,81,HIGH
6,6,1,Highway,Storm,44.5,17.84,687,94.5,54.0,6.2,55,MEDIUM
0,2,0,Arterial,Clear,34.8,0.0,466,63.5,58.5,0.0,11,LOW
2,3,0,Highway,Rain,28.6,0.16,608,87.8,67.6,0.6,10,LOW
12,0,0,Highway,Rain,26.4,1.85,1268,103.2,53.9,9.1,40,MEDIUM
16,4,0,Highway,Rain,37.3,1.34,1265,84.4,43.1,6.2,59,MEDIUM
23,3,0,Highway,Rain,28.7,0.53,228,83.3,70.9,2.5,18,LOW
0,1,0,Arterial,Clear,34.4,0.0,472,58.1,50.8,0.3,14,LOW
5,6,1,Arterial,Clear,24.0,0.0,298,60.8,58.3,0.5,37,LOW
20,1,0,Highway,Clear,21.9,0.0,1923,81.9,13.0,22.9,78,HIGH
5,6,1,Highway,Clear,26.9,0.0,910,93.1,72.0,2.3,37,LOW
11,6,1,Highway,Clear,28.1,0.0,530,102.3,95.3,0.8,32,LOW
12,1,0,Arterial,Clear,31.0,0.0,964,54.4,22.3,25.0,92,HIGH
12,3,0,Highway,Fog,38.3,0.19,1418,91.0,36.6,23.3,78,HIGH
14,3,0,Arterial,Clear,35.8,0.0,638,63.8,46.4,5.1,43,MEDIUM
20,6,1,Arterial,Clear,37.2,0.0,493,63.1,53.8,0.5,31,LOW
15,3,0,Highway,Clear,22.9,0.0,967,100.8,74.3,5.5,59,MEDIUM
21,6,1,Highway,Clear,25.9,0.0,533,87.7,78.1,0.4,26,LOW
20,6,1,Highway,Clear,34.8,0.0,718,99.9,87.2,0.7,18,LOW
10,0,0,Arterial,Clear,36.5,0.0,1401,59.8,10.2,29.9,74,HIGH
4,5,1,Urban,Clear,33.2,0.0,213,38.5,38.5,0.0,13,LOW
3,0,0,Highway,Rain,24.1,3.91,613,99.4,76.8,1.0,29,LOW
2,1,0,Urban,Fog,20.7,0.18,152,38.9,27.9,6.0,44,MEDIUM
18,5,1,Highway,Fog,29.6,0.29,1519,95.4,34.1,16.7,76,HIGH
19,2,0,Urban,Clear,21.8,0.0,874,38.5,8.0,29.9,70,HIGH
17,1,0,Arterial,Clear,31.2,0.0,1800,54.9,8.4,32.6,79,HIGH
14,4,0,Arterial,Clear,36.8,0.0,970,54.9,24.5,18.5,70,HIGH
8,0,0,Arterial,Clear,29.3,0.0,1547,62.8,9.8,23.2,95,HIGH
16,3,0,Arterial,Clear,18.9,0.0,574,55.7,47.1,0.9,22,LOW
13,0,0,Urban,Clear,24.4,0.0,457,39.4,28.2,5.4,62,MEDIUM
14,3,0,Urban,Rain,34.1,3.14,887,38.1,8.0,15.7,79,HIGH
0,5,1,Arterial,Clear,31.3,0.0,360,56.5,51.1,0.0,11,LOW
20,4,0,Highway,Clear,31.9,0.0,2206,86.2,13.7,33.3,92,HIGH
21,5,1,Highway,Clear,40.4,0.0,390,91.0,85.0,1.4,32,LOW
21,4,0,Urban,Clear,30.4,0.0,244,31.1,26.6,2.5,19,LOW
2,0,0,Arterial,Rain,30.2,3.1,234,63.4,50.2,0.2,34,LOW
15,3,0,Arterial,Clear,34.0,0.0,881,54.8,33.5,8.2,47,MEDIUM
22,5,1,Arterial,Clear,19.8,0.0,434,55.3,53.6,1.3,8,LOW
10,4,0,Urban,Clear,24.9,0.0,786,35.7,15.1,23.3,71,HIGH
11,6,1,Arterial,Clear,22.8,0.0,519,61.1,56.7,0.9,29,LOW
9,1,0,Urban,Clear,32.6,0.0,626,44.4,28.0,4.5,43,MEDIUM
15,1,0,Urban,Fog,21.6,0.26,481,39.6,19.1,28.2,77,HIGH
7,5,1,Arterial,Storm,31.9,3.24,280,61.7,39.3,5.5,63,MEDIUM
5,3,0,Highway,Rain,26.5,0.86,528,92.7,76.2,1.2,24,LOW
11,6,1,Urban,Clear,25.5,0.0,218,42.2,42.2,0.2,35,LOW
23,5,1,Arterial,Clear,34.4,0.0,191,56.0,56.0,0.0,25,LOW
20,0,0,Urban,Clear,18.7,0.0,1005,44.8,8.0,22.5,95,HIGH
7,4,0,Highway,Rain,24.6,5.63,308,88.3,74.4,1.6,30,LOW
3,0,0,Highway,Rain,48.0,2.44,593,91.4,68.6,0.7,25,LOW
7,1,0,Urban,Fog,41.0,0.35,242,39.6,31.5,0.0,23,LOW
17,4,0,Arterial,Clear,15.3,0.0,1131,58.2,18.0,28.6,80,HIGH
4,5,1,Arterial,Clear,24.4,0.0,227,63.8,62.2,1.6,37,LOW
8,0,0,Urban,Clear,28.4,0.0,726,41.9,17.2,20.2,87,HIGH
3,2,0,Arterial,Clear,18.1,0.0,309,51.3,49.5,1.0,28,LOW
21,3,0,Arterial,Clear,42.1,0.0,441,61.7,56.8,0.5,11,LOW
16,6,1,Highway,Clear,28.2,0.0,1424,100.5,49.3,28.5,79,HIGH
8,6,1,Urban,Rain,26.7,2.95,273,40.6,34.2,1.2,8,LOW
0,3,0,Urban,Clear,30.7,0.0,240,38.5,34.3,0.0,31,LOW
20,2,0,Highway,Clear,30.6,0.0,1945,88.1,14.2,26.9,92,HIGH
19,1,0,Urban,Clear,22.0,0.0,822,38.3,8.1,14.7,79,HIGH
12,4,0,Urban,Clear,37.2,0.0,382,36.6,28.3,1.0,33,LOW
15,3,0,Arterial,Rain,29.1,0.14,634,59.3,39.3,5.0,57,MEDIUM
12,2,0,Arterial,Clear,37.2,0.0,800,59.2,38.1,9.1,49,MEDIUM
13,5,1,Arterial,Clear,24.0,0.0,718,62.4,42.2,4.7,55,MEDIUM
2,6,1,Highway,Rain,15.4,5.57,347,87.4,72.9,1.2,30,LOW
5,2,0,Arterial,Clear,38.1,0.0,197,68.0,64.6,0.9,34,LOW
17,1,0,Urban,Clear,33.2,0.0,1200,37.2,8.0,26.8,90,HIGH
18,1,0,Arterial,Rain,36.2,0.23,1551,60.6,8.8,16.7,97,HIGH
4,0,0,Arterial,Rain,36.6,10.04,294,57.0,44.5,1.8,15,LOW
14,3,0,Highway,Clear,28.1,0.0,1145,87.3,55.5,9.3,53,MEDIUM
1,0,0,Highway,Clear,25.4,0.0,729,88.6,76.9,0.4,9,LOW
9,6,1,Arterial,Clear,27.4,0.0,236,60.8,57.4,0.1,25,LOW
23,2,0,Highway,Rain,31.9,0.85,389,94.0,78.7,0.4,26,LOW
17,4,0,Arterial,Clear,29.9,0.0,1603,58.1,8.4,23.6,85,HIGH
12,4,0,Arterial,Rain,15.2,2.51,787,54.0,31.0,8.1,44,MEDIUM
4,1,0,Urban,Fog,27.2,0.03,312,44.1,30.9,5.1,52,MEDIUM
22,4,0,Highway,Fog,37.9,0.45,524,85.1,58.6,9.1,64,MEDIUM
23,4,0,Arterial,Clear,28.0,0.0,448,59.0,53.9,0.7,33,LOW
0,6,1,Arterial,Clear,43.6,0.0,531,60.2,50.7,1.0,13,LOW
21,4,0,Highway,Clear,21.3,0.0,490,89.5,84.8,1.6,19,LOW
0,2,0,Highway,Rain,30.4,13.68,384,82.9,69.1,1.0,31,LOW
17,4,0,Highway,Clear,21.1,0.0,2700,94.3,14.3,16.3,75,HIGH
14,5,1,Urban,Clear,22.0,0.0,618,31.5,15.0,28.0,74,HIGH
16,4,0,Highway,Clear,22.1,0.0,1157,94.9,60.1,6.1,47,MEDIUM
10,4,0,Arterial,Clear,43.5,0.0,1455,64.6,8.0,17.0,71,HIGH
20,0,0,Urban,Clear,26.2,0.0,961,42.7,8.0,19.1,80,HIGH
21,2,0,Urban,Clear,23.1,0.0,155,39.1,39.1,2.7,20,LOW
16,1,0,Highway,Clear,28.0,0.0,1195,90.6,59.5,4.9,50,MEDIUM
12,0,0,Urban,Clear,26.4,0.0,634,38.0,19.7,9.0,63,MEDIUM
0,3,0,Highway,Clear,33.7,0.0,590,90.3,82.6,0.3,10,LOW
1,2,0,Arterial,Rain,13.7,0.55,312,62.5,50.4,1.5,29,LOW
8,5,1,Urban,Rain,21.3,1.23,223,36.7,31.4,1.1,37,LOW
2,2,0,Arterial,Clear,33.9,0.0,283,59.5,53.9,1.3,30,LOW
0,3,0,Arterial,Clear,24.6,0.0,502,58.1,51.6,0.2,21,LOW
20,3,0,Highway,Rain,22.7,0.06,1497,95.9,38.7,25.3,85,HIGH
15,3,0,Arterial,Clear,22.4,0.0,935,56.2,28.9,10.0,63,MEDIUM
22,6,1,Arterial,Clear,33.1,0.0,369,62.5,56.8,0.8,15,LOW
5,1,0,Highway,Clear,32.8,0.0,744,89.7,76.8,1.6,36,LOW
16,4,0,Urban,Clear,34.7,0.0,488,39.6,29.4,5.8,55,MEDIUM
4,2,0,Urban,Clear,19.9,0.0,139,42.0,34.6,0.0,17,LOW
4,6,1,Urban,Fog,19.4,0.39,171,38.8,30.1,0.6,13,LOW
5,4,0,Arterial,Rain,36.0,1.31,350,60.4,47.7,0.0,33,LOW
2,4,0,Arterial,Clear,29.4,0.0,407,64.4,61.3,0.0,9,LOW
20,5,1,Urban,Clear,23.8,0.0,342,37.7,34.9,1.3,28,LOW
22,3,0,Urban,Clear,26.9,0.0,203,40.8,39.2,0.5,30,LOW
4,1,0,Arterial,Clear,19.4,0.0,531,63.5,54.4,0.9,33,LOW
20,5,1,Highway,Clear,24.3,0.0,390,92.3,88.9,1.9,36,LOW
4,0,0,Highway,Clear,29.1,0.0,539,96.4,90.1,1.1,23,LOW
9,6,1,Arterial,Rain,30.5,3.11,367,59.5,52.6,0.7,21,LOW
9,6,1,Arterial,Clear,27.4,0.0,240,62.7,62.7,0.0,26,LOW
18,1,0,Urban,Rain,26.7,0.14,834,43.3,8.0,22.2,84,HIGH
16,4,0,Highway,Clear,33.1,0.0,1128,81.5,54.5,4.5,56,MEDIUM
20,6,1,Highway,Clear,27.3,0.0,451,88.0,83.3,0.8,16,LOW
13,1,0,Arterial,Clear,24.9,0.0,975,61.5,29.4,17.5,85,HIGH
8,6,1,Arterial,Clear,22.7,0.0,193,63.7,60.0,2.0,36,LOW
13,6,1,Highway,Rain,15.6,4.4,1896,91.2,10.7,14.8,91,HIGH
0,3,0,Arterial,Clear,32.5,0.0,303,65.6,63.1,0.2,22,LOW
18,0,0,Arterial,Clear,38.2,0.0,1364,57.9,8.0,17.5,77,HIGH
12,3,0,Arterial,Clear,22.2,0.0,718,55.1,41.2,8.3,45,MEDIUM
12,0,0,Arterial,Clear,19.1,0.0,793,63.2,40.9,5.6,61,MEDIUM
3,6,1,Highway,Clear,23.6,0.0,745,89.4,74.2,1.8,15,LOW
0,5,1,Arterial,Clear,30.0,0.0,299,56.6,51.8,0.9,19,LOW
16,4,0,Urban,Storm,24.5,9.54,442,45.1,21.1,22.9,86,HIGH
7,6,1,Highway,Rain,24.3,4.52,658,93.7,74.2,0.1,15,LOW
1,0,0,Urban,Clear,27.4,0.0,123,42.0,39.0,1.0,20,LOW
7,0,0,Arterial,Clear,28.7,0.0,404,66.4,55.8,1.0,11,LOW
6,0,0,Urban,Clear,30.6,0.0,298,38.8,32.7,1.8,15,LOW
1,6,1,Urban,Clear,25.9,0.0,288,44.2,43.8,0.9,10,LOW
21,1,0,Highway,Rain,25.8,5.46,811,92.1,67.8,7.0,58,MEDIUM
21,5,1,Arterial,Rain,14.5,0.33,170,57.6,48.6,1.4,30,LOW
2,1,0,Highway,Clear,34.5,0.0,391,90.0,85.3,2.1,27,LOW
17,4,0,Urban,Clear,29.8,0.0,1128,40.6,8.0,16.3,70,HIGH
11,6,1,Arterial,Storm,38.6,10.63,342,64.5,39.1,4.9,45,MEDIUM
0,0,0,Arterial,Storm,31.6,12.5,543,54.6,30.5,5.3,62,MEDIUM
21,5,1,Arterial,Clear,27.5,0.0,222,53.0,50.2,1.6,17,LOW
11,5,1,Urban,Clear,17.6,0.0,317,37.6,33.5,0.5,9,LOW
4,2,0,Highway,Clear,16.6,0.0,324,89.7,86.6,0.8,36,LOW
16,4,0,Arterial,Fog,35.3,0.26,945,62.9,26.0,26.5,70,HIGH
15,5,1,Arterial,Clear,31.9,0.0,854,58.2,37.1,6.3,42,MEDIUM
14,6,1,Arterial,Rain,38.3,0.7,895,61.7,29.2,22.9,97,HIGH
22,0,0,Arterial,Clear,34.5,0.0,305,66.4,64.2,1.9,23,LOW
14,0,0,Arterial,Clear,25.4,0.0,703,53.2,37.6,8.6,65,MEDIUM
4,5,1,Highway,Clear,11.9,0.0,710,89.3,73.2,0.2,22,LOW
20,1,0,Urban,Fog,32.2,0.4,934,47.3,8.0,28.1,89,HIGH
13,4,0,Highway,Clear,20.9,0.0,1010,86.4,62.8,6.5,52,MEDIUM
1,0,0,Arterial,Rain,26.7,20.91,345,56.7,45.4,1.4,32,LOW
10,5,1,Highway,Clear,30.9,0.0,559,92.6,80.9,0.2,13,LOW
18,0,0,Highway,Fog,23.6,0.48,2661,87.4,11.2,31.9,97,HIGH
6,5,1,Highway,Rain,22.2,5.26,577,95.4,76.2,2.4,20,LOW
5,4,0,Arterial,Clear,25.8,0.0,335,69.9,62.2,1.2,20,LOW
1,5,1,Arterial,Rain,13.7,1.9,238,60.3,54.4,0.0,23,LOW
5,2,0,Highway,Clear,20.8,0.0,652,103.7,91.1,0.7,16,LOW
17,5,1,Highway,Clear,20.7,0.0,1216,87.7,52.9,5.8,64,MEDIUM
1,5,1,Urban,Clear,26.3,0.0,174,39.5,33.1,0.2,10,LOW
17,6,1,Highway,Fog,21.4,0.17,1366,85.2,39.1,20.5,89,HIGH
14,4,0,Urban,Fog,24.4,0.03,354,38.6,26.7,9.6,47,MEDIUM
18,6,1,Highway,Clear,24.9,0.0,1372,88.8,50.4,5.1,56,MEDIUM
1,5,1,Arterial,Rain,42.9,1.88,199,61.7,52.6,2.6,13,LOW
19,4,0,Highway,Clear,33.4,0.0,2161,83.8,16.8,19.7,92,HIGH
5,2,0,Urban,Rain,27.2,0.59,303,38.4,33.6,0.8,11,LOW
0,4,0,Arterial,Clear,31.1,0.0,326,58.0,53.5,1.2,9,LOW
23,0,0,Arterial,Clear,34.4,0.0,452,63.6,57.7,0.9,34,LOW
14,6,1,Highway,Clear,30.0,0.0,1329,90.6,46.5,10.0,41,MEDIUM
22,4,0,Arterial,Clear,20.8,0.0,343,60.5,55.3,0.7,16,LOW
9,2,0,Arterial,Clear,27.0,0.0,1293,60.3,12.9,16.1,77,HIGH
18,3,0,Highway,Clear,21.2,0.0,1617,81.3,32.3,26.1,75,HIGH
16,5,1,Highway,Clear,25.7,0.0,1366,98.0,53.6,9.3,50,MEDIUM
4,4,0,Urban,Fog,26.9,0.13,153,37.2,26.1,7.8,56,MEDIUM
3,5,1,Highway,Clear,35.4,0.0,489,94.5,89.0,1.3,31,LOW
9,1,0,Arterial,Fog,22.4,0.45,1022,59.1,17.2,20.3,75,HIGH
23,0,0,Arterial,Clear,21.9,0.0,221,57.6,56.5,1.4,30,LOW
16,6,1,Urban,Clear,23.0,0.0,579,43.1,24.3,6.1,58,MEDIUM
9,0,0,Urban,Clear,23.7,0.0,988,36.4,8.0,25.0,77,HIGH
16,1,0,Urban,Rain,25.8,12.11,412,36.7,24.0,4.9,48,MEDIUM
19,1,0,Highway,Rain,30.3,10.39,2525,90.8,14.0,30.6,71,HIGH
23,6,1,Urban,Clear,22.5,0.0,195,40.6,35.1,0.8,22,LOW
4,4,0,Highway,Clear,28.8,0.0,398,94.1,88.4,0.8,29,LOW
1,1,0,Arterial,Clear,28.9,0.0,343,62.9,57.5,0.0,24,LOW
5,3,0,Arterial,Clear,31.9,0.0,226,59.7,56.3,2.0,21,LOW
20,5,1,Highway,Rain,26.5,0.75,812,90.5,66.9,4.6,55,MEDIUM
1,5,1,Urban,Clear,33.8,0.0,177,39.6,38.9,0.7,24,LOW
12,2,0,Highway,Clear,30.6,0.0,1197,97.1,61.8,6.5,42,MEDIUM
10,1,0,Arterial,Rain,30.3,8.09,1087,56.1,17.4,13.7,90,HIGH
10,1,0,Urban,Storm,24.1,3.53,802,40.1,8.0,32.3,78,HIGH
15,3,0,Urban,Clear,29.9,0.0,536,42.3,28.7,4.8,67,MEDIUM
10,0,0,Highway,Clear,30.5,0.0,2429,95.5,16.1,29.8,86,HIGH
18,0,0,Arterial,Clear,23.8,0.0,1404,57.3,8.7,32.8,71,HIGH
14,5,1,Urban,Clear,36.4,0.0,709,37.1,12.9,17.3,91,HIGH
22,5,1,Highway,Clear,46.4,0.0,647,83.8,72.3,1.6,18,LOW
22,4,0,Arterial,Fog,23.4,0.25,225,58.6,39.7,6.9,49,MEDIUM
15,6,1,Highway,Rain,24.7,3.61,1357,91.3,45.5,14.1,97,HIGH
10,3,0,Arterial,Clear,24.9,0.0,1766,58.1,8.0,19.0,87,HIGH
21,6,1,Urban,Clear,18.8,0.0,236,42.1,35.0,0.6,18,LOW
15,6,1,Arterial,Clear,21.9,0.0,700,59.7,39.0,8.8,44,MEDIUM
7,2,0,Arterial,Clear,34.0,0.0,326,62.4,58.5,0.9,32,LOW
3,6,1,Arterial,Clear,27.4,0.0,294,60.6,59.6,2.1,11,LOW
7,2,0,Arterial,Clear,41.4,0.0,545,53.3,43.4,0.6,18,LOW
3,6,1,Highway,Clear,26.0,0.0,402,84.3,80.2,1.6,27,LOW
23,3,0,Highway,Clear,30.9,0.0,466,95.8,92.2,0.0,32,LOW
2,2,0,Arterial,Clear,21.7,0.0,251,56.3,52.7,1.1,36,LOW
2,0,0,Arterial,Clear,27.2,0.0,380,63.4,58.5,1.0,32,LOW
17,2,0,Arterial,Clear,28.6,0.0,1194,60.5,12.6,14.0,95,HIGH
18,2,0,Highway,Clear,13.3,0.0,1626,85.1,33.0,20.6,85,HIGH
18,3,0,Arterial,Clear,22.2,0.0,1283,63.0,14.7,28.8,87,HIGH
20,3,0,Highway,Clear,32.5,0.0,1589,87.6,33.4,17.6,74,HIGH
4,2,0,Urban,Clear,32.1,0.0,219,40.5,40.1,0.5,24,LOW
17,1,0,Arterial,Storm,19.3,8.21,1555,59.2,8.0,31.2,94,HIGH
9,3,0,Highway,Clear,25.5,0.0,1605,76.5,31.8,33.0,87,HIGH
21,4,0,Highway,Clear,11.4,0.0,617,93.4,80.4,1.0,35,LOW
20,4,0,Urban,Clear,28.0,0.0,733,42.3,14.1,16.8,81,HIGH
5,0,0,Highway,Clear,36.8,0.0,374,87.5,83.2,1.1,37,LOW
0,6,1,Urban,Fog,37.1,0.48,157,41.9,33.1,2.7,19,LOW
4,2,0,Highway,Rain,36.9,1.42,687,85.6,65.6,2.2,10,LOW
8,1,0,Urban,Clear,31.7,0.0,741,37.4,12.7,19.3,70,HIGH
11,0,0,Urban,Clear,36.1,0.0,563,40.7,24.3,9.7,52,MEDIUM
13,2,0,Arterial,Clear,26.7,0.0,734,57.2,36.8,8.0,65,MEDIUM
1,3,0,Highway,Clear,24.3,0.0,612,89.4,81.8,0.8,30,LOW
16,4,0,Highway,Clear,36.0,0.0,1533,85.3,36.7,14.5,96,HIGH
13,5,1,Arterial,Clear,30.0,0.0,823,54.9,33.4,4.7,66,MEDIUM
12,1,0,Arterial,Clear,15.4,0.0,917,60.8,35.1,7.8,61,MEDIUM
8,5,1,Highway,Clear,36.5,0.0,735,91.1,75.0,1.9,24,LOW
14,4,0,Highway,Rain,26.5,2.62,1182,90.1,52.6,4.6,42,MEDIUM
21,6,1,Arterial,Clear,23.3,0.0,290,58.8,53.0,1.3,21,LOW
14,6,1,Arterial,Clear,34.9,0.0,861,57.2,34.5,5.5,58,MEDIUM
23,5,1,Highway,Clear,33.9,0.0,589,84.6,74.4,1.5,22,LOW
10,3,0,Highway,Clear,21.3,0.0,2126,84.4,14.7,22.8,84,HIGH
15,2,0,Urban,Rain,26.9,0.27,514,38.2,23.4,4.0,54,MEDIUM
16,3,0,Arterial,Clear,21.6,0.0,585,64.1,46.9,9.3,56,MEDIUM
3,5,1,Urban,Rain,21.8,6.69,343,40.7,28.2,8.7,55,MEDIUM
0,3,0,Arterial,Clear,10.0,0.0,311,61.4,55.8,0.7,24,LOW
7,4,0,Highway,Rain,20.9,1.87,552,83.7,68.2,1.4,29,LOW
16,1,0,Highway,Rain,26.8,4.22,907,90.9,62.3,7.9,49,MEDIUM
2,3,0,Highway,Clear,10.0,0.0,531,91.7,87.7,0.0,24,LOW
19,4,0,Urban,Clear,18.4,0.0,918,44.8,8.0,25.1,86,HIGH
14,1,0,Arterial,Fog,32.2,0.34,835,59.9,27.3,15.4,97,HIGH
14,6,1,Highway,Clear,18.1,0.0,1192,88.0,56.3,9.0,56,MEDIUM
23,2,0,Urban,Clear,26.9,0.0,259,37.7,32.3,2.0,29,LOW
21,5,1,Highway,Clear,16.4,0.0,306,90.3,85.5,0.6,21,LOW
13,6,1,Urban,Clear,30.9,0.0,779,39.4,8.3,33.8,92,HIGH
22,2,0,Urban,Clear,25.7,0.0,287,43.4,39.7,0.1,24,LOW
13,6,1,Highway,Clear,21.6,0.0,978,94.5,68.3,9.2,64,MEDIUM
23,0,0,Highway,Clear,10.0,0.0,701,85.0,75.7,1.6,9,LOW
1,6,1,Arterial,Clear,21.7,0.0,334,59.9,56.2,1.3,35,LOW
12,4,0,Arterial,Rain,32.7,3.95,858,69.8,36.5,8.8,48,MEDIUM
13,1,0,Arterial,Clear,38.9,0.0,869,54.1,31.5,8.4,44,MEDIUM
23,6,1,Urban,Storm,26.5,9.07,106,39.4,26.0,5.0,67,MEDIUM
18,3,0,Arterial,Fog,27.3,0.14,1581,63.0,8.4,33.5,82,HIGH
6,2,0,Highway,Rain,23.3,3.43,518,88.8,68.9,2.4,27,LOW
2,6,1,Highway,Fog,36.6,0.48,500,88.4,65.8,7.3,42,MEDIUM
14,1,0,Arterial,Rain,26.3,6.28,676,58.1,39.4,8.7,55,MEDIUM
22,4,0,Highway,Fog,34.3,0.05,293,84.7,61.4,4.8,57,MEDIUM
13,0,0,Urban,Clear,29.7,0.0,449,39.5,27.1,7.5,53,MEDIUM
10,2,0,Highway,Clear,28.9,0.0,1560,95.1,39.7,14.7,71,HIGH
14,5,1,Highway,Rain,20.9,0.08,1087,83.6,52.1,7.0,57,MEDIUM
12,1,0,Highway,Clear,40.5,0.0,1294,91.3,53.3,9.9,50,MEDIUM
17,5,1,Arterial,Rain,38.3,2.42,1106,64.3,20.9,24.7,84,HIGH
5,1,0,Highway,Rain,43.9,5.23,655,89.9,72.0,0.6,35,LOW
2,1,0,Urban,Clear,20.3,0.0,276,38.7,32.6,1.1,13,LOW
18,4,0,Arterial,Rain,29.8,1.32,1147,62.7,20.3,13.2,77,HIGH
14,4,0,Urban,Clear,22.4,0.0,549,37.3,22.1,6.4,60,MEDIUM
22,4,0,Arterial,Clear,31.1,0.0,214,61.7,57.5,0.1,35,LOW
4,6,1,Highway,Clear,30.0,0.0,768,89.2,71.9,0.0,37,LOW
9,3,0,Urban,Clear,25.1,0.0,631,40.2,19.9,23.7,87,HIGH
6,1,0,Highway,Clear,26.4,0.0,414,98.4,93.6,1.7,8,LOW
16,2,0,Arterial,Clear,42.6,0.0,546,64.6,55.9,1.1,35,LOW
6,5,1,Highway,Clear,27.1,0.0,421,97.4,96.0,1.6,21,LOW
21,4,0,Urban,Rain,12.6,4.23,163,37.5,31.7,1.1,24,LOW
11,6,1,Urban,Clear,24.2,0.0,170,36.9,33.1,0.0,18,LOW
16,4,0,Arterial,Clear,20.3,0.0,711,61.9,45.1,4.1,53,MEDIUM
12,5,1,Arterial,Clear,21.6,0.0,895,61.3,33.0,4.5,49,MEDIUM
19,5,1,Urban,Rain,33.0,9.4,384,34.1,23.8,5.8,47,MEDIUM
3,1,0,Highway,Rain,34.2,2.15,593,91.7,75.8,1.5,37,LOW
9,4,0,Urban,Clear,22.1,0.0,659,46.1,22.8,14.1,89,HIGH
2,5,1,Highway,Clear,24.1,0.0,682,99.5,87.9,0.8,16,LOW
8,3,0,Urban,Rain,23.1,0.98,780,37.9,11.2,12.1,75,HIGH
12,3,0,Arterial,Clear,38.6,0.0,787,62.8,41.5,7.7,41,MEDIUM
17,4,0,Urban,Clear,34.4,0.0,529,37.3,24.3,5.0,53,MEDIUM
14,6,1,Arterial,Clear,32.7,0.0,682,59.6,45.1,0.4,32,LOW
3,5,1,Arterial,Clear,20.8,0.0,544,56.7,47.3,0.6,20,LOW
14,1,0,Arterial,Rain,16.0,8.74,425,55.3,45.3,0.0,35,LOW
21,1,0,Highway,Clear,36.6,0.0,496,94.4,87.8,1.1,36,LOW
1,6,1,Arterial,Clear,41.4,0.0,267,61.1,58.5,0.0,29,LOW
14,1,0,Arterial,Clear,15.7,0.0,916,61.8,32.5,8.7,51,MEDIUM
7,0,0,Urban,Fog,43.7,0.24,163,41.9,31.0,9.4,62,MEDIUM
7,4,0,Arterial,Rain,27.3,1.83,330,60.8,48.9,2.5,17,LOW
16,1,0,Highway,Rain,29.2,1.53,1097,84.8,51.7,9.5,64,MEDIUM
11,3,0,Highway,Clear,18.8,0.0,1465,91.1,43.5,27.9,81,HIGH
18,5,1,Arterial,Clear,15.6,0.0,939,59.1,31.8,4.4,57,MEDIUM
9,2,0,Highway,Fog,12.2,0.21,1765,89.0,19.1,26.5,79,HIGH
8,6,1,Highway,Clear,35.2,0.0,733,85.3,71.5,1.6,24,LOW
4,2,0,Urban,Rain,27.4,3.92,126,35.5,27.0,0.3,25,LOW
5,1,0,Arterial,Clear,31.2,0.0,179,57.7,57.7,0.0,29,LOW
19,2,0,Arterial,Clear,35.9,0.0,1107,62.2,20.6,27.2,85,HIGH
1,2,0,Highway,Clear,27.3,0.0,395,89.7,82.2,1.1,12,LOW
23,0,0,Arterial,Rain,39.8,1.99,243,67.1,55.5,0.2,32,LOW
12,3,0,Highway,Rain,22.2,1.37,1071,89.7,55.5,6.2,58,MEDIUM
5,6,1,Arterial,Clear,25.1,0.0,211,60.8,60.8,0.8,10,LOW
4,3,0,Highway,Clear,21.7,0.0,272,90.1,84.4,0.4,14,LOW
0,0,0,Urban,Fog,33.8,0.37,259,36.8,21.7,7.9,54,MEDIUM
20,0,0,Arterial,Clear,35.8,0.0,1800,59.9,9.4,22.9,91,HIGH
21,2,0,Arterial,Rain,24.8,0.79,322,55.7,44.3,0.0,8,LOW
20,4,0,Arterial,Clear,18.2,0.0,1186,59.7,14.4,26.0,95,HIGH
5,5,1,Arterial,Clear,36.6,0.0,324,53.0,51.8,0.7,13,LOW
5,5,1,Highway,Clear,21.8,0.0,1032,89.7,65.9,8.1,51,MEDIUM
22,2,0,Urban,Clear,25.2,0.0,245,40.4,37.3,0.7,14,LOW
15,5,1,Highway,Clear,20.5,0.0,1465,91.1,49.4,8.9,54,MEDIUM
3,0,0,Urban,Clear,30.0,0.0,266,35.7,35.0,1.3,14,LOW
10,3,0,Urban,Clear,22.6,0.0,1032,41.4,8.0,26.4,79,HIGH
23,5,1,Highway,Clear,32.9,0.0,550,93.3,89.6,0.8,17,LOW
22,6,1,Urban,Clear,24.1,0.0,304,37.1,33.2,0.6,29,LOW
8,2,0,Arterial,Rain,31.8,0.79,841,63.9,34.3,7.4,42,MEDIUM
22,4,0,Highway,Clear,21.5,0.0,355,90.9,87.1,0.6,16,LOW
2,2,0,Urban,Clear,36.6,0.0,116,39.8,36.8,0.2,18,LOW
18,1,0,Arterial,Clear,24.5,0.0,871,62.3,38.2,9.9,48,MEDIUM
7,2,0,Arterial,Clear,28.6,0.0,222,66.5,61.4,1.4,23,LOW
4,0,0,Arterial,Rain,19.7,4.17,345,59.4,47.8,1.2,37,LOW
3,3,0,Highway,Clear,27.9,0.0,716,87.5,75.6,0.6,16,LOW
23,3,0,Urban,Rain,19.9,7.05,211,46.2,41.5,1.1,21,LOW
5,6,1,Highway,Clear,27.7,0.0,470,89.1,81.9,0.2,9,LOW
1,5,1,Highway,Clear,21.3,0.0,467,91.8,82.9,0.0,12,LOW
19,0,0,Arterial,Clear,26.9,0.0,1128,59.3,19.1,27.3,77,HIGH
10,1,0,Arterial,Rain,31.3,0.97,1047,53.6,20.1,31.4,96,HIGH
3,0,0,Arterial,Fog,18.4,0.1,324,58.8,43.3,7.4,64,MEDIUM
14,2,0,Highway,Clear,27.7,0.0,1291,95.6,58.2,4.8,62,MEDIUM
5,0,0,Highway,Rain,30.9,3.88,219,86.0,75.5,1.9,32,LOW
21,0,0,Highway,Clear,30.8,0.0,645,96.6,83.9,0.0,18,LOW
16,6,1,Urban,Fog,41.4,0.31,631,42.3,18.6,25.7,80,HIGH
23,1,0,Highway,Clear,22.8,0.0,531,85.0,74.2,0.8,29,LOW
5,2,0,Urban,Clear,28.0,0.0,185,36.4,32.5,1.4,12,LOW
18,4,0,Urban,Clear,40.2,0.0,785,36.3,9.5,25.8,87,HIGH
1,6,1,Urban,Storm,18.4,7.93,196,38.8,25.1,6.8,67,MEDIUM
14,4,0,Urban,Rain,11.9,0.35,717,36.7,14.1,32.9,87,HIGH
10,6,1,Highway,Fog,31.7,0.05,900,96.1,58.8,6.3,66,MEDIUM
7,3,0,Highway,Rain,35.3,5.26,314,84.1,72.0,0.3,29,LOW
18,6,1,Arterial,Clear,13.2,0.0,867,56.4,33.4,4.7,46,MEDIUM
12,5,1,Highway,Fog,25.8,0.23,1732,97.6,26.0,30.9,76,HIGH
11,0,0,Arterial,Storm,20.9,21.52,695,58.9,29.7,5.6,62,MEDIUM
4,3,0,Arterial,Clear,30.2,0.0,244,61.7,58.1,1.1,34,LOW
5,1,0,Urban,Clear,27.8,0.0,249,41.4,34.0,1.7,31,LOW
21,4,0,Highway,Clear,37.2,0.0,465,82.7,75.5,1.5,25,LOW
3,6,1,Urban,Storm,18.6,10.55,229,42.4,22.0,9.7,46,MEDIUM
18,0,0,Highway,Rain,30.7,3.37,2121,93.1,13.7,25.4,73,HIGH
19,1,0,Arterial,Rain,32.4,9.52,1494,62.6,9.7,23.2,91,HIGH
0,5,1,Arterial,Fog,28.4,0.08,209,57.3,43.4,1.3,23,LOW
19,1,0,Urban,Fog,14.0,0.27,1200,40.9,8.0,21.0,94,HIGH
16,0,0,Arterial,Rain,30.9,0.21,1020,59.3,20.9,15.8,84,HIGH
11,5,1,Urban,Rain,22.9,1.56,185,40.3,32.8,0.7,26,LOW
14,1,0,Urban,Clear,15.8,0.0,715,37.7,14.4,33.1,72,HIGH
0,5,1,Urban,Clear,30.6,0.0,223,39.4,36.3,0.0,23,LOW
13,6,1,Highway,Clear,33.4,0.0,1168,94.9,65.1,9.8,66,MEDIUM
5,6,1,Urban,Rain,23.7,0.56,115,34.2,32.3,0.0,28,LOW
4,0,0,Urban,Clear,33.8,0.0,360,38.9,34.6,0.0,32,LOW
10,0,0,Highway,Clear,33.9,0.0,1471,93.2,43.3,30.4,91,HIGH
3,5,1,Highway,Clear,27.9,0.0,456,84.6,82.2,0.8,21,LOW
12,2,0,Highway,Clear,32.2,0.0,702,92.0,76.8,1.5,20,LOW
10,3,0,Highway,Clear,34.8,0.0,2136,92.3,16.4,33.9,74,HIGH
2,1,0,Arterial,Clear,31.7,0.0,223,59.4,56.8,0.0,26,LOW
0,1,0,Urban,Clear,12.0,0.0,152,40.9,36.9,0.0,16,LOW
5,2,0,Arterial,Clear,10.4,0.0,283,66.5,60.1,1.8,36,LOW
17,2,0,Arterial,Clear,35.5,0.0,1372,57.3,8.0,27.9,81,HIGH
23,2,0,Urban,Clear,23.2,0.0,285,35.8,30.4,1.6,32,LOW
9,4,0,Highway,Clear,24.5,0.0,1865,87.9,15.0,29.6,85,HIGH
4,4,0,Urban,Clear,41.2,0.0,168,37.0,34.1,0.3,37,LOW
22,5,1,Arterial,Clear,22.9,0.0,567,61.5,49.6,0.9,18,LOW
9,4,0,Arterial,Clear,27.0,0.0,1570,58.2,8.0,27.9,70,HIGH
11,6,1,Highway,Rain,28.1,0.73,295,93.1,77.1,0.2,10,LOW
1,6,1,Arterial,Clear,26.5,0.0,219,61.2,58.1,1.4,19,LOW
12,0,0,Highway,Clear,37.4,0.0,1475,86.6,39.6,14.6,74,HIGH
7,5,1,Urban,Clear,25.4,0.0,155,37.2,35.8,0.5,36,LOW
1,1,0,Highway,Clear,33.0,0.0,431,83.0,78.0,0.7,27,LOW
19,3,0,Urban,Clear,28.5,0.0,813,43.2,10.0,20.2,94,HIGH
0,0,0,Arterial,Clear,34.8,0.0,346,62.1,56.6,1.2,37,LOW
4,1,0,Highway,Clear,18.4,0.0,361,87.9,83.6,1.9,21,LOW
8,1,0,Arterial,Clear,12.2,0.0,1203,62.4,13.3,21.0,75,HIGH
16,5,1,Highway,Clear,28.2,0.0,1031,84.5,59.4,8.7,49,MEDIUM
8,2,0,Urban,Rain,22.1,9.56,826,37.4,9.4,33.1,91,HIGH
10,2,0,Urban,Clear,38.3,0.0,694,37.1,15.2,17.5,81,HIGH
14,0,0,Urban,Fog,27.4,0.31,555,40.8,22.5,4.9,49,MEDIUM
23,2,0,Highway,Clear,29.5,0.0,287,87.0,86.1,0.9,18,LOW
5,1,0,Arterial,Clear,25.8,0.0,412,54.2,46.8,1.7,19,LOW
22,2,0,Arterial,Clear,23.4,0.0,355,60.4,53.3,0.0,33,LOW
2,4,0,Urban,Rain,28.4,7.79,364,41.7,31.3,4.9,47,MEDIUM
16,2,0,Highway,Clear,35.1,0.0,1356,89.3,49.7,7.4,48,MEDIUM
4,1,0,Arterial,Clear,25.8,0.0,274,64.6,61.6,1.9,17,LOW
11,5,1,Arterial,Clear,25.3,0.0,358,63.2,58.5,1.4,18,LOW
17,0,0,Highway,Clear,33.6,0.0,2435,95.6,12.9,15.7,97,HIGH
13,3,0,Highway,Rain,16.2,2.05,1324,93.9,45.6,31.2,85,HIGH
20,2,0,Arterial,Clear,36.3,0.0,1224,60.9,14.0,18.8,91,HIGH
23,6,1,Urban,Clear,22.4,0.0,262,36.3,32.2,0.5,22,LOW
10,6,1,Urban,Clear,34.6,0.0,286,39.0,30.4,1.3,26,LOW
8,1,0,Arterial,Clear,30.1,0.0,1557,58.0,10.6,19.8,74,HIGH
1,3,0,Arterial,Clear,13.4,0.0,402,56.4,52.1,1.6,27,LOW
11,3,0,Highway,Clear,28.1,0.0,1069,87.1,62.3,9.6,45,MEDIUM
2,4,0,Urban,Clear,37.2,0.0,270,35.6,34.2,1.1,27,LOW
2,3,0,Urban,Fog,25.9,0.3,333,42.7,28.9,6.2,44,MEDIUM
0,6,1,Urban,Clear,26.5,0.0,142,36.8,34.1,2.7,25,LOW
7,5,1,Urban,Storm,22.6,2.33,285,42.4,22.7,4.9,44,MEDIUM
21,1,0,Highway,Clear,36.4,0.0,528,96.6,91.8,1.7,34,LOW
7,1,0,Urban,Clear,24.8,0.0,201,37.7,33.9,0.0,25,LOW
10,2,0,Arterial,Clear,40.5,0.0,776,57.8,38.1,4.5,52,MEDIUM
8,2,0,Highway,Rain,36.1,2.22,1698,92.5,25.8,25.2,89,HIGH
4,2,0,Arterial,Clear,37.3,0.0,301,58.3,55.7,1.1,8,LOW
13,6,1,Highway,Clear,28.6,0.0,1162,86.0,54.1,4.7,44,MEDIUM
2,6,1,Highway,Clear,24.6,0.0,569,92.2,85.3,0.0,19,LOW
20,6,1,Arterial,Rain,31.3,2.91,508,57.0,40.7,4.0,50,MEDIUM
4,6,1,Arterial,Clear,38.9,0.0,235,68.6,67.0,0.5,21,LOW
4,6,1,Urban,Clear,40.4,0.0,223,41.7,36.8,1.6,35,LOW
18,6,1,Highway,Clear,15.0,0.0,1396,93.3,49.7,5.8,45,MEDIUM
13,5,1,Highway,Rain,46.9,0.06,1109,89.6,55.5,9.0,41,MEDIUM
3,6,1,Highway,Storm,29.8,17.58,572,99.3,57.1,4.9,52,MEDIUM
12,3,0,Highway,Clear,33.5,0.0,1302,86.3,48.0,4.6,40,MEDIUM
9,3,0,Highway,Clear,21.7,0.0,2000,93.8,13.6,31.6,92,HIGH
17,4,0,Arterial,Fog,21.3,0.15,1323,54.6,9.4,30.1,90,HIGH
7,5,1,Arterial,Rain,17.9,2.11,426,69.2,53.6,1.6,18,LOW
7,2,0,Urban,Clear,39.9,0.0,218,42.5,39.0,0.5,25,LOW
6,0,0,Urban,Fog,23.2,0.27,136,37.2,29.1,1.2,37,LOW
7,6,1,Arterial,Clear,27.4,0.0,455,62.1,49.3,1.6,18,LOW
13,4,0,Highway,Clear,25.9,0.0,1679,95.3,32.8,19.1,84,HIGH
18,0,0,Highway,Rain,20.9,16.99,1858,85.5,14.8,30.1,89,HIGH
5,3,0,Urban,Clear,26.6,0.0,236,38.6,33.3,1.1,9,LOW
0,4,0,Arterial,Storm,28.6,3.04,352,56.0,34.1,7.5,47,MEDIUM
22,4,0,Urban,Clear,36.7,0.0,100,41.4,40.3,1.3,32,LOW
14,1,0,Urban,Clear,20.6,0.0,639,40.5,20.3,4.7,44,MEDIUM
0,3,0,Urban,Rain,23.9,2.84,174,40.1,30.6,0.6,29,LOW
16,3,0,Urban,Clear,31.9,0.0,386,37.6,30.5,0.7,21,LOW
0,5,1,Arterial,Clear,28.3,0.0,453,59.2,51.8,2.7,23,LOW
14,4,0,Highway,Fog,28.4,0.27,1014,86.4,51.4,5.7,50,MEDIUM
22,6,1,Urban,Clear,21.2,0.0,392,41.5,32.5,0.2,31,LOW
1,3,0,Arterial,Clear,33.4,0.0,225,55.8,55.2,1.8,23,LOW
13,4,0,Highway,Fog,37.9,0.03,1458,86.0,34.2,20.5,78,HIGH
20,5,1,Arterial,Clear,37.2,0.0,139,63.3,62.5,2.3,32,LOW
7,6,1,Arterial,Storm,26.6,12.05,530,58.2,31.5,4.1,40,MEDIUM
7,5,1,Urban,Rain,10.0,1.18,137,45.3,37.3,1.9,36,LOW
18,1,0,Arterial,Clear,29.6,0.0,1512,60.8,8.0,29.2,84,HIGH
6,6,1,Highway,Clear,28.7,0.0,594,80.9,75.0,0.8,16,LOW
18,4,0,Urban,Fog,20.9,0.05,914,36.0,8.0,18.7,79,HIGH
5,3,0,Urban,Clear,22.2,0.0,287,38.2,32.9,1.1,8,LOW
5,3,0,Arterial,Clear,21.0,0.0,420,63.0,55.9,1.1,28,LOW
2,4,0,Highway,Clear,29.9,0.0,484,93.2,85.4,0.7,20,LOW
6,4,0,Arterial,Clear,22.2,0.0,340,58.1,55.0,0.0,33,LOW
18,4,0,Arterial,Clear,29.2,0.0,1206,64.9,18.1,28.9,75,HIGH
7,2,0,Highway,Storm,44.6,3.97,357,91.6,52.0,9.7,66,MEDIUM
9,6,1,Highway,Fog,26.7,0.41,843,88.4,55.3,6.7,61,MEDIUM
19,3,0,Arterial,Clear,19.9,0.0,1627,64.7,8.0,25.2,84,HIGH
14,6,1,Arterial,Clear,17.8,0.0,1110,56.8,22.3,21.9,89,HIGH
14,5,1,Arterial,Clear,30.3,0.0,975,62.2,30.0,15.0,89,HIGH
0,3,0,Highway,Clear,42.0,0.0,426,93.3,85.0,1.3,18,LOW
19,2,0,Arterial,Rain,21.7,0.38,1278,62.5,10.8,28.3,85,HIGH
6,4,0,Urban,Rain,12.9,2.2,183,39.5,36.3,1.4,16,LOW
3,1,0,Highway,Rain,40.0,0.76,455,94.4,81.5,1.9,29,LOW
5,4,0,Highway,Clear,45.6,0.0,456,99.2,94.5,0.1,34,LOW
0,4,0,Arterial,Clear,33.3,0.0,255,59.4,58.7,2.9,32,LOW
4,2,0,Urban,Clear,31.0,0.0,318,40.2,34.2,0.6,27,LOW
22,6,1,Arterial,Clear,28.5,0.0,328,63.7,58.6,1.0,19,LOW
0,3,0,Highway,Clear,32.8,0.0,289,88.7,88.7,0.4,32,LOW
3,4,0,Highway,Fog,32.4,0.08,658,88.5,64.3,9.7,55,MEDIUM
21,3,0,Urban,Fog,30.0,0.1,279,36.5,29.5,1.1,29,LOW
1,0,0,Highway,Storm,21.3,8.79,548,81.4,48.8,9.8,42,MEDIUM
9,5,1,Arterial,Fog,29.9,0.12,261,55.5,41.7,0.0,9,LOW
4,6,1,Arterial,Clear,27.3,0.0,409,63.5,56.3,1.8,12,LOW
9,3,0,Highway,Clear,22.4,0.0,1470,84.9,43.9,6.4,60,MEDIUM
0,1,0,Urban,Clear,29.9,0.0,287,41.5,36.6,0.1,10,LOW
21,5,1,Arterial,Clear,24.6,0.0,317,65.9,62.5,0.0,10,LOW
5,1,0,Arterial,Clear,28.5,0.0,182,60.6,59.3,2.6,12,LOW
12,4,0,Highway,Rain,31.2,0.36,1705,85.6,26.2,12.7,97,HIGH
14,5,1,Highway,Clear,32.2,0.0,1599,89.3,37.5,26.9,94,HIGH
3,3,0,Arterial,Clear,24.8,0.0,373,61.5,56.8,0.8,25,LOW
12,5,1,Arterial,Clear,31.2,0.0,963,61.5,30.7,15.9,92,HIGH
23,4,0,Highway,Clear,32.8,0.0,604,90.6,81.4,0.8,21,LOW
19,2,0,Highway,Clear,34.8,0.0,2157,93.2,15.3,16.4,75,HIGH
23,6,1,Highway,Clear,30.1,0.0,903,95.0,76.7,0.4,16,LOW
14,1,0,Urban,Clear,32.2,0.0,558,38.6,24.0,9.2,40,MEDIUM
7,4,0,Urban,Rain,25.1,5.66,378,44.2,32.3,6.0,67,MEDIUM
4,2,0,Urban,Clear,46.0,0.0,149,41.0,41.0,0.3,26,LOW
14,5,1,Highway,Clear,27.6,0.0,1695,78.9,28.1,19.2,79,HIGH
3,5,1,Urban,Clear,35.8,0.0,200,39.4,36.8,1.1,36,LOW
11,4,0,Highway,Storm,24.6,9.76,1267,89.1,36.5,18.3,88,HIGH
12,3,0,Arterial,Clear,30.6,0.0,949,64.3,32.3,8.1,51,MEDIUM
1,5,1,Urban,Rain,30.4,0.6,122,38.3,33.4,1.6,16,LOW
18,3,0,Highway,Fog,31.7,0.24,1671,90.7,25.3,24.7,70,HIGH
18,3,0,Arterial,Rain,22.1,0.25,894,54.3,22.9,12.9,85,HIGH
3,6,1,Highway,Clear,30.7,0.0,399,85.8,79.0,0.4,15,LOW
3,3,0,Highway,Clear,24.6,0.0,389,94.0,84.3,0.0,20,LOW
10,0,0,Arterial,Clear,33.7,0.0,1127,55.1,18.2,13.5,71,HIGH
4,6,1,Arterial,Clear,21.9,0.0,228,63.9,60.4,0.7,15,LOW
19,2,0,Urban,Clear,30.1,0.0,803,43.4,13.6,33.1,96,HIGH
10,2,0,Arterial,Fog,27.8,0.29,1208,65.0,10.1,29.5,97,HIGH
9,5,1,Arterial,Fog,41.0,0.17,478,66.2,43.2,9.6,42,MEDIUM
7,5,1,Highway,Clear,35.8,0.0,352,93.9,87.9,1.2,32,LOW
5,3,0,Highway,Clear,37.6,0.0,336,92.1,91.3,1.5,25,LOW
5,6,1,Urban,Fog,22.6,0.05,289,41.9,30.8,5.0,43,MEDIUM
7,6,1,Highway,Clear,25.3,0.0,437,90.4,86.7,2.6,24,LOW
22,0,0,Arterial,Clear,28.0,0.0,391,58.5,54.3,0.9,24,LOW
14,3,0,Highway,Clear,36.0,0.0,1317,93.9,54.7,4.6,60,MEDIUM
13,0,0,Arterial,Rain,30.6,0.71,826,61.8,32.2,5.3,53,MEDIUM
10,3,0,Arterial,Clear,22.8,0.0,1162,63.5,20.3,19.1,75,HIGH
11,1,0,Highway,Rain,23.1,1.48,1202,89.0,48.5,4.8,64,MEDIUM
12,1,0,Highway,Clear,36.3,0.0,1019,89.4,64.3,8.7,42,MEDIUM
7,4,0,Arterial,Clear,30.9,0.0,423,60.8,54.4,2.3,31,LOW
17,3,0,Arterial,Clear,28.4,0.0,1116,59.5,23.2,17.2,91,HIGH
0,6,1,Highway,Clear,27.8,0.0,707,104.2,89.7,0.7,23,LOW
14,5,1,Arterial,Clear,34.3,0.0,891,67.7,36.0,5.1,49,MEDIUM
7,2,0,Highway,Clear,20.6,0.0,373,90.0,85.0,1.5,29,LOW
10,4,0,Urban,Rain,28.4,5.75,949,39.6,8.0,18.9,73,HIGH
11,5,1,Arterial,Clear,28.8,0.0,396,61.8,54.6,1.4,8,LOW
11,1,0,Highway,Rain,19.3,0.67,1215,87.9,48.4,8.8,56,MEDIUM
3,3,0,Arterial,Fog,26.5,0.05,260,58.2,42.4,5.4,65,MEDIUM
15,4,0,Arterial,Rain,44.0,2.54,855,60.2,33.2,5.2,42,MEDIUM
3,3,0,Highway,Fog,22.2,0.28,401,88.1,60.9,6.0,56,MEDIUM
4,1,0,Arterial,Clear,28.9,0.0,394,60.7,58.4,1.1,20,LOW
23,4,0,Highway,Clear,13.5,0.0,543,91.9,82.0,3.6,24,LOW
4,1,0,Highway,Fog,27.0,0.05,750,74.1,50.7,4.1,57,MEDIUM
7,0,0,Highway,Rain,20.5,1.17,678,80.4,61.9,0.2,9,LOW
9,1,0,Arterial,Rain,25.5,1.07,1362,56.6,8.0,30.9,71,HIGH
16,6,1,Highway,Clear,31.0,0.0,968,91.4,69.4,1.5,27,LOW
8,6,1,Arterial,Clear,20.1,0.0,345,56.9,52.8,1.8,35,LOW
21,3,0,Arterial,Clear,29.7,0.0,197,69.2,69.2,2.1,9,LOW
18,2,0,Arterial,Rain,22.5,0.72,1472,63.6,8.0,34.5,76,HIGH
13,1,0,Urban,Clear,18.7,0.0,456,45.9,31.8,5.2,43,MEDIUM
7,5,1,Urban,Clear,34.9,0.0,191,42.7,40.9,1.2,33,LOW
8,6,1,Arterial,Clear,21.3,0.0,534,53.7,42.5,0.1,24,LOW
21,2,0,Arterial,Clear,25.0,0.0,349,55.3,49.2,1.1,31,LOW
10,0,0,Highway,Clear,24.0,0.0,2700,87.4,11.8,17.4,85,HIGH
22,4,0,Urban,Rain,29.5,1.33,143,36.4,28.1,0.9,9,LOW
0,4,0,Highway,Rain,28.2,0.13,555,95.4,75.3,1.9,23,LOW
13,6,1,Highway,Clear,26.8,0.0,1499,89.2,40.7,16.1,97,HIGH
4,2,0,Arterial,Clear,23.0,0.0,171,60.8,59.0,1.9,37,LOW
20,6,1,Highway,Storm,26.1,12.54,347,96.9,61.3,4.7,65,MEDIUM
13,4,0,Highway,Clear,30.1,0.0,1131,99.6,67.7,4.3,59,MEDIUM
3,1,0,Arterial,Rain,28.8,15.63,219,58.9,48.9,0.4,30,LOW
21,2,0,Arterial,Clear,35.9,0.0,310,54.5,51.3,0.8,23,LOW
22,3,0,Arterial,Clear,33.3,0.0,266,55.2,52.7,1.2,31,LOW
0,1,0,Urban,Clear,35.7,0.0,123,43.4,41.6,0.8,33,LOW
21,1,0,Highway,Rain,37.5,3.52,253,91.3,78.0,2.8,22,LOW
22,1,0,Highway,Clear,29.3,0.0,421,85.5,82.1,0.0,36,LOW
18,3,0,Arterial,Clear,34.0,0.0,1460,62.8,8.0,22.9,87,HIGH
7,0,0,Highway,Clear,30.3,0.0,586,84.6,75.6,2.6,19,LOW
14,5,1,Arterial,Clear,37.3,0.0,600,52.9,41.4,0.5,9,LOW
20,6,1,Highway,Clear,15.7,0.0,565,80.0,75.4,1.0,16,LOW
14,4,0,Arterial,Clear,25.8,0.0,760,54.2,38.2,7.2,58,MEDIUM
8,6,1,Arterial,Clear,30.9,0.0,271,64.6,64.2,1.6,16,LOW
20,2,0,Arterial,Clear,32.0,0.0,1311,59.2,8.0,26.3,78,HIGH
8,0,0,Arterial,Clear,27.9,0.0,1800,59.9,11.5,30.5,78,HIGH
9,2,0,Arterial,Clear,16.4,0.0,1349,60.7,8.5,25.6,87,HIGH
19,6,1,Highway,Clear,26.8,0.0,1379,84.9,45.6,4.4,60,MEDIUM
20,4,0,Highway,Clear,33.7,0.0,2071,87.6,14.6,15.4,71,HIGH
8,3,0,Highway,Clear,25.8,0.0,1501,88.1,40.7,23.8,94,HIGH
2,6,1,Arterial,Clear,28.6,0.0,235,56.3,51.5,0.0,21,LOW
19,1,0,Arterial,Clear,41.4,0.0,1142,58.1,20.8,24.6,88,HIGH
10,6,1,Arterial,Clear,26.7,0.0,212,59.5,57.4,1.0,15,LOW
5,1,0,Highway,Clear,26.9,0.0,351,88.8,87.8,1.3,23,LOW
1,3,0,Arterial,Clear,29.4,0.0,418,61.7,55.8,1.0,28,LOW
6,6,1,Urban,Clear,29.7,0.0,138,38.5,38.5,0.7,11,LOW
17,0,0,Highway,Rain,28.9,1.57,2536,97.7,13.1,27.2,90,HIGH
1,0,0,Highway,Rain,30.8,3.86,651,84.8,67.2,0.9,35,LOW
16,2,0,Highway,Clear,19.7,0.0,1066,87.3,60.5,9.6,44,MEDIUM
10,3,0,Arterial,Clear,27.2,0.0,1531,61.6,9.5,25.6,81,HIGH
11,0,0,Arterial,Rain,19.4,2.97,621,62.5,43.0,9.2,66,MEDIUM
18,6,1,Highway,Fog,28.4,0.42,1556,84.0,27.5,18.0,90,HIGH
21,3,0,Arterial,Clear,32.2,0.0,162,59.6,55.1,0.0,9,LOW
23,4,0,Highway,Clear,27.0,0.0,405,94.0,89.8,1.9,25,LOW
6,1,0,Arterial,Clear,21.4,0.0,374,53.6,48.3,0.9,24,LOW
19,6,1,Arterial,Clear,25.0,0.0,604,59.6,43.4,5.8,45,MEDIUM
5,1,0,Arterial,Clear,40.6,0.0,295,54.1,51.4,1.6,18,LOW
20,1,0,Highway,Clear,38.1,0.0,2026,85.9,15.3,34.4,93,HIGH
23,3,0,Urban,Rain,24.2,3.4,209,40.3,32.6,0.9,33,LOW
0,3,0,Arterial,Clear,24.2,0.0,307,59.1,55.4,0.4,24,LOW
16,2,0,Highway,Clear,27.2,0.0,1120,84.3,57.5,4.8,51,MEDIUM
10,1,0,Highway,Clear,36.7,0.0,1923,96.1,12.7,28.0,92,HIGH
21,2,0,Arterial,Clear,15.7,0.0,470,58.7,46.2,1.4,36,LOW
17,1,0,Urban,Clear,24.1,0.0,933,41.6,8.0,29.0,70,HIGH
20,2,0,Urban,Clear,30.9,0.0,832,44.5,8.9,30.9,74,HIGH
16,2,0,Arterial,Clear,30.1,0.0,820,57.3,34.1,5.8,57,MEDIUM
6,4,0,Urban,Clear,25.0,0.0,324,41.8,34.9,1.1,28,LOW
16,2,0,Highway,Storm,26.2,12.05,1303,92.1,35.9,30.1,80,HIGH
19,3,0,Highway,Clear,30.3,0.0,2700,83.1,14.1,31.2,75,HIGH
8,2,0,Urban,Clear,25.1,0.0,774,43.6,11.3,28.0,83,HIGH
16,1,0,Urban,Clear,20.6,0.0,661,40.3,18.2,34.9,76,HIGH
19,2,0,Arterial,Clear,26.7,0.0,1290,57.9,9.4,22.2,95,HIGH
21,0,0,Urban,Clear,29.3,0.0,251,35.1,27.6,1.3,12,LOW
21,5,1,Urban,Clear,13.1,0.0,320,36.2,29.4,0.3,25,LOW
7,1,0,Urban,Clear,30.7,0.0,266,39.7,39.1,0.8,8,LOW
16,0,0,Urban,Clear,34.8,0.0,450,36.0,24.4,4.2,41,MEDIUM
6,1,0,Urban,Rain,25.5,0.88,131,41.9,39.6,1.5,19,LOW
0,3,0,Highway,Clear,25.6,0.0,336,88.1,84.0,1.8,19,LOW
12,5,1,Urban,Clear,22.8,0.0,700,35.3,16.3,30.8,79,HIGH
22,5,1,Highway,Clear,26.9,0.0,268,86.7,83.8,1.8,30,LOW
18,3,0,Urban,Rain,24.1,1.88,672,36.8,11.5,30.8,75,HIGH
23,5,1,Arterial,Clear,38.1,0.0,365,55.1,49.3,1.1,31,LOW
18,3,0,Arterial,Clear,28.9,0.0,1410,51.1,9.2,18.8,73,HIGH
16,0,0,Arterial,Rain,13.0,1.48,965,60.4,25.3,21.3,78,HIGH
12,4,0,Highway,Clear,32.0,0.0,910,85.2,65.1,0.7,9,LOW
15,1,0,Highway,Clear,40.0,0.0,964,99.4,77.4,0.3,23,LOW
7,3,0,Urban,Clear,31.6,0.0,296,43.0,36.7,0.3,16,LOW
18,1,0,Urban,Rain,36.3,0.04,521,44.9,26.6,9.3,52,MEDIUM
17,0,0,Highway,Rain,32.7,1.32,2652,93.6,12.5,31.4,76,HIGH
0,4,0,Urban,Storm,34.9,8.66,202,38.2,23.7,6.2,62,MEDIUM
13,0,0,Urban,Fog,34.6,0.3,761,41.0,12.0,33.6,79,HIGH
18,5,1,Arterial,Rain,34.7,9.54,1037,58.8,21.2,33.0,91,HIGH
14,1,0,Highway,Clear,30.2,0.0,1358,91.7,46.2,7.9,41,MEDIUM
17,6,1,Urban,Rain,16.0,0.96,532,42.7,21.4,8.0,44,MEDIUM
1,4,0,Arterial,Clear,20.4,0.0,196,62.4,59.2,1.6,16,LOW
21,5,1,Urban,Clear,20.5,0.0,197,40.0,35.3,0.0,10,LOW
16,4,0,Urban,Clear,10.3,0.0,444,40.2,32.1,1.6,18,LOW
17,5,1,Urban,Clear,25.0,0.0,652,40.7,19.5,12.9,88,HIGH
5,0,0,Arterial,Rain,37.9,0.58,256,64.4,53.1,0.6,22,LOW
18,3,0,Highway,Clear,17.9,0.0,2082,87.6,14.5,23.0,79,HIGH
3,1,0,Highway,Clear,33.1,0.0,534,88.7,85.1,1.5,9,LOW
0,2,0,Highway,Clear,31.7,0.0,610,87.5,81.0,0.6,35,LOW
7,2,0,Highway,Rain,29.6,7.13,529,90.7,74.8,2.2,20,LOW
22,0,0,Arterial,Clear,36.3,0.0,238,62.5,57.4,1.8,8,LOW
6,1,0,Arterial,Clear,27.7,0.0,396,61.2,55.2,1.2,25,LOW
2,1,0,Urban,Clear,38.7,0.0,249,39.8,35.2,1.3,24,LOW
9,0,0,Highway,Clear,26.6,0.0,2700,95.4,14.1,24.0,85,HIGH
9,1,0,Arterial,Clear,30.4,0.0,1200,56.8,11.0,34.7,70,HIGH
18,3,0,Highway,Clear,27.0,0.0,2167,82.5,12.7,22.6,92,HIGH
13,0,0,Highway,Rain,21.5,9.96,1494,91.6,35.0,22.3,77,HIGH
1,3,0,Highway,Clear,18.6,0.0,563,89.8,83.9,1.2,15,LOW
0,1,0,Arterial,Clear,32.0,0.0,540,59.3,49.7,0.0,20,LOW
22,0,0,Highway,Clear,37.4,0.0,293,83.4,80.2,1.1,31,LOW
22,1,0,Arterial,Clear,29.7,0.0,395,60.8,50.6,1.0,28,LOW
17,0,0,Highway,Clear,31.6,0.0,2692,99.0,15.5,24.8,73,HIGH
6,1,0,Urban,Clear,17.1,0.0,172,36.0,31.8,0.3,13,LOW
7,3,0,Urban,Clear,30.7,0.0,169,39.5,37.8,1.9,25,LOW
0,6,1,Urban,Rain,13.4,2.34,126,40.2,29.9,6.6,45,MEDIUM
22,3,0,Urban,Clear,19.6,0.0,200,38.7,36.9,1.2,27,LOW
2,1,0,Urban,Clear,37.3,0.0,252,40.5,34.8,0.6,16,LOW
23,0,0,Urban,Clear,28.1,0.0,238,38.7,32.6,1.3,15,LOW
22,2,0,Arterial,Clear,28.7,0.0,410,60.6,57.0,1.0,12,LOW
7,3,0,Highway,Clear,31.9,0.0,596,88.7,82.7,1.6,22,LOW
21,3,0,Highway,Clear,33.6,0.0,547,87.3,79.6,1.3,10,LOW
14,5,1,Highway,Fog,26.1,0.06,1419,89.6,34.6,34.8,88,HIGH
4,2,0,Arterial,Clear,30.1,0.0,235,61.9,59.3,0.1,27,LOW
2,1,0,Arterial,Clear,27.5,0.0,168,53.8,52.6,1.8,15,LOW
18,6,1,Urban,Rain,17.3,2.33,757,42.1,10.0,31.7,81,HIGH
0,0,0,Urban,Clear,25.5,0.0,175,37.8,37.8,1.0,32,LOW
14,5,1,Arterial,Rain,30.9,0.41,670,62.5,40.5,8.8,48,MEDIUM
7,1,0,Arterial,Clear,25.3,0.0,369,57.3,50.2,0.0,28,LOW
1,4,0,Urban,Clear,25.4,0.0,163,42.1,39.3,1.6,9,LOW
2,6,1,Highway,Clear,33.5,0.0,654,89.8,76.9,0.8,10,LOW
23,3,0,Urban,Rain,29.1,7.52,218,37.2,29.0,1.4,21,LOW
13,4,0,Highway,Fog,30.5,0.35,1333,87.8,42.0,29.6,82,HIGH
23,3,0,Arterial,Clear,16.6,0.0,316,64.8,61.1,0.0,19,LOW
13,3,0,Highway,Clear,31.1,0.0,1558,90.3,42.9,30.3,94,HIGH
10,4,0,Urban,Clear,20.2,0.0,621,38.6,17.7,21.9,71,HIGH
15,6,1,Arterial,Clear,27.8,0.0,667,64.6,49.1,0.5,22,LOW
3,4,0,Highway,Clear,20.6,0.0,452,94.3,87.9,1.7,35,LOW
19,1,0,Highway,Clear,34.5,0.0,2047,85.8,13.5,26.9,78,HIGH
4,5,1,Arterial,Clear,40.8,0.0,321,59.2,52.8,0.5,10,LOW
21,5,1,Urban,Clear,27.0,0.0,314,34.7,32.5,0.0,12,LOW
20,4,0,Urban,Clear,26.9,0.0,1149,42.6,8.0,28.6,91,HIGH
13,1,0,Arterial,Storm,35.2,4.76,957,60.0,16.9,22.8,82,HIGH
22,5,1,Highway,Rain,32.0,7.62,318,93.4,80.3,1.5,31,LOW
15,1,0,Arterial,Clear,27.5,0.0,516,52.3,42.6,0.3,33,LOW
17,1,0,Arterial,Rain,30.6,3.56,1758,58.9,9.3,32.8,76,HIGH
6,3,0,Urban,Clear,42.2,0.0,238,40.5,39.1,0.0,14,LOW
9,5,1,Highway,Fog,23.3,0.48,749,79.4,54.7,7.0,45,MEDIUM
6,5,1,Arterial,Clear,23.9,0.0,230,62.6,56.7,0.4,8,LOW
0,3,0,Arterial,Clear,33.6,0.0,472,58.7,50.6,0.7,31,LOW
22,4,0,Urban,Fog,42.8,0.49,188,34.7,27.5,2.0,27,LOW
20,3,0,Urban,Clear,29.2,0.0,903,38.5,8.2,17.3,76,HIGH
18,5,1,Urban,Fog,16.0,0.0,612,41.4,16.9,23.4,81,HIGH
15,5,1,Arterial,Rain,30.7,0.45,770,56.3,32.3,6.7,63,MEDIUM
18,6,1,Highway,Storm,24.3,9.92,1626,89.8,22.1,27.3,96,HIGH
3,4,0,Urban,Clear,31.3,0.0,250,38.7,36.7,0.5,18,LOW
17,3,0,Arterial,Clear,18.5,0.0,1360,52.0,8.0,26.3,84,HIGH
1,0,0,Highway,Clear,17.7,0.0,636,93.1,84.6,0.7,14,LOW
0,0,0,Arterial,Fog,25.9,0.48,238,63.2,46.8,5.6,66,MEDIUM
14,4,0,Urban,Clear,39.6,0.0,393,43.4,34.6,1.5,10,LOW
4,3,0,Highway,Clear,18.4,0.0,291,90.0,85.7,2.5,9,LOW
19,3,0,Arterial,Clear,25.8,0.0,1288,61.9,10.4,28.6,93,HIGH
10,1,0,Arterial,Clear,17.8,0.0,1328,53.5,8.0,24.7,91,HIGH
9,5,1,Highway,Clear,30.0,0.0,503,91.2,84.5,1.2,26,LOW
1,2,0,Highway,Clear,29.6,0.0,425,88.4,81.1,1.0,23,LOW
2,6,1,Urban,Rain,18.0,18.04,306,39.8,29.7,5.4,51,MEDIUM
22,4,0,Urban,Clear,37.0,0.0,245,36.6,33.2,0.3,16,LOW
22,2,0,Highway,Fog,14.5,0.28,531,95.6,69.0,7.6,63,MEDIUM
11,2,0,Urban,Clear,39.0,0.0,598,35.0,20.8,6.0,49,MEDIUM
19,4,0,Urban,Clear,37.6,0.0,1162,40.8,8.0,15.9,77,HIGH
4,3,0,Arterial,Clear,30.1,0.0,349,56.3,50.3,0.8,14,LOW
4,4,0,Arterial,Clear,34.3,0.0,223,68.5,66.6,1.5,30,LOW
5,2,0,Urban,Clear,26.8,0.0,201,42.1,42.1,1.1,13,LOW
8,5,1,Arterial,Rain,17.2,0.67,215,59.9,50.7,0.5,30,LOW
1,6,1,Highway,Clear,29.7,0.0,664,84.9,74.9,0.5,37,LOW
20,6,1,Urban,Clear,17.0,0.0,339,42.7,34.3,1.0,11,LOW
11,5,1,Arterial,Clear,27.9,0.0,362,46.9,43.0,0.0,14,LOW
2,5,1,Highway,Rain,19.3,0.62,561,91.9,73.7,1.7,23,LOW
19,3,0,Arterial,Clear,34.8,0.0,1800,62.0,10.8,26.6,92,HIGH
21,0,0,Arterial,Clear,30.7,0.0,390,61.8,55.5,0.0,15,LOW
11,4,0,Urban,Clear,32.7,0.0,500,42.5,30.6,9.6,51,MEDIUM
23,6,1,Arterial,Storm,30.4,16.43,533,57.7,30.5,4.1,64,MEDIUM
16,5,1,Highway,Clear,41.2,0.0,1147,92.7,62.7,6.9,44,MEDIUM
9,4,0,Arterial,Clear,35.2,0.0,1387,57.3,11.0,21.9,87,HIGH
23,6,1,Arterial,Clear,39.9,0.0,520,56.7,47.2,0.6,27,LOW
13,5,1,Highway,Rain,21.7,3.14,1800,84.8,18.9,19.3,81,HIGH
22,6,1,Arterial,Clear,24.2,0.0,478,59.0,54.2,1.9,34,LOW
16,3,0,Urban,Rain,11.0,2.79,706,43.3,15.2,32.9,81,HIGH
17,0,0,Highway,Clear,25.3,0.0,2494,98.6,15.0,28.6,70,HIGH
18,0,0,Arterial,Clear,27.8,0.0,948,58.9,29.1,31.4,76,HIGH
16,5,1,Highway,Clear,31.0,0.0,1979,86.8,18.4,25.6,76,HIGH
13,6,1,Highway,Rain,24.3,2.19,1377,96.6,44.9,16.7,88,HIGH
8,3,0,Arterial,Clear,33.2,0.0,1209,61.7,14.6,34.9,74,HIGH
7,1,0,Highway,Fog,32.7,0.36,590,90.1,65.2,9.3,47,MEDIUM
1,4,0,Urban,Clear,24.7,0.0,342,36.7,33.6,1.8,15,LOW
12,4,0,Highway,Fog,21.3,0.43,966,97.2,59.1,5.8,40,MEDIUM
6,2,0,Arterial,Clear,28.5,0.0,279,60.4,58.3,1.8,22,LOW
8,3,0,Highway,Clear,28.7,0.0,1770,90.0,28.5,24.4,75,HIGH
21,6,1,Urban,Clear,23.7,0.0,219,41.6,40.1,1.3,17,LOW
21,2,0,Arterial,Clear,26.2,0.0,449,60.1,55.3,1.7,36,LOW
10,5,1,Arterial,Clear,18.1,0.0,416,65.9,58.1,0.0,30,LOW
13,6,1,Highway,Clear,32.7,0.0,1528,95.1,44.5,24.3,78,HIGH
3,2,0,Arterial,Clear,32.9,0.0,292,57.8,51.8,0.3,9,LOW
12,0,0,Highway,Clear,28.3,0.0,1458,90.4,41.5,16.4,80,HIGH
1,4,0,Urban,Clear,33.4,0.0,231,38.2,35.3,0.2,22,LOW
22,6,1,Arterial,Clear,28.9,0.0,299,67.6,62.2,0.5,25,LOW
4,2,0,Arterial,Clear,39.3,0.0,452,57.1,48.5,0.7,12,LOW
10,0,0,Arterial,Clear,18.9,0.0,999,59.5,29.0,17.9,86,HIGH
5,3,0,Arterial,Clear,29.4,0.0,289,61.5,59.9,0.8,26,LOW
17,2,0,Arterial,Clear,34.3,0.0,1288,62.0,8.5,32.1,87,HIGH
20,5,1,Arterial,Rain,38.4,1.26,552,62.7,45.2,6.9,41,MEDIUM
9,5,1,Arterial,Fog,33.5,0.11,286,63.2,49.9,0.6,28,LOW
3,5,1,Arterial,Clear,20.7,0.0,540,62.8,45.3,7.8,66,MEDIUM
8,6,1,Arterial,Clear,16.4,0.0,513,58.3,51.6,0.2,35,LOW
5,4,0,Highway,Clear,26.8,0.0,340,87.3,85.0,1.3,18,LOW
1,2,0,Urban,Clear,30.5,0.0,154,40.1,38.6,0.0,14,LOW
16,3,0,Arterial,Clear,34.6,0.0,945,57.8,33.9,7.9,40,MEDIUM
4,2,0,Arterial,Clear,20.3,0.0,317,57.4,57.4,2.0,25,LOW
5,4,0,Urban,Clear,32.3,0.0,249,38.7,33.5,0.3,31,LOW
11,0,0,Highway,Clear,10.0,0.0,980,100.5,73.4,7.6,66,MEDIUM
22,4,0,Urban,Clear,22.8,0.0,305,44.6,39.2,2.1,21,LOW
20,5,1,Urban,Clear,34.0,0.0,254,39.3,37.9,0.0,14,LOW
9,6,1,Urban,Clear,19.7,0.0,161,33.8,29.7,0.5,33,LOW
21,0,0,Urban,Clear,20.3,0.0,164,38.2,34.6,1.8,34,LOW
20,6,1,Arterial,Clear,24.3,0.0,253,63.5,59.4,0.2,27,LOW
5,5,1,Highway,Rain,29.2,3.88,576,82.2,64.6,1.4,12,LOW
7,1,0,Arterial,Rain,20.2,8.62,450,62.4,41.9,5.0,45,MEDIUM
1,4,0,Highway,Clear,27.8,0.0,305,92.7,87.3,1.4,18,LOW
11,4,0,Highway,Clear,25.0,0.0,772,90.1,73.9,0.7,36,LOW
12,3,0,Urban,Clear,36.1,0.0,513,39.9,25.6,8.2,66,MEDIUM
20,2,0,Highway,Clear,24.6,0.0,1495,85.5,38.2,23.5,86,HIGH
6,0,0,Urban,Clear,28.2,0.0,103,42.1,39.1,1.0,23,LOW
9,6,1,Urban,Clear,29.2,0.0,169,40.9,37.6,1.6,10,LOW
12,0,0,Urban,Clear,25.1,0.0,462,38.6,31.4,0.0,13,LOW
16,3,0,Urban,Clear,33.4,0.0,502,37.6,26.2,7.7,53,MEDIUM
20,3,0,Urban,Fog,34.8,0.17,869,36.4,8.0,18.4,96,HIGH
13,6,1,Urban,Rain,24.6,1.11,512,41.1,23.1,8.7,52,MEDIUM
1,2,0,Arterial,Clear,30.1,0.0,380,59.2,55.1,1.3,25,LOW
21,6,1,Highway,Clear,21.5,0.0,761,89.1,76.7,0.9,21,LOW
10,6,1,Urban,Clear,31.9,0.0,308,35.3,32.0,1.3,35,LOW
0,5,1,Urban,Rain,29.6,0.9,261,36.7,27.6,1.3,9,LOW
18,2,0,Arterial,Rain,25.5,1.03,1800,55.2,8.0,25.9,89,HIGH
20,4,0,Highway,Storm,30.3,3.45,2189,93.8,8.0,32.0,86,HIGH
3,5,1,Arterial,Clear,32.1,0.0,438,60.7,57.7,2.3,31,LOW
18,1,0,Highway,Rain,36.6,3.18,2375,88.6,12.0,25.1,77,HIGH
20,2,0,Urban,Clear,30.8,0.0,649,43.3,22.4,8.0,51,MEDIUM
10,3,0,Urban,Rain,34.2,1.15,817,42.9,8.2,18.5,92,HIGH
7,5,1,Highway,Rain,41.3,3.34,369,95.5,79.3,0.1,34,LOW
10,2,0,Arterial,Clear,20.8,0.0,1321,59.0,8.2,29.7,81,HIGH
3,0,0,Highway,Clear,36.2,0.0,318,82.9,82.5,0.0,9,LOW
16,6,1,Arterial,Rain,21.8,0.3,885,66.8,30.8,29.1,93,HIGH
6,1,0,Highway,Clear,23.0,0.0,669,92.6,79.2,1.1,19,LOW
7,4,0,Arterial,Clear,27.9,0.0,381,62.2,51.8,0.6,20,LOW
2,6,1,Arterial,Clear,23.5,0.0,232,62.7,62.7,2.0,25,LOW
21,0,0,Highway,Clear,22.3,0.0,268,103.8,103.8,0.3,34,LOW
1,0,0,Arterial,Clear,27.6,0.0,183,59.6,56.5,2.3,16,LOW
22,1,0,Highway,Clear,25.7,0.0,461,97.2,89.5,0.6,17,LOW
14,4,0,Arterial,Clear,23.3,0.0,969,56.6,26.0,28.9,97,HIGH
23,3,0,Highway,Clear,21.3,0.0,387,94.1,91.4,1.1,35,LOW
21,5,1,Arterial,Clear,38.0,0.0,393,67.1,62.3,0.8,37,LOW
21,4,0,Urban,Clear,19.6,0.0,308,39.9,34.6,0.0,22,LOW
4,2,0,Urban,Clear,26.8,0.0,291,34.2,25.1,5.2,41,MEDIUM
23,0,0,Urban,Clear,35.8,0.0,232,41.7,38.1,1.4,19,LOW
0,2,0,Urban,Clear,33.7,0.0,103,39.3,37.3,0.0,35,LOW
3,3,0,Highway,Rain,29.6,0.43,458,94.2,77.7,1.1,24,LOW
14,2,0,Highway,Clear,23.6,0.0,1093,87.7,60.9,7.0,48,MEDIUM
19,4,0,Arterial,Rain,27.9,2.69,1260,69.6,14.2,26.5,97,HIGH
18,2,0,Urban,Clear,20.1,0.0,944,40.3,8.0,33.2,78,HIGH
2,3,0,Urban,Storm,26.0,9.16,144,42.4,25.3,9.4,61,MEDIUM
19,3,0,Highway,Clear,25.9,0.0,1749,85.0,22.6,15.6,88,HIGH
10,3,0,Arterial,Clear,26.6,0.0,1132,55.3,21.2,14.2,86,HIGH
16,4,0,Highway,Clear,22.5,0.0,1445,83.5,41.2,14.7,81,HIGH
12,3,0,Urban,Clear,16.1,0.0,389,36.1,28.5,0.4,15,LOW
10,0,0,Arterial,Clear,36.8,0.0,1086,62.7,20.1,21.5,90,HIGH
1,6,1,Highway,Clear,35.2,0.0,664,87.0,76.6,2.8,13,LOW
8,3,0,Arterial,Clear,34.1,0.0,1267,54.9,10.4,26.1,96,HIGH
1,2,0,Arterial,Rain,30.6,1.11,310,57.2,47.2,2.3,37,LOW
20,5,1,Urban,Clear,29.2,0.0,279,42.1,36.0,1.3,29,LOW
8,2,0,Highway,Clear,23.1,0.0,2525,93.4,11.7,13.6,88,HIGH
8,5,1,Urban,Clear,23.9,0.0,352,43.0,35.5,1.0,23,LOW
7,2,0,Arterial,Clear,38.2,0.0,215,58.9,58.9,1.7,30,LOW
16,4,0,Urban,Fog,39.8,0.41,544,46.0,20.8,22.1,95,HIGH
0,2,0,Urban,Rain,26.7,0.72,139,43.2,36.7,0.5,27,LOW
10,4,0,Highway,Rain,28.0,1.57,1733,84.1,25.8,15.7,94,HIGH
7,4,0,Highway,Fog,33.1,0.28,617,94.1,65.7,5.4,51,MEDIUM
9,3,0,Arterial,Clear,28.7,0.0,955,60.1,31.0,9.8,63,MEDIUM
6,0,0,Highway,Clear,29.2,0.0,354,89.2,85.3,2.3,22,LOW
2,5,1,Urban,Clear,27.6,0.0,175,40.0,38.5,1.3,9,LOW
2,3,0,Arterial,Rain,21.4,7.07,136,57.3,49.3,3.8,36,LOW
17,3,0,Urban,Rain,25.4,1.9,1200,43.0,8.0,34.0,79,HIGH
4,6,1,Highway,Clear,27.1,0.0,451,87.1,85.4,0.4,24,LOW
11,4,0,Highway,Clear,10.4,0.0,1492,87.2,42.9,18.4,85,HIGH
11,4,0,Arterial,Fog,28.6,0.2,981,63.0,22.1,33.8,88,HIGH
18,5,1,Highway,Clear,44.3,0.0,1068,100.9,72.0,6.7,62,MEDIUM
5,2,0,Arterial,Rain,25.0,3.03,318,58.0,46.1,0.4,10,LOW
1,2,0,Urban,Clear,28.2,0.0,178,36.3,32.9,0.2,12,LOW
11,3,0,Arterial,Clear,22.1,0.0,903,64.6,35.5,5.4,55,MEDIUM
18,1,0,Urban,Clear,20.3,0.0,1138,40.6,8.0,23.8,80,HIGH
4,1,0,Highway,Clear,25.8,0.0,502,92.5,86.9,2.5,37,LOW
11,2,0,Highway,Clear,32.4,0.0,1516,90.2,40.3,26.1,89,HIGH
16,1,0,Urban,Clear,26.4,0.0,595,41.8,22.4,8.4,44,MEDIUM
16,6,1,Urban,Rain,25.4,1.33,697,41.1,17.1,17.0,91,HIGH
9,2,0,Arterial,Clear,31.5,0.0,1134,57.9,18.0,13.8,86,HIGH
22,4,0,Urban,Rain,29.4,4.32,327,42.1,31.1,8.0,43,MEDIUM
16,3,0,Arterial,Clear,30.0,0.0,983,62.0,29.1,17.9,70,HIGH
14,0,0,Highway,Fog,36.3,0.12,1227,88.1,44.3,7.3,52,MEDIUM
11,3,0,Highway,Clear,35.5,0.0,1293,89.1,48.5,9.4,46,MEDIUM
15,2,0,Urban,Clear,38.5,0.0,701,37.6,17.1,28.1,84,HIGH
23,6,1,Highway,Clear,19.5,0.0,700,92.3,81.6,0.3,21,LOW
18,2,0,Arterial,Clear,34.0,0.0,1756,61.9,8.0,23.2,79,HIGH
7,3,0,Arterial,Fog,39.5,0.41,387,59.8,41.5,4.4,55,MEDIUM
20,6,1,Arterial,Clear,16.6,0.0,411,55.4,50.2,0.1,30,LOW
16,6,1,Arterial,Clear,27.9,0.0,956,51.9,26.0,8.3,45,MEDIUM
22,6,1,Highway,Rain,24.2,1.11,641,88.8,69.1,1.2,29,LOW
4,5,1,Highway,Clear,27.8,0.0,591,91.2,80.0,0.9,37,LOW
21,2,0,Arterial,Rain,36.0,17.22,415,62.6,49.6,0.4,20,LOW
15,1,0,Arterial,Clear,18.2,0.0,707,64.5,44.9,6.3,54,MEDIUM
5,1,0,Arterial,Rain,29.7,1.33,305,58.6,46.0,0.1,37,LOW
7,2,0,Arterial,Clear,24.0,0.0,146,53.7,53.7,0.5,23,LOW
17,2,0,Highway,Storm,36.2,23.11,1961,87.4,8.8,28.0,79,HIGH
11,5,1,Urban,Clear,30.9,0.0,217,46.5,46.0,0.7,13,LOW
14,1,0,Arterial,Clear,26.9,0.0,991,66.6,32.5,26.9,97,HIGH
8,2,0,Highway,Clear,23.0,0.0,2025,92.1,13.9,21.5,94,HIGH
12,2,0,Arterial,Clear,46.6,0.0,704,58.3,41.9,9.7,54,MEDIUM
14,5,1,Urban,Clear,30.0,0.0,759,39.7,13.2,29.9,85,HIGH
9,5,1,Urban,Clear,18.1,0.0,172,45.1,41.7,0.2,19,LOW
15,3,0,Highway,Clear,22.3,0.0,1341,91.0,49.2,7.7,53,MEDIUM
6,5,1,Arterial,Rain,30.9,1.77,287,58.5,45.1,0.9,27,LOW
16,0,0,Highway,Clear,22.9,0.0,1766,96.6,25.9,18.3,90,HIGH
22,1,0,Highway,Rain,23.8,0.99,385,80.3,66.7,1.7,14,LOW
20,3,0,Arterial,Clear,34.9,0.0,1641,56.0,8.0,23.6,71,HIGH
21,0,0,Arterial,Clear,34.3,0.0,234,56.8,54.9,1.9,34,LOW
6,2,0,Urban,Rain,24.0,0.9,198,43.0,35.5,0.5,23,LOW
13,2,0,Highway,Rain,36.2,6.64,1137,87.2,51.1,8.1,58,MEDIUM
14,3,0,Highway,Clear,23.0,0.0,1061,81.1,57.1,9.7,50,MEDIUM
20,5,1,Arterial,Clear,39.9,0.0,192,57.2,57.2,2.1,32,LOW
6,6,1,Highway,Clear,31.8,0.0,520,87.6,81.5,0.9,19,LOW
8,6,1,Highway,Clear,30.0,0.0,875,89.7,68.4,0.0,26,LOW
18,2,0,Highway,Clear,25.3,0.0,1691,90.6,29.8,25.0,82,HIGH
15,6,1,Arterial,Clear,23.7,0.0,1208,63.9,13.5,23.3,86,HIGH
7,4,0,Highway,Clear,11.7,0.0,277,88.4,88.4,1.8,28,LOW
17,3,0,Arterial,Clear,25.9,0.0,1747,57.7,8.0,31.1,72,HIGH
22,0,0,Highway,Fog,27.9,0.15,306,90.2,69.3,1.3,18,LOW
17,3,0,Highway,Rain,15.2,1.45,2461,91.2,11.5,28.3,78,HIGH
19,1,0,Arterial,Clear,33.8,0.0,1230,57.6,14.2,12.5,83,HIGH
6,5,1,Highway,Clear,26.9,0.0,846,81.5,66.1,0.6,25,LOW
2,5,1,Arterial,Clear,36.5,0.0,283,58.0,52.3,0.0,33,LOW
17,3,0,Highway,Rain,23.2,0.77,1685,94.0,27.3,27.0,90,HIGH
9,2,0,Arterial,Clear,36.7,0.0,1393,59.7,8.2,13.9,70,HIGH
6,2,0,Highway,Clear,24.9,0.0,372,96.2,90.4,1.4,23,LOW
16,4,0,Highway,Clear,27.6,0.0,1264,92.5,55.9,6.1,47,MEDIUM
13,4,0,Arterial,Clear,29.5,0.0,806,57.9,36.9,5.7,61,MEDIUM
23,5,1,Urban,Clear,27.7,0.0,219,44.4,38.0,1.5,29,LOW
2,4,0,Highway,Rain,30.1,11.38,535,85.7,70.8,0.8,25,LOW
11,0,0,Arterial,Clear,14.5,0.0,770,53.3,34.5,4.9,66,MEDIUM
12,4,0,Arterial,Clear,27.0,0.0,713,61.4,44.4,7.9,49,MEDIUM
1,0,0,Arterial,Clear,27.4,0.0,201,56.9,56.9,3.1,16,LOW
2,4,0,Urban,Clear,14.1,0.0,308,39.8,34.1,0.6,14,LOW
4,5,1,Highway,Clear,32.5,0.0,389,84.6,77.9,1.6,17,LOW
10,5,1,Urban,Clear,21.6,0.0,227,40.0,37.0,0.1,35,LOW
7,0,0,Arterial,Clear,34.6,0.0,231,61.9,61.9,1.6,25,LOW
22,3,0,Highway,Storm,28.6,4.81,509,93.2,59.3,7.1,66,MEDIUM
22,5,1,Urban,Fog,24.0,0.12,306,36.6,24.2,7.6,58,MEDIUM
11,3,0,Arterial,Clear,35.0,0.0,983,54.6,29.5,5.8,63,MEDIUM
6,2,0,Arterial,Rain,39.6,10.08,196,61.6,51.4,3.4,9,LOW
14,0,0,Arterial,Fog,28.3,0.45,851,58.5,28.4,30.7,95,HIGH
23,6,1,Arterial,Clear,37.6,0.0,240,57.8,57.8,0.8,35,LOW
16,5,1,Highway,Clear,26.8,0.0,1201,89.4,56.7,6.5,47,MEDIUM
3,1,0,Arterial,Clear,34.7,0.0,303,59.3,56.3,0.2,14,LOW
21,2,0,Highway,Clear,25.4,0.0,286,91.9,88.6,0.0,34,LOW
12,3,0,Urban,Rain,40.8,1.0,478,41.5,27.6,7.9,41,MEDIUM
17,5,1,Urban,Clear,35.5,0.0,685,43.0,20.4,26.0,95,HIGH
0,0,0,Arterial,Clear,31.3,0.0,312,59.0,55.8,1.2,28,LOW
15,6,1,Arterial,Clear,10.3,0.0,969,64.0,29.8,14.6,84,HIGH
12,4,0,Highway,Clear,31.1,0.0,1185,92.9,58.2,4.2,56,MEDIUM
9,6,1,Highway,Clear,19.4,0.0,335,94.4,89.2,2.7,11,LOW
11,1,0,Urban,Clear,30.5,0.0,580,36.7,19.2,6.8,56,MEDIUM
1,3,0,Highway,Clear,36.9,0.0,406,89.5,83.3,2.3,9,LOW
22,2,0,Arterial,Rain,32.8,7.0,450,67.6,51.6,1.4,34,LOW
2,6,1,Urban,Rain,34.0,1.01,292,35.9,28.4,1.8,35,LOW
9,0,0,Urban,Rain,25.4,0.31,925,45.4,8.0,12.6,81,HIGH
1,1,0,Arterial,Rain,17.3,6.01,228,67.0,56.7,1.2,13,LOW
22,0,0,Arterial,Rain,22.6,5.17,262,62.9,55.2,0.3,12,LOW
12,5,1,Arterial,Clear,25.7,0.0,1113,54.6,21.1,34.0,76,HIGH
12,4,0,Urban,Clear,27.9,0.0,317,39.4,31.5,1.7,16,LOW
17,2,0,Arterial,Clear,36.9,0.0,1139,63.2,21.5,12.3,78,HIGH
2,0,0,Arterial,Clear,33.1,0.0,404,54.7,51.1,0.4,22,LOW
6,3,0,Highway,Clear,43.5,0.0,283,93.4,92.3,0.4,16,LOW
13,5,1,Highway,Rain,21.0,1.22,1215,90.5,52.3,4.3,64,MEDIUM
19,5,1,Arterial,Clear,36.1,0.0,707,57.7,37.9,5.5,48,MEDIUM
16,2,0,Urban,Clear,34.1,0.0,402,36.6,28.5,0.9,26,LOW
20,5,1,Urban,Clear,27.2,0.0,155,44.4,39.2,0.3,11,LOW
11,3,0,Urban,Clear,21.3,0.0,520,42.3,28.4,5.9,48,MEDIUM
15,0,0,Arterial,Storm,23.7,2.94,612,59.3,32.3,6.0,66,MEDIUM
23,2,0,Urban,Clear,23.4,0.0,261,40.1,38.9,0.0,12,LOW
11,5,1,Urban,Clear,40.0,0.0,210,39.2,36.3,2.2,33,LOW
14,5,1,Arterial,Clear,33.8,0.0,877,52.8,28.8,4.4,50,MEDIUM
9,3,0,Highway,Rain,34.1,0.81,2201,96.4,12.9,33.4,71,HIGH
6,4,0,Arterial,Clear,28.6,0.0,240,60.9,59.1,1.5,27,LOW
19,4,0,Urban,Clear,26.4,0.0,955,42.9,8.0,25.2,75,HIGH
4,6,1,Highway,Rain,30.4,5.16,591,87.7,66.3,1.2,33,LOW
0,5,1,Urban,Clear,28.7,0.0,290,40.3,35.9,1.7,8,LOW
16,0,0,Highway,Clear,27.3,0.0,1704,91.6,27.1,22.9,77,HIGH
2,2,0,Arterial,Clear,30.6,0.0,465,64.1,55.3,1.1,29,LOW
12,5,1,Arterial,Rain,20.5,11.71,893,67.2,30.0,22.3,71,HIGH
13,1,0,Arterial,Clear,29.9,0.0,649,58.6,44.3,1.3,21,LOW
23,2,0,Arterial,Clear,27.2,0.0,401,58.6,55.5,0.9,10,LOW
17,6,1,Urban,Clear,23.0,0.0,725,39.3,16.9,12.8,90,HIGH
3,4,0,Arterial,Clear,32.5,0.0,245,57.6,57.3,1.3,29,LOW
17,5,1,Highway,Clear,40.6,0.0,1497,103.2,50.8,25.9,83,HIGH
4,3,0,Arterial,Clear,36.9,0.0,561,53.3,42.6,0.5,13,LOW
15,1,0,Highway,Clear,26.0,0.0,880,103.4,80.0,1.5,14,LOW
0,5,1,Highway,Clear,32.7,0.0,587,93.2,86.1,0.3,16,LOW
20,6,1,Arterial,Clear,33.9,0.0,544,59.7,48.9,0.7,18,LOW
13,0,0,Urban,Clear,28.8,0.0,539,37.5,26.2,9.7,41,MEDIUM
14,1,0,Arterial,Clear,27.8,0.0,766,59.8,41.4,9.8,58,MEDIUM
8,6,1,Arterial,Clear,30.4,0.0,469,57.7,45.9,0.0,29,LOW
14,5,1,Arterial,Clear,45.6,0.0,1072,65.5,25.8,23.2,89,HIGH
16,0,0,Highway,Storm,29.8,5.0,1555,93.2,25.4,19.7,91,HIGH
23,1,0,Urban,Clear,19.1,0.0,199,45.0,42.7,1.4,35,LOW
3,0,0,Arterial,Clear,20.7,0.0,439,58.8,54.1,0.0,35,LOW
11,0,0,Urban,Clear,26.8,0.0,464,40.4,25.5,8.0,42,MEDIUM
4,1,0,Highway,Clear,19.3,0.0,685,89.5,74.7,0.3,10,LOW
4,1,0,Highway,Rain,27.1,5.97,328,88.1,72.3,1.7,27,LOW
10,0,0,Urban,Clear,43.6,0.0,766,36.9,12.6,27.2,80,HIGH
5,6,1,Arterial,Clear,24.4,0.0,492,62.9,54.4,1.2,22,LOW
6,4,0,Highway,Clear,20.4,0.0,640,91.7,82.7,1.3,8,LOW
23,1,0,Highway,Clear,26.5,0.0,468,89.8,85.6,3.3,36,LOW
13,5,1,Urban,Clear,27.3,0.0,627,41.5,23.1,6.6,67,MEDIUM
23,2,0,Arterial,Clear,21.1,0.0,402,58.4,57.5,2.7,17,LOW
10,3,0,Arterial,Rain,19.3,0.91,1800,60.1,9.7,18.4,91,HIGH
12,0,0,Highway,Rain,37.5,3.98,1096,94.3,56.2,7.9,50,MEDIUM
1,0,0,Arterial,Clear,31.5,0.0,322,64.0,57.3,2.1,14,LOW
6,3,0,Urban,Clear,24.6,0.0,138,44.6,43.9,1.5,19,LOW
19,4,0,Highway,Fog,19.9,0.04,1881,84.5,10.5,22.9,75,HIGH
3,3,0,Arterial,Clear,24.4,0.0,454,56.1,47.2,0.5,14,LOW
7,1,0,Urban,Clear,19.4,0.0,260,36.5,36.3,1.8,32,LOW
19,3,0,Highway,Rain,23.9,3.08,2603,86.8,9.4,30.0,80,HIGH
21,0,0,Arterial,Clear,42.5,0.0,335,58.7,54.7,0.6,16,LOW
20,3,0,Arterial,Clear,29.7,0.0,1183,61.7,17.2,15.3,93,HIGH
18,2,0,Arterial,Clear,23.7,0.0,1333,64.7,8.0,24.7,92,HIGH
12,5,1,Arterial,Clear,32.8,0.0,616,58.4,42.6,9.4,41,MEDIUM
13,1,0,Arterial,Storm,21.5,5.14,590,62.3,28.4,20.3,92,HIGH
9,3,0,Arterial,Clear,25.2,0.0,1052,65.1,25.2,30.3,96,HIGH
10,0,0,Arterial,Storm,15.0,28.02,1313,58.2,8.0,23.4,86,HIGH
1,6,1,Arterial,Clear,36.9,0.0,199,58.9,56.3,1.3,23,LOW
8,5,1,Highway,Clear,26.6,0.0,657,90.3,75.8,0.3,25,LOW
16,1,0,Arterial,Clear,22.3,0.0,753,53.3,33.0,7.5,55,MEDIUM
2,0,0,Urban,Clear,32.5,0.0,258,41.5,35.9,1.1,27,LOW
23,4,0,Arterial,Clear,20.7,0.0,405,55.2,47.5,1.5,30,LOW
5,2,0,Arterial,Clear,21.1,0.0,261,63.2,60.0,1.3,33,LOW
4,4,0,Arterial,Rain,25.3,1.2,366,58.3,46.2,1.2,15,LOW
4,2,0,Urban,Storm,19.6,7.08,188,38.5,25.7,8.4,60,MEDIUM
21,3,0,Urban,Clear,23.4,0.0,229,37.1,33.5,0.9,10,LOW
14,1,0,Highway,Clear,26.6,0.0,945,92.7,71.7,2.1,18,LOW
22,3,0,Arterial,Rain,27.2,6.43,205,62.1,56.6,1.0,9,LOW
16,2,0,Arterial,Clear,18.7,0.0,897,58.2,31.5,6.5,63,MEDIUM
8,2,0,Arterial,Clear,26.3,0.0,1195,67.2,19.6,12.5,96,HIGH
2,2,0,Highway,Fog,32.1,0.22,288,90.2,71.5,0.8,36,LOW
19,5,1,Urban,Clear,33.2,0.0,670,40.0,21.0,8.3,51,MEDIUM
16,0,0,Highway,Clear,24.5,0.0,1163,90.3,60.7,8.0,50,MEDIUM
9,1,0,Arterial,Clear,26.7,0.0,1030,57.3,25.4,17.5,79,HIGH
2,3,0,Arterial,Clear,26.3,0.0,208,56.0,53.8,0.0,8,LOW
17,3,0,Highway,Clear,18.3,0.0,1921,88.1,12.5,14.7,90,HIGH
17,4,0,Urban,Clear,24.2,0.0,907,41.9,8.0,31.6,73,HIGH
16,2,0,Urban,Fog,33.6,0.12,659,34.4,12.4,33.0,74,HIGH
23,6,1,Arterial,Clear,33.7,0.0,333,54.0,53.7,0.7,32,LOW
2,2,0,Arterial,Clear,30.9,0.0,209,57.6,52.3,0.0,33,LOW
2,2,0,Highway,Clear,10.0,0.0,414,81.0,78.1,1.9,26,LOW
5,6,1,Arterial,Fog,22.5,0.27,283,54.3,40.5,5.1,51,MEDIUM
12,3,0,Highway,Storm,31.3,20.33,1245,94.0,34.1,22.0,91,HIGH
23,4,0,Arterial,Rain,40.0,1.99,251,58.2,48.7,1.3,31,LOW
14,0,0,Urban,Clear,27.9,0.0,501,37.5,25.2,5.8,61,MEDIUM
8,6,1,Highway,Fog,28.7,0.07,521,90.7,64.2,4.2,63,MEDIUM
3,5,1,Urban,Clear,27.2,0.0,187,40.3,38.6,1.1,30,LOW
13,1,0,Highway,Clear,18.9,0.0,1037,95.8,69.6,9.2,50,MEDIUM
4,6,1,Urban,Clear,30.5,0.0,144,34.7,33.6,0.1,11,LOW
1,0,0,Highway,Clear,17.4,0.0,680,85.4,71.4,1.4,17,LOW
10,3,0,Arterial,Rain,27.4,1.69,1314,57.6,11.2,28.3,75,HIGH
8,5,1,Highway,Clear,28.6,0.0,317,92.0,91.4,2.0,27,LOW
23,5,1,Urban,Clear,28.3,0.0,285,48.7,45.0,2.0,30,LOW
2,5,1,Arterial,Clear,18.9,0.0,386,62.3,55.2,0.1,27,LOW
8,2,0,Highway,Clear,23.0,0.0,1756,88.7,25.7,19.1,92,HIGH
2,1,0,Arterial,Clear,32.8,0.0,188,55.1,53.5,0.8,12,LOW
1,3,0,Arterial,Clear,28.5,0.0,344,54.6,48.4,1.3,14,LOW
11,3,0,Arterial,Clear,23.1,0.0,806,63.6,42.5,8.7,52,MEDIUM
9,5,1,Urban,Clear,20.5,0.0,214,37.6,34.1,0.0,11,LOW
8,3,0,Arterial,Rain,33.6,10.81,1800,58.6,8.0,25.1,76,HIGH
14,1,0,Highway,Fog,28.2,0.04,1330,98.3,47.6,15.9,74,HIGH
7,1,0,Highway,Storm,20.1,7.25,583,81.4,42.4,6.0,54,MEDIUM
4,4,0,Arterial,Rain,26.7,3.65,410,61.1,47.1,0.0,13,LOW
10,6,1,Arterial,Clear,22.4,0.0,383,56.4,46.4,0.7,22,LOW
1,6,1,Arterial,Rain,30.1,0.29,355,66.5,55.9,0.2,18,LOW
23,4,0,Highway,Clear,36.8,0.0,461,85.3,80.0,1.5,33,LOW
14,0,0,Arterial,Rain,20.4,1.48,746,62.7,32.7,7.6,46,MEDIUM
5,6,1,Urban,Clear,29.1,0.0,163,34.6,33.7,1.8,30,LOW
7,1,0,Highway,Rain,29.0,9.88,630,97.8,80.0,3.1,11,LOW
4,1,0,Arterial,Clear,13.0,0.0,214,63.7,63.7,1.3,31,LOW
15,6,1,Urban,Clear,33.8,0.0,646,38.3,18.3,29.4,74,HIGH
17,1,0,Arterial,Clear,42.7,0.0,1569,61.6,8.5,31.8,75,HIGH
5,4,0,Highway,Clear,29.0,0.0,234,94.8,92.2,0.5,31,LOW
4,5,1,Arterial,Storm,37.5,2.31,352,60.6,35.4,8.5,49,MEDIUM
15,5,1,Urban,Clear,19.2,0.0,748,38.8,11.4,17.8,95,HIGH
12,3,0,Highway,Clear,23.0,0.0,1133,89.5,56.5,6.9,59,MEDIUM
4,5,1,Arterial,Fog,28.5,0.38,357,60.4,45.1,6.6,61,MEDIUM
12,2,0,Highway,Clear,22.0,0.0,1266,90.3,56.5,9.9,49,MEDIUM
16,4,0,Arterial,Clear,28.3,0.0,699,61.7,44.3,8.0,63,MEDIUM
17,1,0,Arterial,Clear,35.0,0.0,1479,55.9,11.4,25.2,77,HIGH
7,6,1,Arterial,Clear,21.8,0.0,213,57.4,57.4,2.3,23,LOW
12,5,1,Highway,Rain,35.3,6.44,1580,88.0,32.3,18.6,93,HIGH
18,4,0,Arterial,Rain,14.5,1.14,1448,61.9,8.0,29.8,79,HIGH
2,5,1,Arterial,Storm,24.0,4.42,418,53.9,30.9,10.0,49,MEDIUM
23,0,0,Arterial,Clear,26.6,0.0,486,60.6,51.2,1.7,33,LOW
7,1,0,Arterial,Clear,21.5,0.0,274,63.1,56.5,1.1,33,LOW
1,0,0,Arterial,Clear,24.1,0.0,324,60.2,53.1,1.3,9,LOW
7,1,0,Urban,Rain,37.8,8.62,351,40.2,30.2,1.5,18,LOW
12,4,0,Arterial,Clear,36.7,0.0,804,58.8,35.6,4.7,61,MEDIUM
12,3,0,Arterial,Clear,33.0,0.0,623,60.2,45.1,4.4,50,MEDIUM
0,5,1,Urban,Clear,35.3,0.0,178,38.7,34.9,0.0,26,LOW
5,5,1,Highway,Clear,23.7,0.0,452,89.2,84.4,1.4,36,LOW
23,2,0,Highway,Rain,19.4,5.05,606,87.8,69.8,3.2,16,LOW
18,6,1,Arterial,Clear,22.3,0.0,789,59.3,35.7,6.3,43,MEDIUM
15,0,0,Arterial,Clear,23.4,0.0,989,58.7,29.4,5.4,47,MEDIUM
7,5,1,Urban,Clear,23.7,0.0,196,36.5,34.3,2.6,11,LOW
0,4,0,Urban,Rain,31.7,0.42,169,35.5,29.7,1.2,35,LOW
15,3,0,Arterial,Clear,30.3,0.0,845,60.3,35.8,8.7,66,MEDIUM
8,6,1,Arterial,Clear,26.8,0.0,296,62.4,60.0,1.2,14,LOW
12,4,0,Arterial,Clear,27.2,0.0,506,66.2,56.3,0.5,30,LOW
10,0,0,Highway,Clear,35.7,0.0,2042,95.5,14.6,34.5,96,HIGH
12,2,0,Urban,Rain,19.0,0.83,777,42.7,11.4,18.6,88,HIGH
20,5,1,Urban,Clear,33.5,0.0,260,40.7,38.7,0.0,25,LOW
9,4,0,Arterial,Fog,13.2,0.31,1449,60.5,8.0,33.9,95,HIGH
3,6,1,Highway,Clear,24.0,0.0,301,86.1,81.0,2.4,23,LOW
5,1,0,Highway,Fog,38.6,0.21,332,85.5,63.7,5.8,43,MEDIUM
6,3,0,Highway,Rain,30.1,2.46,562,91.0,71.6,0.4,9,LOW
4,6,1,Urban,Clear,24.7,0.0,195,37.5,36.0,1.9,28,LOW
10,4,0,Highway,Clear,34.4,0.0,2002,89.5,15.0,33.5,72,HIGH
12,3,0,Urban,Clear,32.2,0.0,529,32.5,19.3,7.7,43,MEDIUM
18,5,1,Arterial,Clear,31.9,0.0,1090,61.9,21.1,34.3,96,HIGH
22,1,0,Arterial,Clear,26.6,0.0,245,55.9,54.4,0.1,34,LOW
9,2,0,Arterial,Clear,34.7,0.0,935,54.3,26.4,15.3,92,HIGH
9,6,1,Arterial,Rain,23.5,10.59,460,62.9,47.9,0.2,19,LOW
10,2,0,Arterial,Clear,23.2,0.0,1793,63.9,10.5,14.9,70,HIGH
20,1,0,Urban,Rain,41.1,1.91,1001,39.7,8.0,16.4,85,HIGH
6,3,0,Arterial,Clear,24.5,0.0,154,57.1,53.4,0.8,30,LOW
17,5,1,Arterial,Clear,13.8,0.0,1092,62.9,20.9,22.9,71,HIGH
3,4,0,Arterial,Fog,35.4,0.44,350,56.9,38.7,8.7,60,MEDIUM
1,1,0,Highway,Clear,37.5,0.0,452,89.2,84.5,0.1,36,LOW
13,0,0,Arterial,Clear,26.3,0.0,866,65.4,36.2,7.8,65,MEDIUM
12,3,0,Urban,Rain,13.3,3.78,395,41.1,31.2,2.3,22,LOW
11,2,0,Highway,Fog,27.6,0.06,962,89.8,55.9,5.2,59,MEDIUM
6,6,1,Highway,Clear,42.5,0.0,423,88.6,83.8,0.7,16,LOW
1,1,0,Highway,Clear,29.4,0.0,299,90.2,87.3,0.3,35,LOW
12,2,0,Arterial,Clear,33.4,0.0,524,61.1,51.1,0.7,32,LOW
13,3,0,Highway,Clear,33.8,0.0,1607,84.4,32.2,21.7,82,HIGH
16,2,0,Arterial,Clear,34.8,0.0,615,64.8,49.5,0.8,36,LOW
8,1,0,Highway,Clear,41.0,0.0,1690,87.7,27.6,17.4,72,HIGH
16,3,0,Highway,Clear,35.6,0.0,1311,89.0,50.6,5.8,67,MEDIUM
7,0,0,Arterial,Fog,27.4,0.37,429,63.3,42.4,9.7,49,MEDIUM
1,1,0,Highway,Rain,20.2,2.57,299,89.3,76.1,0.6,35,LOW
23,4,0,Urban,Clear,31.0,0.0,308,42.6,37.7,1.6,10,LOW
12,5,1,Highway,Clear,26.6,0.0,1613,89.8,33.1,21.4,72,HIGH
2,1,0,Arterial,Clear,33.0,0.0,278,60.4,57.7,0.2,28,LOW
15,3,0,Highway,Clear,22.0,0.0,1252,91.1,53.7,7.6,45,MEDIUM
5,6,1,Arterial,Clear,25.9,0.0,296,61.5,57.8,0.5,15,LOW
18,5,1,Urban,Clear,28.1,0.0,649,41.7,21.3,9.4,51,MEDIUM
6,1,0,Urban,Clear,21.4,0.0,252,43.2,41.5,0.0,14,LOW
9,0,0,Highway,Fog,28.3,0.11,1214,95.0,47.6,7.4,62,MEDIUM
8,6,1,Arterial,Rain,33.5,1.2,267,56.8,47.7,1.4,14,LOW
1,0,0,Arterial,Rain,41.4,2.85,291,65.8,53.5,1.2,19,LOW
14,4,0,Highway,Clear,22.9,0.0,1030,81.5,60.2,8.1,57,MEDIUM
4,6,1,Highway,Clear,34.3,0.0,708,86.8,78.3,0.2,36,LOW
21,2,0,Urban,Clear,14.2,0.0,136,39.6,38.3,0.7,16,LOW
3,6,1,Urban,Rain,27.9,3.22,337,36.5,27.2,5.8,64,MEDIUM
19,5,1,Urban,Clear,28.5,0.0,558,40.8,24.3,7.7,65,MEDIUM
3,6,1,Urban,Clear,33.7,0.0,147,42.2,37.9,1.7,9,LOW
17,3,0,Arterial,Clear,24.4,0.0,1427,57.1,8.6,33.2,78,HIGH
3,3,0,Highway,Clear,29.7,0.0,682,92.3,82.6,1.2,21,LOW
16,2,0,Highway,Clear,35.8,0.0,977,94.2,72.1,0.2,28,LOW
11,6,1,Highway,Clear,20.1,0.0,401,80.3,76.9,0.0,37,LOW
21,0,0,Arterial,Clear,14.3,0.0,540,60.7,50.8,1.7,11,LOW
16,0,0,Urban,Clear,35.6,0.0,503,41.1,27.0,8.1,46,MEDIUM
9,1,0,Urban,Clear,21.0,0.0,949,37.2,8.0,12.3,92,HIGH
21,4,0,Urban,Clear,31.2,0.0,153,36.4,33.1,0.8,30,LOW
0,5,1,Urban,Rain,41.7,12.07,107,37.9,29.9,1.4,24,LOW
21,4,0,Urban,Clear,33.9,0.0,177,39.4,37.1,1.1,8,LOW
23,6,1,Highway,Clear,21.2,0.0,352,86.2,79.1,0.6,8,LOW
17,4,0,Urban,Clear,17.8,0.0,968,41.7,8.7,26.3,85,HIGH
17,1,0,Arterial,Storm,22.6,21.29,1333,61.7,8.0,33.6,87,HIGH
13,4,0,Highway,Clear,29.2,0.0,1455,91.9,43.5,30.6,72,HIGH
14,2,0,Urban,Clear,26.3,0.0,480,43.8,30.6,7.5,48,MEDIUM
11,1,0,Urban,Clear,37.5,0.0,519,41.9,29.0,4.1,50,MEDIUM
3,2,0,Highway,Clear,32.7,0.0,821,91.4,74.9,0.0,24,LOW
2,6,1,Highway,Clear,22.9,0.0,382,83.9,78.3,0.3,15,LOW
19,1,0,Arterial,Clear,33.9,0.0,1472,64.6,8.2,32.4,92,HIGH
11,6,1,Arterial,Storm,38.5,4.3,376,65.1,40.1,4.6,55,MEDIUM
6,6,1,Urban,Fog,25.8,0.39,323,39.0,25.2,8.8,50,MEDIUM
10,4,0,Highway,Fog,31.4,0.0,1453,86.0,28.8,20.1,86,HIGH
0,2,0,Highway,Clear,21.9,0.0,418,93.8,87.9,1.6,21,LOW
5,6,1,Highway,Rain,27.0,0.49,626,80.9,63.6,0.4,23,LOW
14,2,0,Highway,Clear,21.8,0.0,1467,92.0,46.1,7.9,58,MEDIUM
14,2,0,Highway,Clear,36.7,0.0,740,97.5,82.9,0.9,36,LOW
18,1,0,Urban,Rain,24.5,0.78,1110,38.9,8.0,19.5,81,HIGH
10,3,0,Arterial,Clear,31.1,0.0,1517,61.0,8.0,18.3,87,HIGH
22,4,0,Arterial,Clear,32.4,0.0,328,60.4,56.7,1.5,23,LOW
1,6,1,Highway,Clear,48.0,0.0,216,95.2,92.2,1.4,28,LOW
13,2,0,Highway,Clear,26.1,0.0,1503,90.5,42.6,34.2,78,HIGH
1,5,1,Urban,Fog,22.6,0.3,99,39.0,29.6,1.4,30,LOW
3,3,0,Arterial,Clear,27.5,0.0,284,53.9,52.7,0.1,35,LOW
16,6,1,Urban,Clear,22.0,0.0,563,40.3,25.9,6.6,60,MEDIUM
2,5,1,Arterial,Clear,24.6,0.0,526,59.7,48.9,0.1,13,LOW
12,4,0,Highway,Rain,33.1,0.76,1260,79.8,41.3,5.8,53,MEDIUM
8,4,0,Arterial,Clear,23.3,0.0,1195,56.0,19.6,13.4,87,HIGH
6,2,0,Highway,Clear,31.9,0.0,560,87.0,79.1,1.5,19,LOW
14,2,0,Urban,Fog,32.2,0.18,686,38.2,15.5,25.4,97,HIGH
22,6,1,Highway,Clear,29.7,0.0,402,89.9,84.5,0.8,27,LOW
10,1,0,Arterial,Clear,32.7,0.0,1386,59.6,8.5,32.8,81,HIGH
19,3,0,Highway,Rain,25.9,0.97,2177,89.7,12.3,18.7,90,HIGH
1,6,1,Arterial,Clear,14.0,0.0,270,69.0,68.2,0.0,26,LOW
14,3,0,Urban,Rain,28.4,1.44,424,38.7,23.7,9.8,44,MEDIUM
13,2,0,Arterial,Clear,28.5,0.0,675,56.5,41.7,5.5,50,MEDIUM
19,4,0,Arterial,Fog,25.4,0.47,1766,66.3,10.0,20.3,87,HIGH
21,2,0,Urban,Fog,32.5,0.5,237,44.4,30.3,9.4,49,MEDIUM
10,4,0,Arterial,Clear,33.4,0.0,1632,55.7,8.0,34.8,79,HIGH
2,6,1,Highway,Clear,29.5,0.0,641,96.1,86.4,0.0,12,LOW
16,4,0,Highway,Storm,28.7,13.57,1208,80.8,33.5,20.9,87,HIGH
11,2,0,Arterial,Clear,36.5,0.0,577,71.5,59.2,0.4,26,LOW
23,0,0,Arterial,Clear,20.5,0.0,387,67.1,56.7,1.3,28,LOW
20,3,0,Highway,Clear,25.7,0.0,2422,92.7,12.0,16.9,95,HIGH
14,5,1,Highway,Rain,35.0,2.97,1935,94.3,14.8,15.6,83,HIGH
15,4,0,Urban,Rain,31.8,4.31,771,41.3,8.6,26.4,86,HIGH
4,4,0,Highway,Clear,26.4,0.0,638,86.7,74.5,0.1,15,LOW
19,0,0,Arterial,Clear,30.7,0.0,1800,64.8,8.0,15.6,80,HIGH
5,6,1,Highway,Rain,24.2,5.17,309,96.8,83.7,1.0,36,LOW
18,6,1,Urban,Rain,29.1,4.7,807,37.8,8.0,22.4,77,HIGH
4,6,1,Highway,Clear,32.8,0.0,279,89.8,83.8,1.4,10,LOW
2,5,1,Arterial,Storm,37.0,2.85,512,55.1,31.2,7.5,66,MEDIUM
0,1,0,Highway,Rain,32.6,1.3,594,89.8,68.3,2.4,23,LOW
5,0,0,Arterial,Clear,37.5,0.0,435,58.9,51.1,1.1,18,LOW
14,5,1,Urban,Rain,17.9,1.47,593,43.8,21.7,34.0,97,HIGH
1,0,0,Arterial,Clear,12.5,0.0,407,66.4,58.0,0.5,20,LOW
2,4,0,Arterial,Clear,12.7,0.0,310,55.7,53.3,1.1,37,LOW
16,3,0,Arterial,Clear,35.8,0.0,679,63.1,47.4,0.7,22,LOW
23,0,0,Highway,Rain,32.2,1.61,379,94.4,77.1,1.1,31,LOW
11,1,0,Urban,Storm,23.0,6.22,436,34.8,18.1,9.5,56,MEDIUM
17,2,0,Highway,Clear,25.3,0.0,1797,94.8,24.6,14.2,92,HIGH
14,5,1,Arterial,Clear,30.4,0.0,834,54.1,36.0,6.4,64,MEDIUM
11,0,0,Highway,Clear,22.9,0.0,1540,87.4,39.6,28.3,97,HIGH
15,0,0,Highway,Rain,22.3,5.41,1319,85.5,43.1,7.3,66,MEDIUM
7,1,0,Highway,Rain,23.4,4.82,401,82.1,65.4,2.0,16,LOW
13,3,0,Arterial,Clear,22.8,0.0,771,64.4,41.2,6.9,61,MEDIUM
16,0,0,Arterial,Clear,28.3,0.0,773,56.2,35.4,8.9,51,MEDIUM
20,0,0,Arterial,Clear,39.6,0.0,1272,58.4,10.1,21.2,85,HIGH
7,3,0,Highway,Clear,21.0,0.0,659,90.0,81.7,1.2,17,LOW
14,1,0,Highway,Clear,27.5,0.0,1327,93.7,53.5,6.5,67,MEDIUM
13,5,1,Urban,Fog,31.2,0.0,433,37.1,21.0,4.6,48,MEDIUM
17,5,1,Urban,Clear,31.7,0.0,549,41.5,25.4,9.1,66,MEDIUM
19,0,0,Highway,Clear,24.5,0.0,1652,88.8,31.7,17.8,95,HIGH
6,3,0,Arterial,Clear,32.3,0.0,322,56.0,53.4,1.1,11,LOW
2,0,0,Arterial,Clear,30.9,0.0,186,64.1,61.3,1.6,13,LOW
11,6,1,Urban,Clear,24.8,0.0,167,46.2,43.3,1.6,12,LOW
20,2,0,Urban,Clear,18.5,0.0,670,40.6,17.6,24.4,70,HIGH
23,5,1,Urban,Clear,20.0,0.0,158,38.2,36.7,2.8,28,LOW
2,6,1,Urban,Rain,33.2,1.23,384,37.8,24.3,9.7,63,MEDIUM
19,4,0,Highway,Clear,38.0,0.0,2268,94.0,13.8,25.3,85,HIGH
13,2,0,Urban,Rain,28.0,3.42,501,40.0,22.8,8.5,66,MEDIUM
14,0,0,Arterial,Clear,37.8,0.0,782,55.8,31.7,5.5,40,MEDIUM
13,1,0,Highway,Clear,27.6,0.0,862,81.5,64.6,1.3,13,LOW
6,5,1,Arterial,Clear,20.0,0.0,210,61.5,60.8,0.4,32,LOW
16,4,0,Urban,Storm,26.5,3.28,508,36.2,16.2,31.2,93,HIGH
11,2,0,Urban,Clear,38.4,0.0,548,38.8,21.5,8.9,44,MEDIUM
19,5,1,Highway,Clear,23.8,0.0,1418,98.1,52.2,4.7,61,MEDIUM
3,3,0,Arterial,Fog,27.0,0.04,197,56.7,43.1,0.8,36,LOW
8,1,0,Urban,Clear,36.3,0.0,758,43.2,11.1,20.1,79,HIGH
5,2,0,Highway,Rain,35.8,6.17,367,84.9,67.5,2.6,32,LOW
15,3,0,Arterial,Clear,30.1,0.0,923,63.5,35.0,9.3,66,MEDIUM
21,6,1,Arterial,Clear,31.7,0.0,396,62.3,53.0,0.8,30,LOW
21,0,0,Arterial,Clear,35.4,0.0,427,62.0,51.3,0.7,22,LOW
20,3,0,Highway,Fog,30.2,0.23,2006,87.0,11.0,15.4,91,HIGH
20,2,0,Arterial,Clear,37.0,0.0,1208,62.5,18.3,19.1,77,HIGH
1,2,0,Urban,Clear,32.7,0.0,142,41.1,40.2,1.0,18,LOW
23,6,1,Arterial,Clear,27.0,0.0,301,67.6,65.3,1.8,9,LOW
7,0,0,Urban,Clear,31.0,0.0,144,38.2,37.0,0.6,19,LOW
10,3,0,Arterial,Rain,25.3,6.78,1292,65.1,8.9,27.0,70,HIGH
12,3,0,Highway,Clear,21.2,0.0,1595,85.5,35.1,16.4,88,HIGH
16,0,0,Arterial,Clear,20.0,0.0,646,59.0,45.6,0.3,25,LOW
7,3,0,Highway,Clear,26.6,0.0,499,86.8,79.8,0.9,14,LOW
20,5,1,Urban,Clear,30.2,0.0,184,38.5,37.3,0.0,25,LOW
17,0,0,Highway,Clear,40.6,0.0,1860,89.2,20.0,15.8,96,HIGH
17,1,0,Arterial,Clear,30.9,0.0,1223,65.8,16.1,22.9,89,HIGH
13,2,0,Arterial,Rain,29.3,6.07,736,61.8,41.8,9.6,62,MEDIUM
14,1,0,Urban,Storm,27.3,24.38,632,43.7,13.0,14.2,74,HIGH
5,5,1,Highway,Clear,25.5,0.0,617,90.1,81.1,0.0,36,LOW
10,6,1,Highway,Rain,28.9,0.17,501,96.4,78.7,2.8,27,LOW
12,5,1,Highway,Clear,26.1,0.0,1714,91.1,28.5,34.7,71,HIGH
0,4,0,Urban,Clear,25.7,0.0,336,37.6,31.1,0.0,8,LOW
5,4,0,Highway,Clear,33.7,0.0,590,95.3,80.7,0.3,27,LOW
8,4,0,Highway,Clear,21.6,0.0,2002,97.4,14.7,22.6,75,HIGH
7,0,0,Highway,Clear,26.3,0.0,332,93.2,88.2,0.0,33,LOW
10,3,0,Arterial,Fog,23.2,0.09,1023,63.3,18.7,19.3,87,HIGH
21,5,1,Highway,Fog,28.8,0.15,492,96.4,68.7,5.9,44,MEDIUM
18,1,0,Highway,Clear,34.0,0.0,1896,88.6,13.7,22.5,96,HIGH
23,6,1,Highway,Clear,30.4,0.0,569,86.4,77.2,0.2,29,LOW
8,1,0,Arterial,Storm,26.5,3.46,1326,61.5,8.0,31.3,70,HIGH
16,1,0,Arterial,Clear,34.6,0.0,705,66.9,51.0,1.4,25,LOW
11,1,0,Arterial,Clear,34.2,0.0,884,61.2,34.3,5.4,53,MEDIUM
13,6,1,Urban,Clear,28.3,0.0,640,41.9,19.4,20.5,85,HIGH
14,4,0,Urban,Clear,39.2,0.0,483,40.2,24.2,5.2,55,MEDIUM
15,1,0,Arterial,Clear,30.9,0.0,673,61.2,45.1,9.3,47,MEDIUM
21,6,1,Urban,Rain,30.7,2.33,379,38.4,25.5,4.9,46,MEDIUM
21,6,1,Arterial,Fog,19.6,0.4,302,62.2,43.4,5.1,53,MEDIUM
19,3,0,Urban,Clear,16.2,0.0,1014,42.6,8.0,27.5,76,HIGH
0,6,1,Arterial,Rain,28.4,10.57,304,54.0,47.2,1.0,27,LOW
9,4,0,Arterial,Clear,35.0,0.0,1374,54.0,8.0,15.0,93,HIGH
7,1,0,Arterial,Clear,30.3,0.0,412,53.0,46.0,1.1,21,LOW
17,6,1,Urban,Rain,34.7,7.71,772,44.4,13.2,16.2,70,HIGH
0,0,0,Highway,Clear,25.1,0.0,674,85.4,75.9,1.4,16,LOW
1,6,1,Highway,Clear,28.6,0.0,621,91.8,83.8,1.2,28,LOW
0,2,0,Arterial,Clear,28.1,0.0,181,67.1,62.3,0.5,33,LOW
0,2,0,Highway,Storm,15.4,8.11,478,91.7,56.1,6.5,53,MEDIUM
8,2,0,Arterial,Rain,40.5,3.54,1179,62.1,15.9,18.0,83,HIGH
12,6,1,Highway,Rain,36.4,0.92,1172,85.8,54.5,6.7,63,MEDIUM
0,4,0,Highway,Clear,34.5,0.0,654,91.7,82.7,1.0,25,LOW
12,1,0,Urban,Rain,37.0,1.81,469,37.0,23.3,4.1,55,MEDIUM
19,5,1,Arterial,Clear,24.7,0.0,846,52.4,30.8,8.2,67,MEDIUM
21,5,1,Arterial,Storm,33.6,22.49,613,60.2,28.7,18.1,80,HIGH
6,5,1,Highway,Clear,24.7,0.0,561,91.6,82.0,2.2,10,LOW
1,4,0,Highway,Clear,29.0,0.0,305,87.4,82.9,1.2,14,LOW
5,3,0,Urban,Clear,15.8,0.0,316,37.8,32.7,1.0,28,LOW
6,0,0,Urban,Rain,27.0,0.1,201,39.4,31.8,0.6,17,LOW
13,0,0,Arterial,Rain,17.3,2.66,758,57.1,37.5,4.7,49,MEDIUM
17,2,0,Urban,Clear,19.2,0.0,784,42.2,11.7,16.9,92,HIGH
14,2,0,Urban,Clear,27.6,0.0,590,41.3,21.8,6.7,58,MEDIUM
1,6,1,Urban,Rain,23.0,7.22,298,44.9,32.9,4.1,50,MEDIUM
9,5,1,Arterial,Clear,30.4,0.0,308,58.6,55.2,0.0,23,LOW
22,6,1,Highway,Rain,39.7,0.46,813,90.3,67.0,4.2,42,MEDIUM
11,5,1,Arterial,Fog,23.6,0.49,407,60.7,39.6,4.7,40,MEDIUM
16,2,0,Arterial,Clear,26.1,0.0,902,58.5,35.6,7.5,65,MEDIUM
7,1,0,Highway,Clear,32.7,0.0,474,80.1,71.0,0.6,10,LOW
10,3,0,Urban,Clear,23.3,0.0,1018,41.3,8.0,22.8,95,HIGH
2,6,1,Highway,Clear,23.0,0.0,307,101.7,98.3,1.7,11,LOW
5,3,0,Arterial,Clear,24.9,0.0,234,64.0,63.8,0.4,35,LOW
8,3,0,Highway,Rain,34.2,0.04,1613,99.8,33.6,19.0,94,HIGH
5,3,0,Arterial,Clear,15.6,0.0,231,63.6,60.1,1.7,22,LOW
8,2,0,Highway,Clear,22.1,0.0,1428,89.2,44.3,21.9,72,HIGH
6,0,0,Urban,Clear,38.7,0.0,176,41.8,37.2,0.3,31,LOW
8,2,0,Arterial,Clear,10.0,0.0,1297,64.3,10.5,12.0,90,HIGH
17,3,0,Urban,Fog,27.1,0.44,906,35.2,8.0,34.0,79,HIGH
11,2,0,Urban,Clear,38.7,0.0,505,41.3,27.4,7.9,55,MEDIUM
7,3,0,Arterial,Clear,41.4,0.0,244,59.6,56.9,0.6,12,LOW
7,4,0,Urban,Fog,33.6,0.18,201,44.4,32.2,4.1,58,MEDIUM
17,5,1,Highway,Clear,36.2,0.0,1196,91.9,62.6,5.1,47,MEDIUM
19,0,0,Highway,Clear,21.4,0.0,2094,77.7,13.5,15.3,83,HIGH
14,4,0,Highway,Clear,21.9,0.0,1014,92.2,69.5,0.0,21,LOW
6,1,0,Highway,Rain,40.0,0.5,312,79.7,67.3,1.6,13,LOW
10,2,0,Urban,Clear,26.2,0.0,819,43.8,12.1,19.0,88,HIGH
19,1,0,Highway,Fog,14.9,0.08,2601,86.2,12.4,15.6,88,HIGH
15,6,1,Arterial,Rain,30.9,4.23,857,55.5,31.5,8.7,44,MEDIUM
3,2,0,Arterial,Clear,26.7,0.0,335,56.9,50.7,0.6,26,LOW
5,5,1,Arterial,Clear,28.6,0.0,350,56.4,52.4,1.2,29,LOW
21,4,0,Arterial,Clear,11.3,0.0,393,59.4,51.8,2.8,26,LOW
2,5,1,Urban,Clear,10.0,0.0,314,37.4,31.9,0.0,28,LOW
8,6,1,Highway,Rain,30.1,7.16,377,88.5,74.5,1.8,29,LOW
9,3,0,Highway,Clear,25.9,0.0,2548,82.3,13.4,26.1,97,HIGH
13,5,1,Arterial,Clear,24.8,0.0,679,59.0,37.9,9.7,67,MEDIUM
10,5,1,Arterial,Rain,30.7,3.59,310,65.7,55.1,2.0,15,LOW
17,3,0,Arterial,Clear,22.5,0.0,1754,58.2,8.0,26.3,87,HIGH
21,2,0,Urban,Clear,26.1,0.0,328,41.9,35.5,2.1,24,LOW
11,3,0,Arterial,Clear,24.9,0.0,752,55.0,38.1,9.2,57,MEDIUM
22,4,0,Arterial,Clear,34.2,0.0,316,62.3,58.4,0.6,30,LOW
11,5,1,Highway,Fog,14.8,0.46,333,95.7,74.5,0.2,11,LOW
12,3,0,Arterial,Clear,23.5,0.0,743,65.7,49.5,0.3,36,LOW
12,6,1,Arterial,Clear,35.6,0.0,748,60.8,40.6,9.6,43,MEDIUM
18,6,1,Highway,Clear,22.1,0.0,1279,93.4,55.7,9.3,54,MEDIUM
18,5,1,Highway,Clear,28.8,0.0,1273,83.6,47.7,6.7,42,MEDIUM
22,4,0,Urban,Clear,39.7,0.0,195,38.8,38.0,0.0,16,LOW
13,1,0,Arterial,Clear,29.1,0.0,670,56.8,42.6,8.5,54,MEDIUM
3,4,0,Highway,Fog,43.0,0.42,556,91.6,63.3,7.3,62,MEDIUM
12,0,0,Arterial,Rain,37.8,0.03,984,57.9,23.0,17.4,81,HIGH
7,0,0,Highway,Clear,23.4,0.0,564,93.4,86.4,2.2,18,LOW
22,0,0,Urban,Clear,19.2,0.0,340,47.4,38.2,2.1,28,LOW
20,5,1,Highway,Clear,23.8,0.0,267,93.1,92.9,0.1,13,LOW
22,6,1,Arterial,Clear,30.7,0.0,249,65.6,61.3,1.1,32,LOW
18,2,0,Arterial,Clear,30.4,0.0,1121,55.3,18.6,32.8,94,HIGH
11,6,1,Urban,Clear,32.7,0.0,250,39.7,36.3,0.5,18,LOW
17,2,0,Highway,Clear,21.5,0.0,1858,91.1,16.2,30.9,72,HIGH
5,2,0,Arterial,Clear,22.6,0.0,216,60.3,58.5,0.2,33,LOW
17,6,1,Arterial,Rain,31.9,3.87,1100,67.4,21.4,14.8,83,HIGH
18,5,1,Arterial,Clear,41.9,0.0,939,57.0,30.7,8.6,59,MEDIUM
21,4,0,Arterial,Rain,20.3,1.27,391,61.3,48.3,2.7,33,LOW
4,2,0,Arterial,Clear,27.5,0.0,438,50.3,41.5,1.2,37,LOW
23,1,0,Urban,Clear,25.5,0.0,272,41.3,34.6,0.7,37,LOW
8,6,1,Highway,Rain,29.0,2.12,784,92.5,66.6,8.6,47,MEDIUM
2,6,1,Highway,Clear,19.6,0.0,347,89.7,85.3,1.4,30,LOW
9,0,0,Urban,Fog,28.6,0.05,823,41.2,8.4,20.5,70,HIGH
18,4,0,Highway,Clear,36.5,0.0,2558,87.2,13.1,26.9,79,HIGH
2,0,0,Urban,Clear,16.6,0.0,142,36.3,34.5,0.0,8,LOW
21,6,1,Arterial,Clear,35.0,0.0,391,56.0,46.5,1.8,15,LOW
14,6,1,Arterial,Clear,19.6,0.0,890,56.6,33.3,4.6,54,MEDIUM
0,2,0,Highway,Rain,29.8,1.16,454,83.5,70.4,2.3,11,LOW
6,4,0,Highway,Rain,31.4,3.51,552,83.3,67.9,2.4,11,LOW
11,3,0,Arterial,Rain,30.6,0.86,781,56.7,34.2,5.4,66,MEDIUM
16,1,0,Urban,Clear,25.7,0.0,598,38.9,22.9,5.9,64,MEDIUM
20,2,0,Urban,Clear,32.6,0.0,932,40.4,8.0,30.4,90,HIGH
23,6,1,Highway,Clear,19.2,0.0,830,83.9,69.7,1.0,26,LOW
19,2,0,Highway,Clear,34.4,0.0,1432,85.3,44.6,8.9,50,MEDIUM
4,1,0,Highway,Storm,24.7,12.43,675,86.9,50.9,9.9,52,MEDIUM
3,6,1,Urban,Clear,30.3,0.0,339,41.3,35.5,1.4,32,LOW
11,1,0,Highway,Clear,25.5,0.0,1098,84.0,56.2,5.5,50,MEDIUM
19,3,0,Highway,Clear,38.7,0.0,1439,87.4,43.3,29.9,82,HIGH
23,2,0,Highway,Rain,31.1,8.98,349,94.9,80.8,1.5,15,LOW
17,5,1,Highway,Fog,32.6,0.0,1594,86.0,25.2,23.6,85,HIGH
16,2,0,Urban,Clear,33.5,0.0,654,36.3,15.7,14.9,81,HIGH
18,0,0,Arterial,Clear,26.3,0.0,1481,59.7,10.4,27.8,86,HIGH
8,4,0,Highway,Clear,30.0,0.0,2363,85.8,10.2,16.6,90,HIGH
3,4,0,Highway,Clear,29.2,0.0,553,76.2,69.1,0.4,31,LOW
20,0,0,Highway,Storm,32.5,17.41,2067,91.0,8.0,31.0,81,HIGH
1,6,1,Highway,Clear,24.9,0.0,334,94.4,93.9,0.0,31,LOW
3,4,0,Highway,Clear,23.1,0.0,563,89.9,80.4,1.3,23,LOW
1,1,0,Arterial,Clear,36.3,0.0,200,64.2,58.2,0.0,31,LOW
14,4,0,Highway,Clear,33.5,0.0,1517,93.2,43.5,33.7,94,HIGH
1,4,0,Highway,Rain,22.1,3.59,790,85.7,60.2,6.2,53,MEDIUM
3,0,0,Arterial,Clear,41.3,0.0,296,68.2,63.6,2.1,33,LOW
5,6,1,Urban,Clear,24.0,0.0,186,41.0,35.9,0.0,37,LOW
6,3,0,Arterial,Storm,28.8,2.48,461,61.7,37.4,9.5,47,MEDIUM
9,4,0,Arterial,Clear,36.2,0.0,949,56.0,28.8,4.3,67,MEDIUM
18,5,1,Arterial,Rain,36.1,5.47,738,53.8,33.4,5.9,67,MEDIUM
18,4,0,Arterial,Clear,23.1,0.0,1800,55.7,11.2,23.8,95,HIGH
21,3,0,Highway,Clear,31.6,0.0,424,94.6,88.6,0.8,31,LOW
11,0,0,Urban,Clear,25.8,0.0,454,45.1,30.4,5.2,63,MEDIUM
2,3,0,Highway,Clear,30.9,0.0,694,91.4,78.4,1.3,32,LOW
12,0,0,Arterial,Clear,27.1,0.0,902,60.4,35.4,9.5,46,MEDIUM
17,1,0,Urban,Clear,25.2,0.0,1017,42.9,8.0,24.7,70,HIGH
7,0,0,Arterial,Clear,21.3,0.0,467,65.5,54.6,1.0,29,LOW
20,1,0,Urban,Clear,36.3,0.0,654,35.6,13.2,31.6,77,HIGH
14,1,0,Arterial,Clear,22.8,0.0,934,66.5,36.7,4.7,45,MEDIUM
0,0,0,Urban,Fog,38.3,0.11,131,38.9,31.3,0.5,31,LOW
2,5,1,Urban,Clear,25.9,0.0,328,43.3,35.6,0.4,18,LOW
7,2,0,Urban,Clear,31.4,0.0,240,36.8,33.4,0.4,18,LOW
3,0,0,Urban,Rain,38.8,1.08,153,43.1,36.0,3.5,35,LOW
15,4,0,Urban,Clear,25.0,0.0,469,35.7,23.4,8.7,40,MEDIUM
22,5,1,Arterial,Clear,31.3,0.0,247,64.5,62.9,1.1,24,LOW
9,5,1,Arterial,Clear,31.5,0.0,315,62.6,62.5,0.5,21,LOW
11,4,0,Highway,Clear,23.3,0.0,1377,82.1,44.0,5.1,41,MEDIUM
13,2,0,Arterial,Clear,29.6,0.0,980,65.1,31.8,26.6,79,HIGH
13,5,1,Urban,Fog,33.2,0.05,625,37.1,14.2,22.1,75,HIGH
1,1,0,Arterial,Rain,39.9,2.68,325,64.6,52.6,1.0,10,LOW
22,2,0,Urban,Clear,25.1,0.0,242,40.4,37.9,2.1,16,LOW
4,6,1,Urban,Clear,30.4,0.0,350,36.3,31.8,0.3,17,LOW
4,4,0,Highway,Clear,27.1,0.0,491,84.9,78.1,0.9,36,LOW
5,2,0,Highway,Rain,29.4,2.41,628,109.5,83.3,2.0,21,LOW
12,0,0,Highway,Clear,23.9,0.0,1317,101.5,58.3,8.1,56,MEDIUM
8,2,0,Highway,Clear,26.8,0.0,1893,88.9,16.1,27.6,73,HIGH
21,1,0,Arterial,Clear,38.6,0.0,188,61.7,60.5,1.1,25,LOW
14,0,0,Urban,Clear,28.9,0.0,417,43.6,32.5,9.3,62,MEDIUM
13,3,0,Urban,Clear,28.5,0.0,668,36.1,16.6,23.9,94,HIGH
23,4,0,Arterial,Clear,22.0,0.0,298,62.8,58.6,1.4,26,LOW
6,4,0,Highway,Rain,35.6,1.49,365,94.9,78.1,0.0,24,LOW
19,2,0,Highway,Clear,33.9,0.0,1720,91.8,27.2,14.6,95,HIGH
1,5,1,Arterial,Clear,28.9,0.0,587,65.6,49.8,2.0,8,LOW
6,0,0,Highway,Rain,41.3,0.65,576,90.8,71.9,0.5,17,LOW
5,3,0,Highway,Clear,24.3,0.0,487,95.5,91.7,1.6,9,LOW
16,0,0,Arterial,Clear,20.7,0.0,783,60.9,39.2,5.6,65,MEDIUM
1,4,0,Highway,Clear,27.3,0.0,542,82.3,70.1,0.1,16,LOW
2,0,0,Urban,Clear,22.1,0.0,258,42.8,40.0,0.0,26,LOW
4,3,0,Highway,Clear,29.7,0.0,643,96.5,83.5,0.5,34,LOW
4,5,1,Highway,Rain,28.5,6.37,242,89.2,76.3,1.1,26,LOW
0,2,0,Highway,Fog,36.1,0.44,487,83.3,56.8,6.4,55,MEDIUM
7,1,0,Highway,Clear,24.8,0.0,312,94.3,91.4,1.5,11,LOW
11,0,0,Arterial,Clear,30.3,0.0,707,61.3,44.8,8.9,51,MEDIUM
23,1,0,Arterial,Clear,29.3,0.0,511,61.2,50.5,1.4,9,LOW
3,4,0,Arterial,Clear,33.8,0.0,368,60.8,52.8,0.6,10,LOW
12,2,0,Arterial,Clear,20.1,0.0,825,64.0,44.5,5.0,44,MEDIUM
22,6,1,Arterial,Clear,21.7,0.0,343,61.2,53.6,2.1,30,LOW
14,2,0,Arterial,Clear,23.9,0.0,779,58.1,36.8,9.3,61,MEDIUM
10,0,0,Highway,Clear,20.4,0.0,2237,81.9,11.0,17.5,81,HIGH
9,5,1,Arterial,Clear,32.3,0.0,456,58.2,53.1,1.6,21,LOW
2,2,0,Urban,Clear,32.4,0.0,318,42.7,34.4,1.4,24,LOW
21,0,0,Urban,Clear,35.6,0.0,208,39.0,30.4,2.0,18,LOW
13,0,0,Arterial,Storm,27.0,9.78,478,63.6,38.9,5.8,64,MEDIUM
15,1,0,Highway,Clear,24.8,0.0,1455,82.9,40.7,26.3,95,HIGH
9,2,0,Highway,Rain,21.4,0.98,2414,84.9,11.0,20.8,82,HIGH
9,0,0,Urban,Fog,37.1,0.05,671,36.8,14.0,22.3,86,HIGH
11,1,0,Highway,Rain,26.4,7.1,1275,90.7,47.9,4.6,57,MEDIUM
8,3,0,Highway,Clear,22.9,0.0,2301,99.0,12.6,25.9,97,HIGH
0,6,1,Highway,Fog,33.3,0.05,687,101.2,67.9,9.6,54,MEDIUM
4,1,0,Highway,Clear,25.6,0.0,285,95.3,89.9,1.0,31,LOW
19,1,0,Highway,Clear,20.5,0.0,2296,80.2,10.4,24.1,97,HIGH
7,0,0,Arterial,Clear,21.9,0.0,201,57.0,57.0,1.1,14,LOW
10,4,0,Arterial,Clear,28.6,0.0,1117,47.8,15.1,21.6,87,HIGH
11,4,0,Urban,Clear,20.5,0.0,643,40.5,18.5,17.8,74,HIGH
0,5,1,Highway,Clear,27.4,0.0,307,98.1,95.9,1.4,12,LOW
21,4,0,Highway,Clear,21.9,0.0,579,94.1,83.2,1.4,19,LOW
19,1,0,Arterial,Clear,21.4,0.0,1336,52.9,8.0,28.9,78,HIGH
10,5,1,Arterial,Clear,24.6,0.0,492,65.6,54.3,0.8,31,LOW
4,0,0,Arterial,Clear,29.1,0.0,439,64.8,57.0,0.9,11,LOW
14,2,0,Urban,Storm,30.2,2.13,458,44.6,18.3,19.4,79,HIGH
4,6,1,Highway,Clear,34.5,0.0,802,95.5,78.6,2.8,23,LOW
11,6,1,Urban,Clear,22.5,0.0,212,38.4,37.6,0.6,25,LOW
4,1,0,Arterial,Storm,37.7,8.34,355,52.6,29.3,5.3,42,MEDIUM
16,1,0,Highway,Clear,47.0,0.0,1429,95.9,50.6,6.2,47,MEDIUM
16,5,1,Urban,Clear,25.1,0.0,620,42.3,26.7,5.0,48,MEDIUM
23,0,0,Arterial,Rain,15.6,4.6,327,52.1,42.3,0.7,10,LOW
11,3,0,Highway,Fog,15.8,0.23,1316,85.2,37.9,16.6,72,HIGH
23,1,0,Highway,Clear,24.5,0.0,561,85.3,76.3,0.1,29,LOW
14,3,0,Highway,Clear,23.1,0.0,1208,93.6,60.2,8.2,57,MEDIUM
14,3,0,Arterial,Fog,28.0,0.03,642,59.9,35.7,6.3,54,MEDIUM
5,4,0,Highway,Clear,31.6,0.0,322,88.7,87.0,1.7,22,LOW
11,0,0,Highway,Clear,19.0,0.0,958,87.9,71.4,1.5,37,LOW
19,6,1,Highway,Clear,26.8,0.0,1392,84.4,43.8,5.4,63,MEDIUM
17,6,1,Arterial,Clear,24.5,0.0,799,63.9,42.8,8.3,57,MEDIUM
13,3,0,Urban,Rain,42.2,4.1,750,37.8,10.2,33.0,79,HIGH
1,6,1,Urban,Rain,18.3,3.6,137,43.5,35.1,2.5,35,LOW
8,0,0,Highway,Rain,22.7,4.0,2308,83.0,11.2,15.1,70,HIGH
4,4,0,Urban,Clear,28.2,0.0,169,38.5,34.1,1.5,12,LOW
19,0,0,Arterial,Clear,22.7,0.0,1449,67.9,9.9,21.6,97,HIGH
0,1,0,Urban,Rain,35.9,0.83,299,40.7,32.2,0.7,17,LOW
22,3,0,Arterial,Clear,20.9,0.0,454,58.0,51.2,0.5,19,LOW
2,0,0,Arterial,Fog,21.6,0.4,244,57.5,41.2,5.7,46,MEDIUM
5,6,1,Urban,Rain,36.5,2.28,332,37.4,26.1,4.0,66,MEDIUM
4,2,0,Highway,Clear,19.7,0.0,632,92.3,81.4,0.0,25,LOW
20,0,0,Arterial,Clear,33.8,0.0,1520,63.6,10.6,28.2,72,HIGH
4,3,0,Urban,Clear,24.8,0.0,209,40.8,40.4,1.4,8,LOW
0,4,0,Urban,Fog,23.7,0.27,140,39.8,34.7,0.9,13,LOW
16,6,1,Urban,Clear,24.4,0.0,625,41.8,21.5,7.1,49,MEDIUM
18,4,0,Arterial,Rain,20.2,2.76,1687,54.4,9.1,33.9,90,HIGH
13,3,0,Highway,Clear,34.3,0.0,1524,91.9,44.9,29.4,83,HIGH
11,6,1,Highway,Clear,29.0,0.0,695,92.2,76.7,1.7,31,LOW
9,1,0,Arterial,Clear,34.2,0.0,1462,61.1,12.2,34.1,82,HIGH
19,6,1,Arterial,Clear,36.2,0.0,1173,57.8,17.3,15.1,78,HIGH
20,1,0,Highway,Fog,31.8,0.14,2298,86.1,8.0,19.1,88,HIGH
17,4,0,Highway,Clear,17.8,0.0,2294,83.5,9.8,33.7,80,HIGH
23,4,0,Arterial,Clear,21.2,0.0,523,65.9,58.3,0.4,37,LOW
10,3,0,Urban,Rain,34.0,1.01,1089,39.8,8.0,16.3,90,HIGH
1,1,0,Urban,Clear,28.4,0.0,276,38.7,27.8,5.8,47,MEDIUM
17,4,0,Urban,Clear,32.6,0.0,737,38.4,14.9,15.3,74,HIGH
6,1,0,Urban,Clear,27.4,0.0,231,37.1,35.4,0.1,35,LOW
23,4,0,Arterial,Clear,25.0,0.0,374,57.9,55.0,2.9,27,LOW
14,6,1,Urban,Clear,32.6,0.0,621,43.6,21.5,16.2,70,HIGH
10,0,0,Arterial,Rain,15.9,0.02,1053,62.3,22.8,20.6,77,HIGH
17,2,0,Urban,Clear,25.8,0.0,826,42.5,11.4,28.8,96,HIGH
22,6,1,Urban,Clear,28.5,0.0,220,42.9,42.9,1.0,25,LOW
11,5,1,Urban,Clear,29.5,0.0,342,46.6,39.2,1.0,10,LOW
5,0,0,Arterial,Clear,18.9,0.0,449,60.1,56.9,2.1,17,LOW
19,5,1,Highway,Clear,19.2,0.0,1103,87.9,59.5,6.3,51,MEDIUM
22,4,0,Highway,Clear,25.2,0.0,537,92.2,85.0,1.7,16,LOW
12,2,0,Highway,Rain,27.6,1.77,1062,93.2,57.5,9.4,52,MEDIUM
19,2,0,Highway,Clear,38.9,0.0,2691,89.8,13.5,20.2,82,HIGH
15,4,0,Highway,Clear,21.9,0.0,1554,85.5,36.0,32.6,77,HIGH
17,4,0,Highway,Clear,24.5,0.0,1728,90.9,24.2,21.6,84,HIGH
9,1,0,Arterial,Fog,39.1,0.24,1418,62.2,9.3,21.9,84,HIGH
22,4,0,Arterial,Clear,35.4,0.0,179,61.4,61.0,2.3,36,LOW
7,3,0,Highway,Clear,20.2,0.0,533,80.8,74.4,0.0,15,LOW
17,4,0,Arterial,Clear,32.7,0.0,1185,53.6,14.9,22.5,86,HIGH
20,3,0,Arterial,Clear,33.8,0.0,1387,62.9,11.3,22.8,83,HIGH
0,4,0,Arterial,Clear,29.4,0.0,419,58.5,50.9,1.6,16,LOW
22,1,0,Urban,Rain,19.8,4.75,137,46.7,40.5,0.6,37,LOW
7,3,0,Highway,Clear,23.8,0.0,435,96.7,90.6,0.6,26,LOW
5,0,0,Highway,Clear,23.6,0.0,703,83.7,74.2,1.2,30,LOW
4,3,0,Arterial,Clear,31.7,0.0,286,64.1,60.8,0.6,20,LOW
14,6,1,Highway,Clear,25.0,0.0,1635,98.0,34.8,21.0,70,HIGH
21,1,0,Arterial,Clear,26.1,0.0,404,58.2,52.4,1.5,17,LOW
14,5,1,Arterial,Fog,23.8,0.03,1147,59.7,14.3,33.5,82,HIGH
1,3,0,Highway,Fog,17.1,0.46,744,87.3,57.5,5.0,43,MEDIUM
0,6,1,Highway,Rain,46.2,1.07,352,84.4,71.0,0.9,18,LOW
22,6,1,Highway,Fog,30.8,0.18,637,97.9,70.0,6.4,43,MEDIUM
22,6,1,Arterial,Clear,38.3,0.0,203,49.6,49.6,0.0,25,LOW
10,4,0,Arterial,Clear,20.2,0.0,1035,57.3,23.6,12.5,91,HIGH
9,6,1,Highway,Clear,38.6,0.0,559,87.9,79.7,1.8,29,LOW
17,4,0,Highway,Clear,25.2,0.0,2195,90.8,15.7,30.2,81,HIGH
17,5,1,Highway,Rain,31.7,0.17,1212,83.8,47.9,5.9,55,MEDIUM
16,1,0,Highway,Storm,34.9,12.59,1120,96.8,42.0,13.0,76,HIGH
7,2,0,Urban,Rain,38.6,4.32,286,34.5,25.3,5.7,62,MEDIUM
14,4,0,Highway,Clear,27.7,0.0,985,80.9,59.9,8.6,51,MEDIUM
7,6,1,Arterial,Clear,21.0,0.0,490,60.2,52.8,1.7,37,LOW
16,6,1,Urban,Clear,27.9,0.0,684,36.1,13.4,19.0,84,HIGH
11,0,0,Highway,Clear,32.1,0.0,881,91.0,74.1,1.1,26,LOW
7,6,1,Arterial,Clear,24.2,0.0,227,57.0,57.0,0.5,34,LOW
13,1,0,Urban,Clear,25.0,0.0,607,42.4,23.7,5.0,44,MEDIUM
3,3,0,Urban,Fog,17.2,0.46,214,37.2,32.3,0.7,25,LOW
0,3,0,Arterial,Rain,21.2,1.44,353,65.8,54.8,0.4,31,LOW
0,6,1,Urban,Clear,31.1,0.0,299,41.9,36.2,0.8,34,LOW
18,0,0,Urban,Clear,34.2,0.0,869,37.7,8.0,15.3,93,HIGH
15,4,0,Highway,Clear,35.7,0.0,1036,93.1,65.0,7.2,49,MEDIUM
13,1,0,Urban,Clear,43.9,0.0,614,40.4,24.3,4.5,43,MEDIUM
20,0,0,Arterial,Rain,38.4,1.04,1380,63.1,8.7,12.1,82,HIGH
15,4,0,Arterial,Clear,26.9,0.0,669,62.4,41.3,6.1,58,MEDIUM
4,1,0,Urban,Clear,21.5,0.0,223,41.1,38.0,1.7,19,LOW
8,6,1,Urban,Clear,26.2,0.0,277,40.2,36.4,1.1,19,LOW
1,3,0,Arterial,Clear,24.1,0.0,447,63.6,56.4,1.5,13,LOW
17,1,0,Highway,Rain,29.2,4.53,2290,95.9,11.0,32.8,80,HIGH
5,6,1,Arterial,Clear,34.2,0.0,207,60.5,60.5,0.0,37,LOW
8,5,1,Arterial,Fog,31.4,0.35,299,62.4,43.0,7.9,45,MEDIUM
0,2,0,Arterial,Clear,39.0,0.0,436,63.7,56.5,0.0,27,LOW
8,1,0,Urban,Rain,30.8,9.68,1013,44.8,8.6,22.2,93,HIGH
15,2,0,Urban,Clear,19.1,0.0,493,44.3,29.3,9.9,66,MEDIUM
12,1,0,Arterial,Clear,24.0,0.0,738,64.1,43.9,7.1,42,MEDIUM
8,2,0,Highway,Clear,30.8,0.0,2494,87.9,10.8,33.6,85,HIGH
20,5,1,Arterial,Clear,29.6,0.0,205,54.7,54.7,0.0,15,LOW
12,3,0,Arterial,Rain,37.2,0.8,728,62.2,40.2,5.8,61,MEDIUM
8,4,0,Arterial,Clear,28.0,0.0,1611,62.2,10.0,16.8,70,HIGH
10,2,0,Arterial,Rain,26.8,4.28,1663,58.4,8.0,16.9,81,HIGH
3,5,1,Arterial,Clear,17.0,0.0,493,54.7,45.9,1.7,12,LOW
1,2,0,Highway,Rain,22.4,0.24,411,98.3,80.5,1.3,31,LOW
5,3,0,Highway,Clear,30.2,0.0,253,92.1,89.4,0.9,24,LOW
13,2,0,Arterial,Rain,29.5,2.29,720,55.2,36.0,9.9,55,MEDIUM
3,5,1,Highway,Fog,32.2,0.06,547,89.4,63.6,7.9,62,MEDIUM
5,6,1,Highway,Clear,31.2,0.0,338,83.3,77.0,0.3,9,LOW
18,5,1,Highway,Clear,27.2,0.0,1513,93.4,42.0,25.7,75,HIGH
5,0,0,Arterial,Clear,21.0,0.0,364,67.4,60.3,1.6,22,LOW
1,3,0,Highway,Clear,28.0,0.0,414,89.1,85.3,1.0,36,LOW
17,6,1,Urban,Clear,27.7,0.0,560,39.7,22.8,4.6,50,MEDIUM
12,0,0,Arterial,Clear,37.6,0.0,824,58.9,37.2,7.7,45,MEDIUM
8,3,0,Arterial,Rain,37.3,3.71,1355,59.1,8.0,23.1,94,HIGH
22,6,1,Arterial,Rain,24.6,3.22,398,56.9,43.4,1.3,9,LOW
18,2,0,Highway,Rain,23.6,0.18,2700,96.9,12.7,31.8,78,HIGH
12,6,1,Arterial,Clear,18.5,0.0,899,60.8,30.1,12.8,79,HIGH
10,5,1,Urban,Rain,26.8,1.35,304,40.2,30.0,8.3,65,MEDIUM
0,0,0,Urban,Clear,24.7,0.0,150,39.3,39.3,1.9,18,LOW
23,2,0,Urban,Clear,46.3,0.0,249,36.2,33.5,0.3,8,LOW
21,5,1,Arterial,Clear,20.2,0.0,471,63.8,56.0,1.4,26,LOW
6,3,0,Highway,Fog,28.4,0.2,630,97.1,64.4,5.4,45,MEDIUM
20,6,1,Highway,Rain,23.5,1.0,306,80.7,69.2,1.5,19,LOW
14,5,1,Arterial,Clear,28.2,0.0,722,62.8,44.5,8.3,67,MEDIUM
0,2,0,Arterial,Rain,25.7,0.14,197,63.4,56.5,1.6,21,LOW
11,0,0,Highway,Clear,33.7,0.0,1524,96.4,44.2,31.7,88,HIGH
6,0,0,Urban,Rain,31.1,1.34,297,43.6,34.1,0.4,13,LOW
14,6,1,Arterial,Clear,33.4,0.0,681,70.5,50.6,5.3,42,MEDIUM
20,5,1,Highway,Clear,22.7,0.0,541,92.0,82.6,0.7,33,LOW
18,2,0,Urban,Clear,35.6,0.0,1177,43.0,8.0,33.2,91,HIGH
0,1,0,Urban,Clear,24.6,0.0,265,40.0,34.5,0.1,18,LOW
16,3,0,Arterial,Clear,18.2,0.0,486,56.8,49.6,0.8,18,LOW
16,3,0,Urban,Clear,26.7,0.0,601,42.1,21.7,5.3,42,MEDIUM
2,2,0,Urban,Clear,28.8,0.0,290,43.0,37.0,1.0,10,LOW
11,1,0,Arterial,Rain,19.3,5.51,657,61.4,43.8,6.5,55,MEDIUM
5,0,0,Highway,Fog,34.1,0.18,478,81.7,59.4,9.6,48,MEDIUM
10,6,1,Highway,Clear,22.3,0.0,745,82.8,72.6,0.7,8,LOW
2,4,0,Arterial,Fog,22.0,0.16,450,63.1,43.6,5.5,63,MEDIUM
7,4,0,Highway,Clear,28.0,0.0,536,88.2,84.4,1.9,37,LOW
13,6,1,Urban,Rain,34.0,9.95,612,41.1,20.9,8.0,44,MEDIUM
13,2,0,Urban,Clear,19.5,0.0,510,41.4,29.6,4.9,49,MEDIUM
9,1,0,Urban,Clear,34.6,0.0,857,39.7,8.0,15.5,77,HIGH
1,1,0,Urban,Clear,12.9,0.0,254,39.2,34.7,2.0,10,LOW
13,3,0,Urban,Rain,30.3,0.15,406,39.6,28.8,6.0,61,MEDIUM
8,0,0,Highway,Clear,20.1,0.0,1651,93.0,34.2,32.9,96,HIGH
2,5,1,Highway,Rain,22.4,5.1,681,92.4,71.7,1.7,24,LOW
20,1,0,Arterial,Clear,40.2,0.0,1800,56.8,10.9,22.5,76,HIGH
7,6,1,Arterial,Clear,21.1,0.0,157,59.9,59.9,1.1,27,LOW
15,5,1,Arterial,Clear,27.6,0.0,932,55.8,27.9,7.7,67,MEDIUM
1,4,0,Arterial,Rain,20.5,2.31,282,62.1,53.1,0.4,19,LOW
5,5,1,Urban,Clear,33.4,0.0,177,38.6,35.6,0.0,16,LOW
20,0,0,Arterial,Rain,30.9,10.12,1203,62.9,15.8,22.4,71,HIGH
11,6,1,Urban,Clear,31.8,0.0,103,39.3,39.3,1.3,36,LOW
4,0,0,Highway,Rain,35.9,1.75,681,95.7,75.2,0.8,33,LOW
1,5,1,Arterial,Clear,25.6,0.0,481,65.3,56.9,0.3,29,LOW
15,2,0,Highway,Clear,35.5,0.0,1363,92.2,52.9,9.9,65,MEDIUM
4,1,0,Urban,Clear,38.4,0.0,369,38.9,35.8,0.2,21,LOW
14,6,1,Highway,Clear,30.0,0.0,1034,85.3,62.0,6.3,66,MEDIUM
11,2,0,Arterial,Clear,20.3,0.0,766,63.8,41.7,7.5,64,MEDIUM
3,5,1,Highway,Fog,19.6,0.35,468,89.7,67.2,9.8,45,MEDIUM
14,1,0,Highway,Clear,31.1,0.0,1345,90.2,50.4,7.4,46,MEDIUM
10,3,0,Arterial,Clear,20.3,0.0,1208,58.4,14.9,18.3,77,HIGH
15,2,0,Arterial,Clear,18.6,0.0,1091,54.5,21.0,32.1,81,HIGH
22,2,0,Highway,Clear,34.2,0.0,409,95.4,90.3,0.7,35,LOW
5,5,1,Highway,Clear,24.8,0.0,625,89.6,77.2,2.0,30,LOW
13,4,0,Arterial,Clear,44.9,0.0,866,52.6,34.1,6.6,67,MEDIUM
17,5,1,Arterial,Rain,23.4,0.25,931,59.4,27.6,17.9,74,HIGH
11,2,0,Highway,Clear,24.5,0.0,1450,83.2,42.8,4.7,65,MEDIUM
10,1,0,Arterial,Rain,30.5,9.25,1652,62.4,8.2,30.9,97,HIGH
12,4,0,Highway,Clear,29.4,0.0,1235,92.3,53.6,4.6,53,MEDIUM
20,5,1,Arterial,Clear,27.4,0.0,512,66.0,57.1,1.5,23,LOW
22,6,1,Highway,Clear,27.2,0.0,256,82.6,81.6,1.8,8,LOW
10,5,1,Arterial,Rain,48.0,1.48,453,65.7,51.6,0.6,17,LOW
22,2,0,Highway,Clear,39.6,0.0,362,92.6,86.2,1.3,13,LOW
15,2,0,Urban,Rain,33.9,2.6,548,35.9,18.2,9.5,65,MEDIUM
14,3,0,Highway,Clear,19.4,0.0,1114,99.1,66.2,9.9,58,MEDIUM
20,5,1,Highway,Rain,27.5,0.52,1078,89.4,53.4,6.5,49,MEDIUM
14,2,0,Highway,Clear,32.6,0.0,1239,84.0,48.2,9.9,65,MEDIUM
3,6,1,Urban,Clear,33.2,0.0,341,43.1,33.6,0.3,20,LOW
10,0,0,Arterial,Clear,36.9,0.0,1737,55.6,8.0,15.3,76,HIGH
18,4,0,Arterial,Clear,23.5,0.0,1189,64.6,17.7,34.9,87,HIGH
14,0,0,Urban,Clear,27.7,0.0,532,39.4,23.1,8.9,41,MEDIUM
3,4,0,Urban,Clear,22.7,0.0,236,39.0,36.9,0.1,33,LOW
20,6,1,Arterial,Rain,37.3,10.19,495,54.8,39.2,5.6,46,MEDIUM
12,5,1,Highway,Clear,32.9,0.0,1793,84.8,21.0,18.6,83,HIGH
21,3,0,Urban,Clear,24.4,0.0,294,40.5,34.6,0.2,26,LOW
18,2,0,Highway,Clear,29.6,0.0,2568,81.8,12.6,28.5,96,HIGH
1,2,0,Arterial,Clear,28.4,0.0,232,62.8,61.5,1.5,17,LOW
13,2,0,Arterial,Clear,21.8,0.0,816,57.9,31.5,7.1,53,MEDIUM
3,5,1,Urban,Clear,34.5,0.0,302,38.8,32.1,0.9,28,LOW
15,4,0,Arterial,Rain,28.5,3.91,790,62.3,35.8,6.8,58,MEDIUM
20,6,1,Arterial,Clear,24.3,0.0,403,59.2,54.2,0.4,33,LOW
19,2,0,Urban,Clear,21.7,0.0,827,43.7,10.6,19.1,75,HIGH
13,0,0,Highway,Clear,34.0,0.0,851,79.7,64.3,2.0,22,LOW
14,2,0,Highway,Clear,29.9,0.0,955,94.0,71.3,1.0,23,LOW
2,5,1,Arterial,Clear,23.1,0.0,322,60.1,56.7,0.8,19,LOW
7,6,1,Urban,Clear,24.5,0.0,171,38.0,33.6,0.9,11,LOW
15,3,0,Highway,Clear,28.0,0.0,851,94.7,73.1,0.2,19,LOW
9,6,1,Highway,Clear,28.4,0.0,518,92.9,82.9,1.5,18,LOW
3,0,0,Highway,Storm,29.3,2.55,740,91.1,48.7,8.5,54,MEDIUM
17,2,0,Highway,Clear,15.6,0.0,2477,88.7,12.2,23.2,94,HIGH
1,2,0,Urban,Clear,28.8,0.0,194,37.9,33.1,1.0,26,LOW
16,1,0,Arterial,Clear,19.5,0.0,883,55.7,32.2,6.9,67,MEDIUM
12,4,0,Arterial,Clear,37.9,0.0,980,65.5,31.6,18.4,97,HIGH
3,0,0,Arterial,Rain,35.3,0.59,273,63.3,52.8,0.5,35,LOW
10,1,0,Urban,Clear,36.1,0.0,719,41.7,18.0,16.9,87,HIGH
6,6,1,Highway,Clear,10.8,0.0,432,87.9,83.6,1.1,12,LOW
11,3,0,Arterial,Rain,25.9,1.79,1023,68.1,23.3,23.8,83,HIGH
9,4,0,Arterial,Clear,27.5,0.0,1281,57.2,10.6,23.7,96,HIGH
6,0,0,Highway,Storm,32.0,4.44,582,88.1,52.6,6.3,54,MEDIUM
12,2,0,Arterial,Rain,34.3,1.27,879,67.3,35.4,7.4,41,MEDIUM
6,6,1,Highway,Clear,37.0,0.0,794,89.7,72.8,0.2,20,LOW
23,0,0,Highway,Clear,11.8,0.0,648,98.7,85.4,0.3,17,LOW
16,2,0,Highway,Clear,22.4,0.0,1022,91.9,65.0,7.3,53,MEDIUM
9,4,0,Urban,Clear,28.4,0.0,680,38.5,19.0,19.6,95,HIGH
9,2,0,Highway,Clear,33.8,0.0,2330,89.0,8.9,20.9,80,HIGH
23,3,0,Urban,Clear,33.6,0.0,265,37.8,34.7,0.2,25,LOW
3,6,1,Highway,Fog,31.3,0.5,934,93.5,58.4,7.8,60,MEDIUM
19,5,1,Urban,Clear,23.5,0.0,627,43.7,22.2,6.3,44,MEDIUM
3,2,0,Urban,Clear,24.4,0.0,133,41.4,39.4,0.1,15,LOW
21,3,0,Urban,Clear,23.6,0.0,317,40.9,36.7,1.3,22,LOW
6,5,1,Urban,Rain,21.1,3.76,179,36.9,30.8,1.0,13,LOW
21,6,1,Highway,Clear,21.0,0.0,689,95.5,82.6,0.6,19,LOW
0,4,0,Highway,Clear,20.4,0.0,719,94.2,81.0,2.6,30,LOW
11,4,0,Arterial,Rain,30.4,8.94,1045,61.1,24.3,15.7,89,HIGH
23,6,1,Highway,Rain,28.9,2.0,728,88.5,64.1,4.8,54,MEDIUM
12,6,1,Highway,Fog,21.5,0.36,1473,90.2,35.5,14.4,82,HIGH
9,0,0,Urban,Rain,16.0,2.15,843,37.3,8.0,27.4,97,HIGH
14,3,0,Arterial,Clear,25.4,0.0,678,54.1,41.1,1.0,20,LOW
12,3,0,Arterial,Clear,38.4,0.0,802,58.8,39.5,8.9,65,MEDIUM
22,6,1,Urban,Clear,28.0,0.0,424,37.4,31.4,0.9,9,LOW
21,1,0,Arterial,Clear,33.6,0.0,308,58.0,55.6,0.0,25,LOW
21,1,0,Arterial,Clear,29.3,0.0,229,58.0,57.8,0.9,12,LOW
20,5,1,Urban,Clear,27.6,0.0,131,39.8,39.8,0.0,21,LOW
21,5,1,Highway,Fog,17.7,0.16,826,89.3,52.6,6.0,52,MEDIUM
8,1,0,Arterial,Clear,25.2,0.0,1385,47.8,8.0,23.0,92,HIGH
8,6,1,Urban,Clear,24.3,0.0,356,41.0,31.7,1.5,21,LOW
14,6,1,Urban,Clear,38.4,0.0,592,40.4,21.6,5.6,55,MEDIUM
9,5,1,Urban,Rain,29.3,2.56,277,42.9,33.0,0.8,18,LOW
23,2,0,Arterial,Clear,36.9,0.0,382,59.1,54.2,0.6,14,LOW
9,6,1,Urban,Clear,35.9,0.0,292,43.3,37.8,1.1,18,LOW
7,1,0,Highway,Clear,22.1,0.0,524,89.2,89.2,0.0,10,LOW
23,3,0,Highway,Clear,28.0,0.0,369,91.7,83.0,0.5,9,LOW
15,6,1,Arterial,Clear,39.8,0.0,1026,56.3,25.3,20.0,75,HIGH
16,6,1,Arterial,Fog,31.9,0.21,860,64.5,29.1,15.0,73,HIGH
4,2,0,Highway,Storm,31.5,41.39,751,96.5,52.3,8.4,41,MEDIUM
3,5,1,Arterial,Storm,34.4,8.86,355,67.5,42.5,9.7,56,MEDIUM
17,6,1,Highway,Clear,31.4,0.0,1491,87.3,40.0,20.6,90,HIGH
23,4,0,Arterial,Fog,31.8,0.41,355,62.1,43.6,7.5,43,MEDIUM
18,0,0,Urban,Storm,30.1,12.99,1104,35.7,8.0,24.5,93,HIGH
3,1,0,Arterial,Fog,25.6,0.24,360,52.5,35.2,7.3,56,MEDIUM
6,4,0,Highway,Clear,20.6,0.0,671,92.8,77.8,0.0,12,LOW
9,5,1,Arterial,Rain,15.0,2.25,373,59.5,48.9,2.4,8,LOW
17,3,0,Arterial,Clear,25.7,0.0,1091,54.9,21.8,16.1,78,HIGH
18,0,0,Arterial,Rain,31.1,1.46,1211,60.7,13.5,12.3,89,HIGH
3,4,0,Arterial,Clear,29.7,0.0,352,63.7,60.5,0.0,29,LOW
9,0,0,Arterial,Clear,32.5,0.0,1250,60.3,10.7,31.3,90,HIGH
0,1,0,Urban,Storm,27.1,3.13,156,43.7,26.1,7.9,53,MEDIUM
22,5,1,Highway,Clear,47.1,0.0,678,86.7,73.0,3.4,21,LOW
17,6,1,Arterial,Clear,42.2,0.0,947,64.3,32.5,4.7,51,MEDIUM
4,3,0,Arterial,Storm,17.4,16.33,243,58.5,36.5,8.6,52,MEDIUM
14,5,1,Arterial,Storm,32.6,27.02,767,64.9,31.3,17.8,82,HIGH
16,0,0,Highway,Clear,34.8,0.0,1696,83.6,25.9,25.2,87,HIGH
2,4,0,Highway,Rain,13.1,0.86,581,91.2,73.7,2.1,14,LOW
11,1,0,Highway,Clear,29.2,0.0,1395,91.1,47.5,6.9,48,MEDIUM
1,1,0,Urban,Clear,31.6,0.0,164,41.4,35.5,1.4,17,LOW
0,5,1,Arterial,Clear,28.0,0.0,453,58.6,52.7,0.6,35,LOW
22,6,1,Arterial,Clear,30.7,0.0,252,61.7,58.8,0.6,35,LOW
20,4,0,Urban,Clear,28.6,0.0,932,39.4,8.0,30.2,84,HIGH
16,6,1,Highway,Clear,32.9,0.0,1307,87.4,50.9,4.7,42,MEDIUM
21,6,1,Urban,Fog,38.8,0.46,349,44.2,27.6,9.1,54,MEDIUM
15,4,0,Arterial,Clear,33.4,0.0,723,60.3,43.0,6.1,42,MEDIUM
4,0,0,Highway,Fog,36.2,0.12,350,82.4,59.6,6.2,46,MEDIUM
14,5,1,Urban,Rain,20.6,2.64,491,38.0,23.4,7.6,66,MEDIUM
2,5,1,Urban,Clear,42.2,0.0,268,44.4,44.4,0.1,17,LOW
6,2,0,Urban,Fog,30.2,0.17,273,37.3,26.7,4.9,63,MEDIUM
10,5,1,Highway,Fog,25.3,0.06,329,92.7,68.1,6.0,55,MEDIUM
9,1,0,Urban,Clear,30.9,0.0,1019,37.9,8.0,25.4,94,HIGH
8,0,0,Urban,Clear,24.2,0.0,738,35.7,13.7,23.4,91,HIGH
13,4,0,Arterial,Rain,29.0,0.19,650,61.9,40.0,8.6,49,MEDIUM
12,5,1,Highway,Rain,30.1,1.59,1367,88.4,41.4,26.8,92,HIGH
1,0,0,Highway,Fog,23.2,0.02,521,97.9,71.2,8.0,40,MEDIUM
2,5,1,Urban,Clear,29.1,0.0,259,43.4,40.8,0.4,12,LOW
6,4,0,Arterial,Clear,23.1,0.0,456,65.1,58.3,1.0,27,LOW
20,3,0,Arterial,Clear,23.0,0.0,1568,64.3,8.0,31.8,92,HIGH
17,4,0,Highway,Clear,20.9,0.0,2303,93.4,10.3,17.3,73,HIGH
2,4,0,Highway,Clear,25.4,0.0,424,83.2,77.1,1.4,23,LOW
9,4,0,Arterial,Clear,24.1,0.0,1603,59.1,11.2,22.2,72,HIGH
21,5,1,Arterial,Clear,31.3,0.0,519,62.7,48.7,1.6,29,LOW
6,2,0,Urban,Rain,35.7,0.39,222,39.1,33.7,0.9,11,LOW
8,4,0,Arterial,Clear,32.6,0.0,1302,59.9,13.3,31.0,91,HIGH
16,1,0,Urban,Clear,34.8,0.0,612,42.2,23.4,7.0,64,MEDIUM
10,1,0,Highway,Rain,34.2,0.54,2131,95.3,14.6,14.6,84,HIGH
6,0,0,Highway,Fog,21.5,0.0,472,85.4,63.7,7.0,61,MEDIUM
23,2,0,Arterial,Clear,25.7,0.0,272,62.7,59.3,0.2,14,LOW
13,0,0,Highway,Clear,40.5,0.0,1573,92.8,35.5,17.8,70,HIGH
18,1,0,Highway,Fog,24.2,0.08,1846,85.1,17.7,20.7,70,HIGH
3,6,1,Urban,Clear,41.0,0.0,258,38.8,35.3,1.4,35,LOW
5,1,0,Arterial,Rain,25.1,3.01,235,60.6,47.3,2.1,25,LOW
9,3,0,Highway,Clear,13.7,0.0,1897,96.9,19.1,13.5,84,HIGH
6,4,0,Highway,Clear,26.3,0.0,451,87.9,82.2,0.4,37,LOW
12,6,1,Highway,Clear,33.9,0.0,1520,92.1,41.3,25.5,85,HIGH
13,1,0,Urban,Clear,39.6,0.0,642,43.5,23.4,5.0,41,MEDIUM
3,5,1,Highway,Clear,17.7,0.0,641,99.3,90.3,1.0,29,LOW
7,5,1,Highway,Clear,33.8,0.0,462,91.1,86.8,0.8,35,LOW
4,0,0,Arterial,Storm,34.3,19.12,480,51.5,26.3,9.4,63,MEDIUM
0,6,1,Highway,Clear,37.1,0.0,323,94.6,91.7,1.5,8,LOW
3,0,0,Highway,Clear,10.0,0.0,523,91.1,86.5,0.8,29,LOW
2,4,0,Highway,Fog,39.6,0.1,271,85.8,66.3,1.1,13,LOW
8,4,0,Highway,Clear,31.1,0.0,1865,93.6,17.3,22.4,97,HIGH
7,3,0,Highway,Rain,31.2,0.3,621,99.3,80.3,1.3,23,LOW
0,2,0,Highway,Storm,35.3,15.08,630,91.0,52.7,6.0,53,MEDIUM
5,0,0,Urban,Clear,14.0,0.0,151,35.1,35.1,0.3,29,LOW
8,4,0,Highway,Clear,35.1,0.0,2217,97.2,17.9,35.0,74,HIGH
6,0,0,Urban,Fog,44.6,0.0,338,40.1,21.2,7.8,51,MEDIUM
3,4,0,Urban,Clear,18.4,0.0,254,42.1,35.1,0.4,27,LOW
12,1,0,Arterial,Clear,27.5,0.0,734,60.2,42.9,8.1,54,MEDIUM
16,0,0,Highway,Fog,28.3,0.37,1666,92.3,26.2,30.4,78,HIGH
1,1,0,Highway,Rain,30.5,0.49,453,93.3,75.1,1.7,17,LOW
4,0,0,Arterial,Storm,31.0,4.59,384,63.2,40.4,9.6,59,MEDIUM
11,2,0,Arterial,Clear,23.3,0.0,995,60.6,27.7,27.2,78,HIGH
20,3,0,Arterial,Clear,28.3,0.0,1800,57.0,9.5,34.2,95,HIGH
7,5,1,Highway,Clear,40.2,0.0,585,91.0,81.5,0.7,37,LOW
5,5,1,Urban,Clear,30.8,0.0,192,42.4,41.4,1.1,37,LOW
7,5,1,Highway,Clear,30.6,0.0,427,86.2,80.9,1.4,22,LOW
17,1,0,Arterial,Clear,23.0,0.0,1401,55.6,10.4,31.7,73,HIGH
2,6,1,Arterial,Clear,37.4,0.0,342,65.3,60.4,2.3,15,LOW
21,4,0,Highway,Clear,26.5,0.0,528,98.5,89.2,2.2,24,LOW
11,5,1,Arterial,Clear,13.6,0.0,359,60.2,51.9,0.2,35,LOW
2,2,0,Urban,Clear,30.9,0.0,114,41.8,41.8,1.8,19,LOW
21,5,1,Urban,Fog,32.9,0.06,308,41.1,27.7,6.8,53,MEDIUM
5,0,0,Urban,Clear,25.9,0.0,186,33.5,27.9,1.5,26,LOW
1,1,0,Arterial,Rain,12.4,0.99,336,60.8,50.8,2.3,27,LOW
22,6,1,Arterial,Fog,20.2,0.4,304,65.9,48.9,8.3,63,MEDIUM
11,0,0,Highway,Clear,27.2,0.0,973,84.1,65.0,0.4,35,LOW
1,6,1,Arterial,Clear,25.3,0.0,240,54.9,53.6,0.1,35,LOW
5,0,0,Highway,Clear,31.1,0.0,303,86.3,85.5,2.3,26,LOW
16,0,0,Arterial,Fog,32.1,0.07,894,58.1,25.9,19.9,96,HIGH
2,3,0,Highway,Clear,24.9,0.0,453,93.3,84.3,0.0,31,LOW
1,3,0,Arterial,Rain,18.2,18.0,366,65.3,51.2,0.4,18,LOW
22,4,0,Arterial,Storm,38.2,5.96,458,65.2,38.1,7.1,52,MEDIUM
19,1,0,Urban,Storm,31.9,27.51,983,42.0,8.0,17.3,80,HIGH
7,2,0,Arterial,Clear,32.7,0.0,316,53.6,49.6,2.6,22,LOW
21,2,0,Urban,Rain,30.7,0.74,154,35.2,34.1,0.8,36,LOW
11,2,0,Urban,Storm,35.7,4.08,385,42.2,22.3,5.0,44,MEDIUM
3,0,0,Arterial,Clear,25.3,0.0,286,53.7,51.1,0.0,19,LOW
4,3,0,Arterial,Clear,33.8,0.0,296,62.2,56.9,0.6,12,LOW
12,1,0,Highway,Clear,32.7,0.0,1434,91.4,44.1,31.3,74,HIGH
14,0,0,Urban,Clear,32.4,0.0,473,38.6,26.2,8.9,67,MEDIUM
22,6,1,Arterial,Rain,19.6,2.92,376,49.8,39.5,0.8,33,LOW
15,3,0,Urban,Clear,29.0,0.0,608,40.6,22.5,5.5,51,MEDIUM
9,3,0,Arterial,Rain,30.7,0.18,1308,62.0,10.6,28.0,90,HIGH
22,5,1,Urban,Rain,40.5,5.65,357,38.3,25.8,9.7,42,MEDIUM
15,5,1,Urban,Clear,28.7,0.0,622,36.7,19.5,5.2,51,MEDIUM
11,1,0,Highway,Clear,35.6,0.0,1674,91.5,30.9,12.8,77,HIGH
16,6,1,Highway,Clear,17.6,0.0,1310,82.7,44.3,5.3,57,MEDIUM
15,1,0,Arterial,Rain,23.0,2.03,927,62.5,27.1,23.7,85,HIGH
11,1,0,Arterial,Clear,31.1,0.0,829,64.2,38.6,8.4,56,MEDIUM
7,0,0,Highway,Clear,31.0,0.0,500,80.2,74.4,0.5,30,LOW
19,4,0,Urban,Clear,23.0,0.0,748,38.4,13.5,27.2,93,HIGH
2,1,0,Arterial,Fog,34.7,0.35,382,59.8,41.5,5.9,58,MEDIUM
15,5,1,Urban,Fog,26.8,0.09,713,39.9,15.4,34.9,82,HIGH
12,4,0,Urban,Clear,26.7,0.0,509,37.4,23.1,7.5,64,MEDIUM
22,0,0,Arterial,Clear,27.5,0.0,425,54.7,47.5,0.9,10,LOW
18,4,0,Urban,Rain,37.4,3.6,1200,38.6,8.0,30.7,77,HIGH
7,2,0,Arterial,Clear,35.6,0.0,285,62.6,58.1,1.6,33,LOW
21,6,1,Urban,Clear,41.2,0.0,122,41.7,40.8,1.6,20,LOW
4,4,0,Arterial,Clear,31.9,0.0,360,62.3,57.8,0.0,34,LOW
19,1,0,Arterial,Clear,41.5,0.0,1443,65.0,10.3,34.9,91,HIGH
7,0,0,Arterial,Clear,29.7,0.0,359,55.8,46.8,0.9,12,LOW
23,6,1,Arterial,Clear,27.1,0.0,421,58.5,50.5,1.0,34,LOW
11,1,0,Arterial,Clear,24.9,0.0,1076,59.3,25.0,16.6,91,HIGH
0,6,1,Arterial,Clear,26.8,0.0,302,48.5,42.2,0.8,26,LOW
20,5,1,Highway,Clear,27.1,0.0,534,91.1,82.5,0.8,13,LOW
19,2,0,Urban,Clear,23.2,0.0,728,39.9,15.0,13.9,94,HIGH
5,5,1,Arterial,Clear,23.9,0.0,321,55.5,49.5,0.0,18,LOW
21,1,0,Arterial,Clear,32.3,0.0,202,63.5,61.3,0.1,9,LOW
17,1,0,Arterial,Storm,24.6,11.02,1252,63.2,8.0,29.8,78,HIGH
7,1,0,Urban,Clear,16.1,0.0,112,41.2,41.2,0.7,16,LOW
6,3,0,Urban,Rain,15.7,4.93,250,34.9,26.1,4.8,61,MEDIUM
0,2,0,Arterial,Clear,13.3,0.0,317,56.1,52.2,0.4,29,LOW
20,6,1,Highway,Clear,18.1,0.0,541,91.5,87.6,0.4,16,LOW
15,1,0,Arterial,Clear,19.6,0.0,790,57.9,36.5,8.4,54,MEDIUM
11,1,0,Arterial,Clear,21.2,0.0,786,59.1,39.3,7.1,61,MEDIUM
5,6,1,Urban,Rain,30.0,1.24,250,36.7,30.7,0.0,33,LOW
19,5,1,Arterial,Clear,19.1,0.0,725,60.8,41.3,9.1,49,MEDIUM
1,5,1,Urban,Clear,21.6,0.0,297,44.5,37.1,0.0,16,LOW
13,1,0,Arterial,Rain,15.2,9.47,731,61.3,38.2,9.1,64,MEDIUM
3,0,0,Urban,Clear,23.4,0.0,208,42.9,42.9,1.2,34,LOW
0,3,0,Highway,Clear,33.1,0.0,539,94.4,84.7,0.0,28,LOW
22,5,1,Urban,Clear,27.8,0.0,254,38.9,35.8,0.7,18,LOW
17,0,0,Urban,Clear,28.6,0.0,792,39.4,10.7,13.2,76,HIGH
12,3,0,Urban,Clear,28.0,0.0,426,44.4,32.5,6.4,43,MEDIUM
1,1,0,Highway,Clear,19.0,0.0,594,93.7,82.9,0.0,32,LOW
8,2,0,Highway,Clear,25.1,0.0,2186,94.8,14.0,15.9,73,HIGH
20,4,0,Arterial,Clear,29.5,0.0,1253,60.7,12.6,14.3,85,HIGH
1,4,0,Highway,Rain,34.8,11.38,769,88.0,63.1,9.9,60,MEDIUM
8,1,0,Highway,Rain,30.5,7.09,1944,88.6,13.2,35.0,91,HIGH
0,5,1,Highway,Storm,34.2,10.49,586,96.9,55.0,9.1,49,MEDIUM
10,0,0,Arterial,Fog,20.4,0.21,1606,60.0,8.0,33.6,92,HIGH
2,2,0,Arterial,Fog,17.5,0.03,322,65.0,44.2,7.4,51,MEDIUM
19,6,1,Highway,Rain,15.7,10.3,1002,97.0,64.8,7.9,58,MEDIUM
22,3,0,Highway,Clear,33.7,0.0,597,94.6,81.6,1.4,32,LOW
3,1,0,Arterial,Clear,17.9,0.0,308,63.2,56.0,2.3,16,LOW
17,2,0,Arterial,Clear,35.4,0.0,1504,66.8,8.0,20.3,72,HIGH
22,2,0,Highway,Clear,24.9,0.0,307,85.8,85.8,0.6,23,LOW
5,5,1,Arterial,Fog,39.7,0.48,304,58.4,41.6,9.0,48,MEDIUM
2,3,0,Urban,Clear,24.9,0.0,255,36.2,33.2,1.6,31,LOW
21,2,0,Urban,Clear,25.2,0.0,224,35.5,33.5,1.5,13,LOW
10,5,1,Urban,Clear,28.5,0.0,163,39.9,39.9,0.1,15,LOW
14,0,0,Urban,Clear,25.1,0.0,628,40.8,20.6,9.2,55,MEDIUM
21,5,1,Arterial,Clear,30.9,0.0,428,62.0,52.9,1.3,26,LOW
4,0,0,Arterial,Clear,20.7,0.0,530,57.2,47.5,1.4,10,LOW
19,0,0,Arterial,Clear,29.3,0.0,1615,58.3,9.8,25.4,91,HIGH
9,6,1,Arterial,Clear,22.7,0.0,444,63.4,55.3,0.1,24,LOW
11,6,1,Highway,Clear,26.6,0.0,523,82.7,75.7,1.7,12,LOW
14,2,0,Arterial,Clear,18.4,0.0,815,60.1,33.9,6.0,45,MEDIUM
16,5,1,Arterial,Rain,34.1,0.07,778,65.2,37.7,8.3,52,MEDIUM
9,6,1,Highway,Clear,25.5,0.0,543,88.7,80.9,0.0,24,LOW
5,0,0,Urban,Clear,34.4,0.0,330,38.7,33.1,0.7,13,LOW
17,6,1,Highway,Storm,22.8,6.41,1434,96.2,31.3,17.8,76,HIGH
12,3,0,Highway,Clear,27.9,0.0,995,82.9,60.0,8.7,60,MEDIUM
2,2,0,Highway,Clear,34.5,0.0,570,86.0,80.1,0.8,11,LOW
23,5,1,Arterial,Clear,19.8,0.0,498,56.9,48.0,1.8,18,LOW
9,5,1,Highway,Rain,21.8,7.42,417,93.5,78.7,2.5,10,LOW
13,4,0,Urban,Clear,33.7,0.0,452,35.2,25.2,7.3,47,MEDIUM
5,5,1,Arterial,Clear,37.4,0.0,362,64.9,58.4,1.4,33,LOW
2,2,0,Arterial,Rain,28.1,0.3,148,59.9,53.4,0.3,15,LOW
15,3,0,Highway,Clear,21.2,0.0,1094,95.2,66.2,7.1,63,MEDIUM
6,5,1,Arterial,Rain,25.8,0.77,271,65.0,54.0,1.7,29,LOW
19,4,0,Urban,Clear,41.8,0.0,914,37.6,8.0,33.8,71,HIGH
13,2,0,Arterial,Clear,18.7,0.0,746,60.1,39.9,8.4,44,MEDIUM
8,0,0,Arterial,Rain,31.7,13.47,1613,59.1,8.0,25.1,91,HIGH
14,1,0,Urban,Clear,28.9,0.0,636,39.8,19.2,20.1,86,HIGH
20,1,0,Urban,Fog,19.9,0.42,844,38.3,8.0,20.7,77,HIGH
2,0,0,Arterial,Storm,25.8,26.31,453,64.5,36.0,6.5,59,MEDIUM
1,6,1,Highway,Clear,15.4,0.0,809,89.1,73.1,2.4,32,LOW
1,5,1,Arterial,Fog,30.0,0.07,403,58.7,39.2,8.1,56,MEDIUM
2,1,0,Arterial,Clear,31.0,0.0,294,64.5,60.0,0.1,32,LOW
17,6,1,Arterial,Fog,18.4,0.11,1146,63.3,15.5,17.8,91,HIGH
13,1,0,Urban,Clear,31.9,0.0,479,40.9,30.7,0.0,19,LOW
19,0,0,Arterial,Clear,23.3,0.0,1295,58.4,11.1,30.3,84,HIGH
17,5,1,Urban,Clear,22.7,0.0,680,44.4,18.2,28.3,80,HIGH
9,5,1,Highway,Clear,21.2,0.0,258,84.7,82.3,1.9,35,LOW
1,6,1,Highway,Clear,32.6,0.0,638,95.4,86.8,1.0,31,LOW
21,0,0,Highway,Fog,16.3,0.3,474,93.1,66.8,4.6,54,MEDIUM
0,6,1,Urban,Fog,16.9,0.25,310,36.2,26.7,9.4,64,MEDIUM
3,5,1,Urban,Clear,23.9,0.0,131,40.2,37.9,0.6,29,LOW
13,5,1,Arterial,Clear,24.1,0.0,815,54.7,34.8,7.3,61,MEDIUM
0,2,0,Arterial,Rain,32.4,1.24,196,58.6,47.2,1.1,17,LOW
13,6,1,Arterial,Clear,27.4,0.0,773,61.1,40.0,4.3,56,MEDIUM
15,2,0,Urban,Clear,27.4,0.0,577,37.0,25.1,9.8,61,MEDIUM
21,0,0,Urban,Clear,16.7,0.0,153,33.0,33.0,0.7,21,LOW
13,3,0,Arterial,Clear,26.4,0.0,929,59.5,29.9,7.1,57,MEDIUM
19,1,0,Arterial,Clear,11.1,0.0,1706,60.9,9.5,22.2,87,HIGH
2,2,0,Highway,Rain,29.7,7.53,615,88.1,68.4,1.2,26,LOW
2,1,0,Arterial,Clear,32.7,0.0,224,59.9,59.6,0.4,36,LOW
8,4,0,Arterial,Clear,22.5,0.0,1196,59.3,15.3,14.4,79,HIGH
5,0,0,Highway,Fog,30.6,0.45,266,84.9,63.6,5.5,66,MEDIUM
12,3,0,Urban,Clear,24.9,0.0,410,45.8,34.6,2.2,33,LOW
20,4,0,Arterial,Clear,36.6,0.0,1662,61.3,8.0,23.7,84,HIGH
1,4,0,Urban,Clear,29.6,0.0,194,38.7,34.6,0.9,11,LOW
7,5,1,Highway,Clear,20.7,0.0,630,85.9,76.4,1.9,33,LOW
20,4,0,Arterial,Clear,36.2,0.0,951,58.4,29.3,9.5,56,MEDIUM
1,0,0,Arterial,Clear,33.8,0.0,205,58.5,58.0,0.6,30,LOW
3,2,0,Highway,Clear,25.1,0.0,711,90.2,75.8,0.8,29,LOW
14,0,0,Arterial,Clear,31.5,0.0,972,64.6,28.8,22.2,70,HIGH
3,2,0,Highway,Clear,31.4,0.0,682,86.0,75.4,1.6,34,LOW
12,4,0,Highway,Rain,25.0,1.21,1285,90.9,48.7,5.9,53,MEDIUM
11,4,0,Highway,Clear,28.5,0.0,1043,94.0,65.1,5.5,45,MEDIUM
12,3,0,Highway,Clear,29.7,0.0,879,86.6,67.6,1.0,8,LOW
13,2,0,Arterial,Fog,23.3,0.08,870,57.3,24.0,17.3,88,HIGH
19,4,0,Highway,Clear,37.4,0.0,1844,82.5,17.5,31.7,95,HIGH
17,5,1,Arterial,Clear,14.2,0.0,919,66.7,32.7,16.3,89,HIGH
5,1,0,Urban,Clear,32.7,0.0,240,41.5,40.5,0.4,29,LOW
10,3,0,Arterial,Rain,19.5,0.57,1508,57.7,8.0,29.2,88,HIGH
1,0,0,Urban,Clear,26.3,0.0,247,38.2,36.3,0.9,32,LOW
22,3,0,Arterial,Clear,16.8,0.0,312,55.9,47.4,1.4,13,LOW
18,1,0,Arterial,Clear,18.8,0.0,1642,60.6,11.5,31.1,92,HIGH
18,2,0,Highway,Clear,27.4,0.0,2555,88.3,12.0,20.6,92,HIGH
4,0,0,Urban,Rain,28.5,2.32,245,37.2,28.6,1.8,8,LOW
18,0,0,Urban,Clear,35.4,0.0,846,37.7,8.0,30.4,76,HIGH
1,2,0,Arterial,Clear,25.2,0.0,349,62.9,60.1,2.0,25,LOW
9,6,1,Highway,Fog,32.3,0.07,599,88.1,57.7,5.3,59,MEDIUM
1,6,1,Arterial,Clear,27.9,0.0,456,55.1,49.4,1.3,17,LOW
10,3,0,Arterial,Clear,32.0,0.0,1402,60.3,9.0,17.0,75,HIGH
17,4,0,Arterial,Clear,20.4,0.0,1594,57.3,8.0,29.8,88,HIGH
23,6,1,Arterial,Rain,28.6,2.24,411,62.6,50.5,1.8,24,LOW
14,3,0,Highway,Rain,30.6,2.17,1250,97.5,53.7,8.6,41,MEDIUM
8,6,1,Urban,Fog,24.5,0.44,261,34.2,26.2,0.6,33,LOW
22,1,0,Highway,Clear,30.7,0.0,300,86.5,82.3,1.4,19,LOW
18,5,1,Highway,Clear,31.3,0.0,714,90.7,78.1,0.6,21,LOW
8,4,0,Arterial,Clear,24.4,0.0,1008,59.7,22.3,14.7,87,HIGH
2,3,0,Highway,Rain,33.4,1.23,888,96.3,66.3,4.2,65,MEDIUM
20,5,1,Highway,Clear,11.9,0.0,545,89.9,82.2,1.6,28,LOW
8,5,1,Highway,Clear,14.6,0.0,410,91.0,86.2,1.9,14,LOW
13,6,1,Arterial,Rain,20.8,2.88,990,61.7,28.8,14.9,83,HIGH
18,2,0,Urban,Clear,30.0,0.0,872,38.0,8.0,33.8,83,HIGH
6,1,0,Urban,Clear,22.7,0.0,219,41.5,38.0,0.4,30,LOW
15,1,0,Arterial,Fog,18.6,0.37,869,61.6,25.7,15.2,93,HIGH
15,1,0,Highway,Clear,27.4,0.0,885,90.5,72.1,1.2,27,LOW
0,4,0,Arterial,Clear,28.7,0.0,401,52.3,45.4,0.9,10,LOW
3,0,0,Arterial,Clear,23.5,0.0,555,57.0,43.4,0.9,32,LOW
3,4,0,Highway,Clear,19.7,0.0,477,90.9,85.9,0.7,11,LOW
6,3,0,Highway,Clear,28.0,0.0,281,89.5,89.5,0.3,17,LOW
7,5,1,Highway,Clear,33.6,0.0,254,93.7,91.3,1.2,16,LOW
16,5,1,Urban,Clear,19.5,0.0,686,42.3,16.7,22.8,79,HIGH
4,0,0,Arterial,Fog,39.1,0.3,366,61.4,44.6,6.4,53,MEDIUM
6,3,0,Urban,Clear,24.0,0.0,230,42.3,38.2,0.9,19,LOW
19,0,0,Highway,Clear,23.5,0.0,2311,92.5,16.4,31.2,89,HIGH
19,5,1,Highway,Clear,28.9,0.0,1705,87.4,24.3,25.3,77,HIGH
3,6,1,Arterial,Rain,28.7,10.78,287,60.0,48.8,1.4,24,LOW
5,4,0,Arterial,Clear,12.4,0.0,240,55.6,53.9,1.3,10,LOW
6,1,0,Highway,Rain,27.2,3.23,407,97.5,80.8,0.8,37,LOW
17,5,1,Highway,Rain,32.0,8.12,1064,83.7,52.2,7.3,45,MEDIUM
4,2,0,Highway,Fog,35.2,0.12,431,79.6,55.1,4.9,40,MEDIUM
19,1,0,Highway,Rain,27.2,2.88,1509,100.6,43.6,16.3,91,HIGH
2,5,1,Highway,Clear,25.5,0.0,360,89.5,85.8,2.8,34,LOW
6,4,0,Urban,Rain,33.1,2.74,209,42.7,29.3,4.1,61,MEDIUM
21,0,0,Arterial,Fog,40.5,0.49,489,62.9,42.5,5.4,66,MEDIUM
13,6,1,Arterial,Storm,28.7,4.29,1307,64.2,8.0,33.0,71,HIGH
6,6,1,Arterial,Clear,26.7,0.0,453,62.4,56.0,1.4,31,LOW
4,1,0,Highway,Clear,36.8,0.0,413,93.0,88.8,0.0,11,LOW
21,4,0,Highway,Clear,20.1,0.0,574,78.3,71.9,0.2,10,LOW
4,6,1,Arterial,Clear,28.4,0.0,291,56.1,53.3,1.0,10,LOW
22,6,1,Arterial,Rain,44.9,0.53,322,49.5,40.9,0.5,8,LOW
1,3,0,Highway,Storm,31.2,11.46,676,85.9,47.8,8.4,63,MEDIUM
20,2,0,Urban,Clear,33.4,0.0,1200,38.4,8.0,30.9,73,HIGH
21,1,0,Arterial,Rain,25.7,0.89,277,59.5,48.6,1.4,11,LOW
5,0,0,Highway,Clear,32.1,0.0,617,85.3,75.7,2.2,8,LOW
14,6,1,Highway,Clear,36.5,0.0,1598,88.2,35.9,14.3,70,HIGH
20,3,0,Arterial,Clear,17.4,0.0,1581,57.9,9.9,31.7,90,HIGH
9,4,0,Urban,Clear,27.3,0.0,1052,41.0,8.0,21.7,83,HIGH
22,6,1,Highway,Fog,30.4,0.32,698,93.8,65.5,7.1,61,MEDIUM
23,2,0,Highway,Clear,27.6,0.0,734,91.1,75.6,1.5,26,LOW
6,0,0,Arterial,Clear,24.6,0.0,281,62.5,59.7,1.9,32,LOW
4,4,0,Highway,Clear,37.8,0.0,518,91.0,85.8,1.1,22,LOW
0,4,0,Arterial,Clear,29.4,0.0,281,64.7,61.8,0.4,26,LOW
12,1,0,Arterial,Fog,23.1,0.49,992,67.5,20.9,26.4,93,HIGH
20,6,1,Highway,Clear,34.9,0.0,758,77.8,67.1,1.6,34,LOW
17,1,0,Highway,Clear,37.7,0.0,2069,95.7,16.2,12.7,71,HIGH
12,0,0,Arterial,Rain,36.0,10.25,751,54.8,35.3,7.0,63,MEDIUM
20,6,1,Highway,Clear,25.1,0.0,283,90.9,89.4,0.5,27,LOW
20,5,1,Highway,Rain,25.4,0.92,471,91.3,75.8,2.1,22,LOW
17,6,1,Urban,Clear,20.7,0.0,688,41.8,19.7,12.6,82,HIGH
4,5,1,Highway,Clear,29.8,0.0,606,89.7,80.4,2.3,19,LOW
12,4,0,Arterial,Fog,35.7,0.09,903,60.0,25.1,17.0,73,HIGH
3,1,0,Highway,Rain,31.9,2.88,401,91.7,75.5,1.6,26,LOW
16,2,0,Arterial,Clear,40.3,0.0,784,58.6,36.6,7.7,48,MEDIUM
2,6,1,Highway,Clear,14.4,0.0,703,80.5,70.8,0.3,18,LOW
16,2,0,Urban,Fog,29.0,0.29,510,40.0,18.0,31.9,74,HIGH
10,6,1,Arterial,Clear,33.8,0.0,264,57.0,54.9,0.8,19,LOW
20,4,0,Highway,Clear,23.7,0.0,1654,85.8,34.1,25.1,91,HIGH
19,1,0,Arterial,Clear,20.1,0.0,1396,56.3,8.0,22.6,92,HIGH
22,0,0,Arterial,Clear,19.5,0.0,309,52.1,52.1,3.0,26,LOW
20,0,0,Arterial,Clear,28.7,0.0,1004,58.4,26.3,32.8,83,HIGH
3,0,0,Urban,Fog,19.4,0.33,190,40.0,33.2,0.4,14,LOW
1,6,1,Arterial,Clear,38.3,0.0,536,63.1,51.7,2.2,16,LOW
19,6,1,Highway,Rain,31.6,4.73,1398,87.0,37.6,23.7,79,HIGH
15,2,0,Arterial,Clear,26.6,0.0,760,66.3,41.2,9.1,42,MEDIUM
17,1,0,Highway,Clear,27.4,0.0,2461,92.9,10.3,30.0,84,HIGH
7,6,1,Urban,Clear,35.6,0.0,311,36.6,31.6,1.2,23,LOW
2,1,0,Arterial,Clear,37.4,0.0,212,58.0,55.8,0.7,18,LOW
8,2,0,Highway,Clear,21.5,0.0,1763,100.1,32.4,31.0,87,HIGH
19,6,1,Highway,Clear,22.9,0.0,943,93.8,73.5,1.0,37,LOW
5,0,0,Urban,Rain,25.5,3.22,153,38.4,30.6,1.5,21,LOW
9,0,0,Urban,Clear,23.6,0.0,1131,42.7,8.0,17.4,70,HIGH
20,4,0,Arterial,Clear,15.4,0.0,1639,55.0,8.0,17.0,73,HIGH
9,5,1,Highway,Storm,22.3,3.19,410,87.2,54.5,4.1,55,MEDIUM
12,3,0,Arterial,Storm,23.1,17.61,1025,50.7,18.5,30.7,71,HIGH
16,5,1,Highway,Clear,19.6,0.0,1770,93.0,25.5,13.7,81,HIGH
8,6,1,Highway,Clear,31.1,0.0,420,84.2,82.7,1.2,16,LOW
16,1,0,Highway,Rain,27.1,0.29,1130,89.6,52.2,5.2,48,MEDIUM
23,6,1,Highway,Rain,32.3,0.07,246,82.3,74.9,2.5,15,LOW
8,1,0,Arterial,Clear,21.1,0.0,1194,60.8,12.7,28.8,97,HIGH
8,1,0,Urban,Clear,32.4,0.0,994,39.8,8.0,29.0,92,HIGH
0,5,1,Arterial,Rain,29.0,5.14,393,54.1,40.5,5.7,55,MEDIUM
1,3,0,Highway,Fog,24.2,0.27,274,87.6,66.5,1.0,30,LOW
15,4,0,Arterial,Rain,39.2,4.2,1092,60.5,20.2,28.0,87,HIGH
0,5,1,Arterial,Clear,28.8,0.0,211,61.8,61.4,0.7,26,LOW
9,3,0,Highway,Clear,24.3,0.0,2318,97.9,15.2,24.7,80,HIGH
17,0,0,Urban,Clear,30.0,0.0,1200,43.7,8.1,24.0,97,HIGH
7,0,0,Arterial,Clear,21.4,0.0,205,57.2,53.7,0.9,11,LOW
20,1,0,Urban,Clear,26.8,0.0,785,37.9,8.0,19.2,74,HIGH
10,2,0,Arterial,Clear,42.2,0.0,1069,54.3,20.7,24.8,81,HIGH
22,6,1,Arterial,Clear,15.6,0.0,256,56.0,53.6,1.0,8,LOW
1,6,1,Highway,Clear,24.3,0.0,685,94.3,86.8,0.1,37,LOW
7,1,0,Arterial,Rain,27.0,1.69,339,53.6,45.4,2.3,17,LOW
21,2,0,Highway,Rain,25.4,0.04,518,89.2,74.0,0.0,24,LOW
7,3,0,Urban,Fog,24.5,0.17,184,39.1,30.8,1.1,22,LOW
16,0,0,Urban,Rain,39.9,3.28,521,37.7,17.2,19.7,73,HIGH
14,6,1,Urban,Clear,24.1,0.0,815,36.1,12.8,20.2,75,HIGH
16,5,1,Arterial,Clear,30.8,0.0,966,52.4,23.6,14.2,71,HIGH
22,2,0,Urban,Clear,23.7,0.0,213,36.1,36.1,2.1,24,LOW
23,3,0,Highway,Clear,30.8,0.0,425,89.6,84.7,0.0,12,LOW
12,0,0,Arterial,Fog,34.5,0.11,997,62.4,23.4,30.6,90,HIGH
18,5,1,Arterial,Clear,27.5,0.0,883,66.4,38.6,9.7,51,MEDIUM
4,2,0,Arterial,Clear,24.0,0.0,215,61.3,61.2,1.3,20,LOW
11,1,0,Arterial,Clear,27.1,0.0,1018,62.4,26.1,16.6,91,HIGH
0,1,0,Highway,Clear,31.7,0.0,287,98.0,94.2,0.8,14,LOW
22,1,0,Highway,Clear,34.1,0.0,252,91.7,88.5,1.4,33,LOW
4,6,1,Urban,Clear,29.8,0.0,284,42.9,39.6,0.6,29,LOW
7,3,0,Arterial,Clear,27.4,0.0,301,58.5,54.7,0.2,21,LOW
12,1,0,Highway,Clear,37.0,0.0,966,93.6,69.2,6.5,56,MEDIUM
7,6,1,Urban,Fog,23.6,0.34,233,40.6,27.9,6.6,59,MEDIUM
22,4,0,Urban,Clear,25.1,0.0,158,39.3,38.3,0.0,13,LOW
10,6,1,Highway,Clear,40.6,0.0,388,97.7,92.5,1.1,29,LOW
0,0,0,Urban,Clear,27.3,0.0,151,36.4,35.5,0.9,19,LOW
12,6,1,Urban,Clear,32.6,0.0,477,37.4,27.7,6.8,44,MEDIUM
18,3,0,Urban,Clear,21.8,0.0,1133,43.5,9.1,17.6,70,HIGH
23,5,1,Urban,Clear,35.0,0.0,243,42.9,37.8,0.8,26,LOW
2,6,1,Arterial,Rain,19.9,5.54,289,60.1,50.4,1.3,23,LOW
23,1,0,Arterial,Rain,19.4,2.12,553,61.4,42.9,8.3,65,MEDIUM
16,0,0,Highway,Clear,34.2,0.0,911,92.6,71.2,1.5,27,LOW
4,2,0,Highway,Clear,25.5,0.0,813,91.8,76.0,1.4,30,LOW
19,1,0,Arterial,Clear,26.3,0.0,1389,61.0,10.1,23.8,83,HIGH
20,0,0,Arterial,Clear,31.0,0.0,1437,56.6,9.7,32.9,75,HIGH
7,4,0,Highway,Clear,26.0,0.0,410,96.2,89.6,1.5,22,LOW
13,2,0,Arterial,Clear,20.7,0.0,619,59.2,45.0,0.0,24,LOW
3,4,0,Highway,Clear,24.0,0.0,239,85.0,84.2,0.4,16,LOW
10,5,1,Urban,Rain,21.2,7.3,217,40.4,36.1,2.1,14,LOW
19,0,0,Highway,Fog,36.1,0.43,2219,91.7,8.7,33.8,76,HIGH
14,4,0,Arterial,Rain,36.4,7.36,900,61.6,32.3,9.0,53,MEDIUM
18,5,1,Arterial,Clear,22.1,0.0,758,63.9,39.1,5.8,67,MEDIUM
6,0,0,Highway,Clear,31.0,0.0,394,88.1,84.8,1.3,34,LOW
18,0,0,Urban,Clear,26.1,0.0,893,39.8,8.0,33.3,93,HIGH
18,4,0,Arterial,Clear,38.2,0.0,1606,56.6,8.4,21.2,92,HIGH
10,0,0,Highway,Clear,44.6,0.0,1837,91.2,23.3,27.1,95,HIGH
4,1,0,Highway,Clear,33.1,0.0,280,85.7,84.3,1.2,25,LOW
4,0,0,Highway,Clear,24.4,0.0,524,87.1,79.9,2.1,13,LOW
21,3,0,Highway,Rain,19.9,3.79,445,94.9,78.0,0.3,22,LOW
7,5,1,Arterial,Rain,29.7,1.27,420,60.5,45.6,1.2,25,LOW
9,0,0,Arterial,Clear,26.9,0.0,1254,65.7,15.0,21.9,89,HIGH
5,3,0,Urban,Clear,17.9,0.0,126,43.5,43.1,0.0,16,LOW
14,0,0,Arterial,Clear,28.6,0.0,1173,60.9,14.6,29.6,84,HIGH
15,0,0,Highway,Clear,42.8,0.0,1009,91.8,68.2,8.2,60,MEDIUM
16,4,0,Highway,Clear,33.6,0.0,1598,88.8,34.6,24.6,84,HIGH
7,1,0,Arterial,Rain,19.9,2.3,421,64.2,54.0,2.5,17,LOW
7,5,1,Highway,Clear,27.9,0.0,535,91.8,85.1,1.7,28,LOW
8,1,0,Highway,Clear,30.6,0.0,1803,94.5,25.6,29.7,71,HIGH
1,2,0,Urban,Clear,31.4,0.0,130,38.1,38.1,1.0,10,LOW
14,4,0,Highway,Clear,16.5,0.0,1247,83.2,51.1,8.8,49,MEDIUM
17,4,0,Urban,Clear,27.2,0.0,879,41.5,8.0,27.9,75,HIGH
2,1,0,Highway,Rain,29.8,4.34,546,93.5,73.0,1.3,22,LOW
16,6,1,Urban,Clear,26.7,0.0,725,40.2,13.2,26.7,76,HIGH
3,4,0,Arterial,Clear,14.5,0.0,326,62.3,59.1,0.9,13,LOW
3,1,0,Arterial,Fog,26.9,0.11,255,56.6,43.6,1.1,29,LOW
13,4,0,Highway,Clear,33.5,0.0,1574,94.7,40.5,21.9,84,HIGH
8,0,0,Urban,Clear,24.0,0.0,911,43.5,8.0,25.3,72,HIGH
8,1,0,Urban,Clear,24.7,0.0,867,43.1,8.1,15.9,74,HIGH
22,1,0,Arterial,Rain,37.8,4.7,328,60.5,49.0,1.5,35,LOW
17,3,0,Arterial,Clear,26.6,0.0,1800,64.7,11.7,30.1,86,HIGH
9,4,0,Arterial,Clear,28.8,0.0,1281,55.4,10.5,12.9,86,HIGH
20,4,0,Highway,Storm,14.9,9.94,2378,92.9,8.2,28.9,80,HIGH
3,1,0,Arterial,Rain,20.6,0.35,309,62.9,52.1,0.0,36,LOW
11,0,0,Urban,Clear,43.3,0.0,609,41.5,24.8,9.9,40,MEDIUM
7,0,0,Arterial,Rain,39.6,2.85,404,56.2,46.5,0.0,13,LOW
1,5,1,Highway,Clear,31.3,0.0,444,91.1,83.9,1.4,16,LOW
21,0,0,Arterial,Clear,12.0,0.0,443,59.0,50.0,1.9,33,LOW
12,4,0,Arterial,Clear,18.7,0.0,647,52.2,39.3,0.6,34,LOW
20,6,1,Highway,Clear,18.5,0.0,473,84.1,76.1,0.0,35,LOW
15,3,0,Highway,Clear,18.4,0.0,1613,95.8,39.4,15.9,92,HIGH
1,1,0,Highway,Rain,25.3,0.24,624,88.0,66.8,0.4,34,LOW
10,2,0,Urban,Clear,33.5,0.0,1067,43.2,8.1,17.4,84,HIGH
9,3,0,Highway,Clear,23.6,0.0,2462,95.7,14.4,16.1,92,HIGH
14,6,1,Arterial,Clear,25.8,0.0,736,62.2,40.9,6.6,49,MEDIUM
16,2,0,Arterial,Fog,25.8,0.01,869,57.5,27.6,20.7,96,HIGH
7,3,0,Urban,Rain,34.3,7.71,111,42.8,38.0,1.7,12,LOW
17,0,0,Urban,Clear,34.3,0.0,909,40.6,8.0,16.6,76,HIGH
22,4,0,Highway,Fog,29.1,0.24,653,90.2,60.1,9.9,41,MEDIUM
8,6,1,Highway,Clear,36.9,0.0,437,85.4,82.0,0.7,10,LOW
7,2,0,Urban,Clear,25.3,0.0,175,38.5,34.2,1.5,19,LOW
13,6,1,Highway,Rain,40.2,2.74,971,85.5,55.6,4.9,54,MEDIUM
17,3,0,Highway,Clear,23.8,0.0,2099,94.8,11.9,20.9,84,HIGH
21,4,0,Urban,Fog,14.2,0.14,360,44.6,26.9,9.7,56,MEDIUM
19,6,1,Urban,Clear,19.2,0.0,609,42.8,21.9,9.5,63,MEDIUM
19,2,0,Arterial,Clear,18.5,0.0,1414,60.8,11.4,33.1,84,HIGH
20,1,0,Highway,Rain,22.8,2.74,1276,88.5,46.3,7.8,58,MEDIUM
11,3,0,Arterial,Rain,35.9,0.65,758,61.9,35.6,10.0,61,MEDIUM
18,1,0,Highway,Clear,24.9,0.0,1802,87.9,21.4,16.9,79,HIGH
13,0,0,Urban,Clear,18.5,0.0,476,39.9,29.5,6.0,67,MEDIUM
16,1,0,Urban,Rain,17.8,4.79,579,37.5,18.2,19.5,94,HIGH
23,1,0,Urban,Clear,27.6,0.0,138,42.0,40.2,0.6,26,LOW
20,5,1,Highway,Fog,38.7,0.41,934,93.5,54.6,7.0,42,MEDIUM
2,3,0,Arterial,Rain,29.5,6.78,388,63.6,54.3,1.4,15,LOW
22,0,0,Highway,Clear,34.6,0.0,286,92.8,91.2,1.8,35,LOW
6,1,0,Highway,Clear,30.8,0.0,657,92.4,81.1,0.9,11,LOW
16,4,0,Urban,Clear,17.3,0.0,683,36.9,17.7,21.3,80,HIGH
11,2,0,Highway,Clear,32.2,0.0,1049,84.6,60.0,6.3,62,MEDIUM
8,1,0,Arterial,Rain,20.0,0.39,1763,61.3,8.0,12.2,92,HIGH
14,0,0,Arterial,Storm,25.1,10.16,753,64.4,24.7,32.8,82,HIGH
17,1,0,Urban,Clear,22.9,0.0,825,39.2,8.5,13.4,80,HIGH
20,2,0,Urban,Clear,27.3,0.0,801,40.0,8.2,32.6,77,HIGH
12,0,0,Urban,Clear,26.3,0.0,434,40.0,31.1,1.1,34,LOW
20,3,0,Arterial,Clear,25.3,0.0,1237,52.6,11.8,24.9,76,HIGH
7,0,0,Highway,Clear,26.1,0.0,546,91.2,83.6,1.7,25,LOW
13,3,0,Arterial,Clear,29.9,0.0,872,57.8,32.1,4.4,64,MEDIUM
7,0,0,Arterial,Clear,26.1,0.0,186,62.4,58.5,1.0,29,LOW
13,6,1,Arterial,Fog,26.8,0.4,945,59.9,26.0,21.1,76,HIGH
6,2,0,Arterial,Clear,41.9,0.0,274,59.3,59.3,1.2,26,LOW
22,2,0,Arterial,Rain,35.3,0.48,434,59.4,44.7,0.7,25,LOW
11,0,0,Highway,Rain,24.5,0.37,1025,88.4,56.7,9.4,51,MEDIUM
10,6,1,Highway,Clear,28.7,0.0,355,83.2,83.2,2.6,27,LOW
21,1,0,Arterial,Clear,28.2,0.0,166,63.8,62.6,1.4,12,LOW
21,2,0,Arterial,Clear,28.6,0.0,250,57.5,54.4,0.6,10,LOW
10,3,0,Arterial,Clear,27.9,0.0,1061,58.1,25.8,23.9,95,HIGH
21,3,0,Arterial,Rain,28.6,5.94,346,60.3,51.2,1.4,24,LOW
12,4,0,Highway,Clear,26.2,0.0,1355,84.4,44.9,6.9,51,MEDIUM
17,5,1,Urban,Clear,23.7,0.0,588,38.5,21.1,7.5,55,MEDIUM
1,6,1,Urban,Clear,25.3,0.0,225,45.7,45.7,0.6,14,LOW
20,5,1,Arterial,Rain,15.8,5.58,343,61.3,48.7,1.2,10,LOW
14,5,1,Arterial,Clear,32.9,0.0,794,56.6,38.7,5.1,58,MEDIUM
19,3,0,Arterial,Clear,31.4,0.0,1541,51.7,9.0,32.7,95,HIGH
17,4,0,Arterial,Clear,42.1,0.0,1338,64.0,11.4,16.2,94,HIGH
14,5,1,Urban,Rain,19.6,2.08,794,37.0,8.0,34.1,71,HIGH
18,5,1,Arterial,Clear,25.2,0.0,839,57.8,32.1,9.7,58,MEDIUM
22,0,0,Arterial,Clear,36.2,0.0,243,58.3,55.8,1.2,37,LOW
23,0,0,Arterial,Clear,30.5,0.0,322,56.3,49.4,2.0,16,LOW
11,0,0,Arterial,Clear,39.4,0.0,508,59.7,50.4,1.2,22,LOW
12,1,0,Arterial,Clear,38.3,0.0,830,57.8,35.8,5.9,63,MEDIUM
21,5,1,Arterial,Clear,11.0,0.0,420,62.4,58.9,2.1,9,LOW
10,1,0,Arterial,Clear,29.8,0.0,1487,60.6,10.3,29.0,93,HIGH
4,4,0,Highway,Clear,29.8,0.0,502,97.2,87.0,1.4,23,LOW
0,6,1,Urban,Clear,27.8,0.0,234,44.4,40.2,0.2,22,LOW
23,3,0,Urban,Clear,25.0,0.0,167,37.1,33.7,0.1,15,LOW
2,5,1,Arterial,Clear,38.9,0.0,324,58.7,57.7,0.6,18,LOW
21,3,0,Arterial,Clear,27.8,0.0,527,68.6,55.4,0.0,32,LOW
18,6,1,Highway,Fog,10.0,0.05,1517,84.2,28.9,25.6,84,HIGH
22,0,0,Highway,Clear,24.9,0.0,632,94.0,82.9,1.0,27,LOW
6,5,1,Highway,Clear,42.5,0.0,470,92.7,88.3,0.8,23,LOW
11,2,0,Arterial,Clear,20.2,0.0,969,56.6,27.7,15.6,87,HIGH
14,1,0,Urban,Clear,36.5,0.0,411,37.6,30.0,0.3,11,LOW
4,1,0,Arterial,Clear,35.3,0.0,460,67.4,56.5,1.2,10,LOW
14,5,1,Arterial,Clear,26.2,0.0,927,67.3,37.0,6.8,61,MEDIUM
7,6,1,Arterial,Fog,29.3,0.26,312,61.7,47.6,1.4,12,LOW
9,0,0,Highway,Rain,27.5,1.76,1510,83.1,36.0,19.2,87,HIGH
15,1,0,Highway,Rain,24.3,2.56,972,96.3,64.2,5.8,49,MEDIUM
7,0,0,Urban,Storm,23.3,7.8,175,35.8,21.5,7.2,54,MEDIUM
0,4,0,Urban,Fog,37.9,0.28,227,42.1,30.5,5.4,47,MEDIUM
11,3,0,Arterial,Rain,26.8,4.55,861,53.5,26.8,7.9,57,MEDIUM
4,6,1,Arterial,Clear,22.6,0.0,175,60.0,59.0,0.5,36,LOW
2,2,0,Urban,Clear,31.8,0.0,305,42.7,36.5,1.5,17,LOW
0,3,0,Highway,Clear,31.0,0.0,350,75.9,74.0,0.0,17,LOW
3,3,0,Urban,Clear,17.6,0.0,169,38.4,37.1,1.0,31,LOW
7,4,0,Arterial,Clear,23.5,0.0,370,60.6,56.1,0.9,11,LOW
2,1,0,Arterial,Fog,16.1,0.39,482,58.6,40.3,7.0,66,MEDIUM
9,2,0,Highway,Clear,45.9,0.0,1904,86.6,15.6,31.5,89,HIGH
1,1,0,Arterial,Clear,25.5,0.0,403,59.5,54.3,0.6,19,LOW
10,5,1,Urban,Clear,23.3,0.0,245,43.1,38.1,1.4,20,LOW
9,3,0,Highway,Clear,24.5,0.0,2113,96.8,11.9,30.3,83,HIGH
20,5,1,Arterial,Clear,22.7,0.0,193,62.8,61.0,0.7,14,LOW
13,0,0,Highway,Clear,26.7,0.0,992,97.8,75.4,0.6,27,LOW
6,3,0,Urban,Clear,36.6,0.0,279,38.4,32.9,1.2,21,LOW
1,1,0,Arterial,Clear,28.7,0.0,325,62.4,53.7,2.2,21,LOW
8,3,0,Urban,Clear,18.3,0.0,860,36.9,8.0,30.4,77,HIGH
15,0,0,Arterial,Clear,20.0,0.0,905,71.7,39.0,6.4,42,MEDIUM
12,4,0,Highway,Clear,29.2,0.0,1194,90.5,57.3,4.7,54,MEDIUM
8,5,1,Highway,Clear,22.2,0.0,284,94.0,91.2,1.6,24,LOW
19,5,1,Highway,Clear,26.7,0.0,1312,81.2,49.1,7.1,48,MEDIUM
3,1,0,Highway,Clear,46.5,0.0,341,93.9,86.4,0.1,20,LOW
21,3,0,Arterial,Clear,21.0,0.0,237,60.5,57.5,0.4,36,LOW
9,1,0,Highway,Clear,17.9,0.0,1347,92.3,50.6,5.8,59,MEDIUM
21,4,0,Arterial,Clear,22.8,0.0,183,60.1,58.0,2.4,23,LOW
11,3,0,Arterial,Clear,15.4,0.0,814,59.5,37.8,7.5,55,MEDIUM
16,3,0,Arterial,Rain,37.0,3.66,744,58.8,33.7,8.1,65,MEDIUM
13,1,0,Arterial,Clear,19.9,0.0,902,59.6,37.0,5.3,65,MEDIUM
13,1,0,Arterial,Clear,21.2,0.0,884,65.9,38.1,6.6,50,MEDIUM
1,0,0,Urban,Clear,18.7,0.0,109,38.9,38.8,1.8,21,LOW
20,6,1,Highway,Clear,16.2,0.0,491,101.3,94.8,1.3,25,LOW
19,6,1,Arterial,Clear,27.6,0.0,1176,60.2,15.6,22.9,75,HIGH
10,4,0,Arterial,Rain,22.7,0.78,1323,65.6,10.2,18.6,75,HIGH
15,6,1,Arterial,Rain,15.4,1.77,1013,64.6,24.6,15.9,93,HIGH
18,0,0,Arterial,Clear,25.4,0.0,1070,53.7,18.2,13.4,83,HIGH
22,5,1,Arterial,Fog,30.6,0.04,366,54.6,39.1,5.3,46,MEDIUM
5,3,0,Arterial,Clear,24.9,0.0,222,57.3,57.3,1.9,31,LOW
23,1,0,Arterial,Clear,32.2,0.0,345,53.8,53.8,1.8,13,LOW
18,3,0,Urban,Clear,39.9,0.0,1191,38.8,8.0,27.1,74,HIGH
4,3,0,Urban,Clear,33.7,0.0,134,40.1,32.6,2.7,35,LOW
3,2,0,Highway,Clear,29.5,0.0,360,93.2,88.9,0.5,31,LOW
14,5,1,Highway,Clear,33.7,0.0,1389,90.9,45.6,9.7,47,MEDIUM
3,2,0,Urban,Clear,43.6,0.0,235,40.0,36.1,1.8,33,LOW
19,6,1,Urban,Clear,17.9,0.0,520,43.1,30.2,6.4,55,MEDIUM
9,3,0,Highway,Clear,32.4,0.0,2436,94.4,10.8,20.9,72,HIGH
23,1,0,Arterial,Clear,21.0,0.0,348,67.6,56.7,1.3,17,LOW
21,3,0,Urban,Clear,29.7,0.0,202,40.6,34.8,1.7,33,LOW
2,5,1,Arterial,Clear,18.7,0.0,264,50.4,45.4,2.4,36,LOW
4,2,0,Highway,Clear,33.3,0.0,646,92.1,81.2,1.8,10,LOW
5,1,0,Arterial,Rain,30.0,2.1,270,69.1,59.2,2.2,33,LOW
20,3,0,Urban,Clear,38.5,0.0,890,43.1,8.0,21.5,85,HIGH
21,4,0,Urban,Fog,26.1,0.49,330,43.8,27.0,8.3,62,MEDIUM
7,5,1,Arterial,Clear,25.9,0.0,328,60.4,57.0,0.9,37,LOW
6,5,1,Arterial,Clear,25.9,0.0,259,63.7,60.8,0.3,30,LOW
20,4,0,Highway,Fog,45.2,0.32,2001,96.5,8.4,25.9,82,HIGH
9,3,0,Urban,Clear,32.4,0.0,1096,39.0,8.0,27.8,89,HIGH
5,5,1,Highway,Clear,37.4,0.0,458,87.5,80.2,0.6,14,LOW
13,1,0,Urban,Clear,33.1,0.0,459,41.4,27.9,6.5,40,MEDIUM
3,3,0,Arterial,Clear,34.2,0.0,363,63.9,57.0,1.0,14,LOW
12,3,0,Urban,Clear,17.7,0.0,600,31.7,18.9,7.9,54,MEDIUM
19,2,0,Highway,Clear,24.1,0.0,2700,89.0,11.6,22.4,70,HIGH
16,5,1,Arterial,Rain,23.7,0.59,667,52.2,35.6,4.4,65,MEDIUM
22,5,1,Highway,Clear,28.4,0.0,794,89.4,73.4,0.2,32,LOW
6,4,0,Arterial,Clear,27.3,0.0,494,66.8,56.2,0.6,8,LOW
3,2,0,Urban,Rain,16.7,1.09,228,38.1,32.0,0.4,29,LOW
13,6,1,Arterial,Clear,28.3,0.0,865,58.9,35.7,7.6,57,MEDIUM
2,2,0,Arterial,Clear,13.9,0.0,336,62.6,54.7,0.0,12,LOW
23,5,1,Highway,Clear,33.4,0.0,582,95.0,86.2,0.0,10,LOW
4,3,0,Urban,Clear,28.7,0.0,189,42.9,42.3,2.1,25,LOW
15,2,0,Arterial,Clear,36.7,0.0,761,60.1,41.3,7.9,45,MEDIUM
22,4,0,Arterial,Clear,29.5,0.0,493,62.3,52.6,0.0,8,LOW
19,2,0,Urban,Clear,24.8,0.0,836,41.6,8.0,24.4,70,HIGH
3,4,0,Arterial,Storm,17.0,2.67,512,57.2,30.7,9.0,53,MEDIUM
23,6,1,Arterial,Rain,25.2,0.7,262,53.0,42.1,0.0,19,LOW
23,2,0,Arterial,Clear,22.5,0.0,238,56.4,54.6,0.8,9,LOW
1,4,0,Arterial,Rain,30.6,2.34,407,65.8,53.1,0.0,25,LOW
17,2,0,Urban,Clear,25.1,0.0,796,46.6,12.2,30.3,70,HIGH
18,6,1,Urban,Clear,32.2,0.0,672,39.7,18.0,19.3,83,HIGH
18,2,0,Highway,Clear,37.5,0.0,1882,97.0,17.2,33.1,73,HIGH
16,1,0,Arterial,Clear,18.1,0.0,1143,58.8,19.3,30.7,88,HIGH
13,4,0,Highway,Rain,28.0,1.48,1463,91.7,38.7,21.1,82,HIGH
18,6,1,Highway,Clear,27.7,0.0,1457,86.9,43.8,7.0,56,MEDIUM
21,4,0,Arterial,Clear,30.2,0.0,409,64.1,60.7,0.6,26,LOW
23,4,0,Urban,Clear,32.8,0.0,236,38.1,31.2,1.5,18,LOW
12,0,0,Highway,Clear,39.1,0.0,1143,85.5,57.7,6.8,48,MEDIUM
11,6,1,Arterial,Clear,20.2,0.0,489,60.2,54.0,1.0,23,LOW
5,2,0,Urban,Rain,17.0,0.8,156,42.5,36.6,2.0,12,LOW
20,4,0,Urban,Storm,29.3,3.59,858,40.5,8.0,27.7,74,HIGH
3,5,1,Arterial,Clear,31.1,0.0,239,58.1,55.9,0.4,19,LOW
18,0,0,Urban,Clear,33.0,0.0,851,37.3,8.0,13.1,90,HIGH
15,1,0,Arterial,Clear,22.7,0.0,803,53.3,33.0,4.5,56,MEDIUM
12,4,0,Highway,Rain,17.0,3.74,1677,87.7,26.6,16.0,80,HIGH
3,4,0,Highway,Clear,36.5,0.0,453,89.2,80.3,1.1,31,LOW
22,0,0,Highway,Clear,31.6,0.0,294,92.8,92.8,2.2,12,LOW
16,2,0,Arterial,Rain,25.3,2.86,797,55.3,29.5,8.6,64,MEDIUM
22,5,1,Urban,Clear,13.0,0.0,307,42.0,38.3,1.0,26,LOW
0,1,0,Urban,Clear,23.3,0.0,206,38.2,34.6,2.2,18,LOW
17,4,0,Arterial,Clear,32.9,0.0,1603,57.9,9.4,27.9,95,HIGH
19,2,0,Arterial,Clear,31.0,0.0,1725,65.0,11.3,29.5,76,HIGH
16,6,1,Highway,Clear,18.4,0.0,1206,77.6,49.3,7.4,48,MEDIUM
14,5,1,Arterial,Clear,32.3,0.0,896,55.1,32.1,8.6,67,MEDIUM
10,6,1,Urban,Clear,27.4,0.0,142,40.1,40.1,0.0,37,LOW
21,5,1,Highway,Clear,36.9,0.0,691,90.0,81.6,0.4,23,LOW
12,1,0,Highway,Fog,23.1,0.42,1044,81.5,41.5,8.1,66,MEDIUM
0,3,0,Arterial,Clear,23.7,0.0,375,58.0,53.6,1.2,31,LOW
16,5,1,Arterial,Rain,28.8,0.71,678,63.8,41.5,9.9,53,MEDIUM
5,3,0,Arterial,Clear,25.1,0.0,531,55.3,45.5,0.0,25,LOW
3,6,1,Arterial,Clear,21.9,0.0,518,64.3,50.6,1.9,22,LOW
19,5,1,Arterial,Clear,40.9,0.0,701,57.1,39.9,4.3,57,MEDIUM
15,1,0,Highway,Clear,37.9,0.0,1689,80.6,26.0,22.9,90,HIGH
14,0,0,Arterial,Clear,21.3,0.0,734,63.3,43.9,5.5,45,MEDIUM
14,1,0,Arterial,Clear,29.5,0.0,1031,61.0,28.1,22.2,89,HIGH
5,1,0,Urban,Clear,17.3,0.0,150,35.6,31.5,0.2,28,LOW
14,0,0,Urban,Clear,39.9,0.0,561,38.4,21.6,4.7,50,MEDIUM
13,0,0,Urban,Storm,33.3,20.84,470,45.2,20.8,15.0,74,HIGH
10,2,0,Arterial,Clear,35.0,0.0,1210,62.6,13.5,27.7,90,HIGH
6,5,1,Arterial,Clear,26.2,0.0,193,64.5,61.0,0.7,11,LOW
8,6,1,Arterial,Clear,36.2,0.0,468,55.4,47.8,2.3,35,LOW
15,2,0,Urban,Clear,36.2,0.0,692,43.7,21.9,5.3,42,MEDIUM
4,0,0,Highway,Rain,26.8,3.02,483,82.9,67.4,0.0,21,LOW
19,3,0,Arterial,Clear,20.0,0.0,1482,54.4,10.6,26.0,83,HIGH
9,6,1,Arterial,Clear,31.0,0.0,521,63.3,50.8,1.2,37,LOW
17,3,0,Arterial,Clear,27.1,0.0,1412,54.7,9.0,23.0,77,HIGH
2,1,0,Highway,Rain,41.0,1.08,587,97.6,79.1,1.1,37,LOW
12,4,0,Arterial,Clear,28.4,0.0,754,55.0,40.3,9.2,61,MEDIUM
10,1,0,Urban,Clear,28.7,0.0,699,37.1,15.3,16.7,94,HIGH
16,1,0,Arterial,Clear,33.6,0.0,846,64.6,40.3,9.7,55,MEDIUM
21,4,0,Urban,Clear,28.0,0.0,341,38.1,31.2,1.4,37,LOW
12,5,1,Arterial,Clear,32.9,0.0,886,63.2,35.6,5.0,51,MEDIUM
5,0,0,Urban,Fog,24.2,0.14,144,36.7,32.3,1.7,19,LOW
16,3,0,Arterial,Rain,20.2,1.73,956,58.9,25.4,25.7,96,HIGH
12,1,0,Arterial,Clear,21.6,0.0,1005,63.0,30.1,15.6,75,HIGH
18,4,0,Highway,Clear,25.6,0.0,2185,85.8,11.2,24.1,74,HIGH
20,2,0,Highway,Clear,28.8,0.0,1918,95.1,16.9,19.1,72,HIGH
18,1,0,Arterial,Clear,31.5,0.0,1137,58.6,20.1,31.4,75,HIGH
9,3,0,Arterial,Clear,31.2,0.0,1620,60.5,8.0,15.3,82,HIGH
2,0,0,Arterial,Clear,28.1,0.0,513,56.0,46.1,2.4,31,LOW
13,1,0,Highway,Storm,20.5,8.16,1209,86.1,35.5,32.8,86,HIGH
18,1,0,Urban,Clear,32.9,0.0,1148,37.5,8.0,13.6,93,HIGH
4,5,1,Urban,Fog,17.5,0.04,264,38.2,25.4,4.5,43,MEDIUM
4,4,0,Highway,Clear,19.8,0.0,725,97.7,85.6,1.4,26,LOW
19,2,0,Arterial,Clear,28.3,0.0,1594,64.5,8.0,27.7,92,HIGH
16,2,0,Urban,Clear,33.6,0.0,484,41.4,28.8,5.2,64,MEDIUM
20,6,1,Arterial,Rain,32.4,6.46,231,57.4,49.5,1.2,21,LOW
9,0,0,Highway,Clear,27.3,0.0,2050,85.8,13.7,27.2,80,HIGH
4,6,1,Arterial,Rain,31.1,0.45,278,56.1,49.3,0.0,30,LOW
3,3,0,Highway,Rain,20.5,2.31,526,88.5,70.8,1.9,12,LOW
5,0,0,Highway,Clear,24.1,0.0,366,91.4,87.7,0.5,9,LOW
3,1,0,Highway,Clear,24.2,0.0,576,93.1,85.8,1.3,22,LOW
6,1,0,Arterial,Rain,21.2,1.69,453,60.1,45.8,3.0,16,LOW
6,2,0,Highway,Clear,25.5,0.0,780,92.8,79.6,1.6,13,LOW
17,3,0,Urban,Clear,26.5,0.0,846,42.8,8.0,27.9,81,HIGH
2,4,0,Highway,Clear,24.8,0.0,316,88.1,87.0,1.2,27,LOW
0,3,0,Highway,Fog,26.2,0.26,309,95.5,74.0,0.6,24,LOW
23,1,0,Arterial,Clear,10.0,0.0,322,56.1,53.0,2.0,37,LOW
3,4,0,Highway,Fog,30.7,0.44,274,92.9,69.4,9.2,67,MEDIUM
5,3,0,Arterial,Clear,25.2,0.0,207,60.1,57.9,0.0,26,LOW
8,3,0,Highway,Clear,25.2,0.0,1801,90.9,21.8,22.3,91,HIGH
21,4,0,Highway,Clear,18.3,0.0,424,88.2,86.6,0.0,21,LOW
13,1,0,Highway,Clear,38.9,0.0,1208,96.2,58.9,9.8,49,MEDIUM
11,3,0,Arterial,Rain,39.2,15.81,1052,57.6,23.1,19.6,85,HIGH
19,4,0,Highway,Fog,16.3,0.01,1715,96.9,22.0,17.7,97,HIGH
23,5,1,Urban,Rain,26.4,1.75,182,44.2,39.4,2.0,8,LOW
3,5,1,Arterial,Storm,34.5,19.02,493,61.8,34.8,6.4,64,MEDIUM
20,1,0,Arterial,Clear,25.5,0.0,1056,58.7,22.8,25.1,91,HIGH
23,4,0,Arterial,Clear,23.8,0.0,269,56.6,56.2,1.6,22,LOW
11,5,1,Arterial,Clear,23.3,0.0,464,52.0,44.9,1.6,15,LOW
9,4,0,Urban,Rain,30.2,1.38,977,41.6,8.0,24.2,87,HIGH
21,3,0,Highway,Clear,46.3,0.0,464,84.4,77.3,0.8,23,LOW
6,1,0,Highway,Storm,33.8,12.47,405,85.1,57.2,7.5,61,MEDIUM
2,5,1,Highway,Clear,20.2,0.0,554,92.8,85.0,2.9,20,LOW
22,6,1,Highway,Storm,23.6,50.61,579,87.9,51.8,7.3,43,MEDIUM
13,3,0,Highway,Clear,26.1,0.0,1281,91.1,54.0,7.2,60,MEDIUM
23,6,1,Arterial,Clear,22.0,0.0,262,61.8,60.8,1.6,18,LOW
9,6,1,Arterial,Rain,20.7,3.64,213,66.4,57.9,0.4,33,LOW
15,0,0,Urban,Rain,33.2,0.41,594,40.6,18.4,14.7,73,HIGH
15,0,0,Highway,Clear,24.5,0.0,1217,87.3,56.7,5.2,48,MEDIUM
21,1,0,Highway,Fog,30.6,0.42,491,89.6,63.9,7.3,67,MEDIUM
9,5,1,Urban,Rain,40.5,11.9,281,38.3,30.0,0.0,23,LOW
12,5,1,Urban,Clear,24.3,0.0,716,45.6,15.3,22.3,72,HIGH
5,5,1,Arterial,Clear,29.9,0.0,331,61.5,52.4,1.2,21,LOW
11,4,0,Arterial,Clear,20.8,0.0,799,62.3,40.4,8.4,45,MEDIUM
8,3,0,Urban,Clear,30.9,0.0,938,44.1,8.0,15.4,97,HIGH
12,5,1,Arterial,Rain,37.1,4.36,1109,56.6,14.7,16.0,77,HIGH
3,3,0,Highway,Clear,36.7,0.0,390,82.9,75.8,0.8,18,LOW
23,1,0,Urban,Clear,28.3,0.0,131,39.9,39.9,2.3,29,LOW
10,6,1,Arterial,Clear,24.4,0.0,375,54.3,51.4,1.9,24,LOW
19,5,1,Highway,Clear,29.7,0.0,1280,87.9,51.7,7.4,43,MEDIUM
17,1,0,Arterial,Clear,28.4,0.0,1318,51.3,8.3,25.9,89,HIGH
10,5,1,Arterial,Clear,31.2,0.0,486,54.6,50.6,0.1,35,LOW
20,0,0,Urban,Clear,23.6,0.0,973,43.7,8.0,12.0,85,HIGH
3,2,0,Highway,Clear,25.2,0.0,341,92.0,84.4,1.0,20,LOW
17,1,0,Urban,Storm,26.5,7.43,879,45.4,8.0,26.6,77,HIGH
0,5,1,Arterial,Clear,32.7,0.0,428,59.9,55.5,1.8,17,LOW
6,2,0,Arterial,Clear,33.6,0.0,235,59.7,59.5,0.7,18,LOW
5,1,0,Highway,Clear,25.0,0.0,491,91.1,83.9,1.5,27,LOW
14,4,0,Arterial,Clear,19.9,0.0,558,74.4,61.9,0.8,28,LOW
17,5,1,Urban,Clear,30.5,0.0,690,43.2,17.9,12.3,83,HIGH
23,4,0,Arterial,Rain,33.1,10.37,424,56.6,46.2,1.9,24,LOW
10,0,0,Highway,Clear,27.1,0.0,2179,92.0,12.8,24.8,89,HIGH
19,5,1,Arterial,Fog,23.0,0.48,1026,60.6,22.6,32.6,81,HIGH
23,6,1,Urban,Clear,24.7,0.0,132,42.2,38.0,0.9,21,LOW
14,0,0,Highway,Fog,39.5,0.47,1058,99.4,56.0,6.4,56,MEDIUM
15,2,0,Arterial,Fog,29.6,0.21,728,62.4,36.5,4.5,50,MEDIUM
6,1,0,Arterial,Clear,35.1,0.0,398,58.5,51.8,0.5,21,LOW
20,3,0,Highway,Clear,22.4,0.0,1458,99.3,48.5,25.3,70,HIGH
9,0,0,Arterial,Clear,36.5,0.0,1529,54.8,8.4,25.4,80,HIGH
11,3,0,Highway,Clear,34.3,0.0,982,88.6,68.8,2.0,24,LOW
23,3,0,Urban,Rain,27.3,5.46,271,42.7,30.8,7.1,41,MEDIUM
13,1,0,Arterial,Clear,32.3,0.0,589,56.8,44.7,3.4,19,LOW
4,2,0,Arterial,Clear,37.1,0.0,389,59.8,53.0,1.3,16,LOW
20,1,0,Arterial,Rain,20.2,3.72,1193,57.2,11.7,15.5,76,HIGH
17,5,1,Highway,Storm,24.3,3.98,1614,89.8,23.6,24.1,70,HIGH
4,0,0,Urban,Clear,31.7,0.0,182,37.9,35.8,0.5,14,LOW
2,3,0,Arterial,Rain,28.1,2.68,220,60.3,49.8,0.2,37,LOW
22,1,0,Arterial,Clear,30.9,0.0,250,58.7,55.0,1.4,9,LOW
4,1,0,Arterial,Clear,32.8,0.0,222,65.3,64.6,0.8,15,LOW
23,1,0,Arterial,Clear,31.5,0.0,421,61.5,54.4,0.8,9,LOW
16,0,0,Highway,Rain,26.2,4.82,936,93.7,60.4,6.8,59,MEDIUM
18,2,0,Highway,Clear,26.7,0.0,2319,90.7,14.6,23.4,93,HIGH
18,6,1,Highway,Clear,38.9,0.0,1390,87.8,49.0,4.2,44,MEDIUM
20,1,0,Urban,Clear,28.6,0.0,992,41.0,8.0,15.5,86,HIGH
11,0,0,Highway,Clear,37.5,0.0,863,91.0,69.8,2.9,17,LOW
8,3,0,Highway,Clear,38.0,0.0,1789,77.9,20.8,30.3,77,HIGH
0,5,1,Urban,Rain,22.5,7.92,258,40.1,28.8,5.5,43,MEDIUM
17,6,1,Highway,Clear,33.1,0.0,1997,93.4,12.3,16.2,74,HIGH
20,4,0,Arterial,Clear,20.4,0.0,1729,57.1,9.6,24.9,79,HIGH
3,6,1,Highway,Rain,39.3,6.95,542,94.3,76.3,1.7,20,LOW
9,6,1,Highway,Fog,29.3,0.08,644,91.8,61.0,6.8,53,MEDIUM
6,0,0,Arterial,Clear,29.0,0.0,375,58.4,53.1,1.4,29,LOW
21,4,0,Highway,Clear,21.9,0.0,380,92.7,89.0,0.5,32,LOW
22,1,0,Urban,Fog,23.8,0.24,309,38.9,27.4,9.4,62,MEDIUM
0,1,0,Arterial,Fog,29.6,0.24,341,61.1,42.4,9.5,54,MEDIUM
16,6,1,Highway,Clear,28.6,0.0,1347,88.7,49.4,7.5,57,MEDIUM
23,0,0,Highway,Clear,25.3,0.0,546,92.7,83.1,0.6,30,LOW
1,4,0,Arterial,Clear,34.1,0.0,230,65.4,61.2,0.0,32,LOW
10,1,0,Highway,Clear,28.0,0.0,2123,87.8,15.0,26.9,75,HIGH
8,3,0,Highway,Clear,20.9,0.0,2351,94.5,18.3,12.8,80,HIGH
6,2,0,Arterial,Clear,33.0,0.0,350,58.8,56.8,1.8,22,LOW
21,2,0,Urban,Clear,19.9,0.0,209,39.1,39.1,1.6,15,LOW
16,1,0,Arterial,Fog,14.5,0.45,728,58.4,30.6,7.0,62,MEDIUM
16,4,0,Arterial,Clear,28.7,0.0,1292,53.2,8.0,33.1,80,HIGH
1,5,1,Urban,Clear,20.8,0.0,308,41.5,37.1,0.0,25,LOW
5,1,0,Highway,Fog,29.2,0.0,374,91.4,65.4,5.2,62,MEDIUM
13,5,1,Urban,Clear,33.7,0.0,656,40.5,19.2,12.5,78,HIGH
5,5,1,Urban,Clear,34.9,0.0,314,44.7,40.5,0.7,29,LOW
1,4,0,Arterial,Rain,31.5,4.7,398,66.7,52.4,0.8,33,LOW
0,5,1,Urban,Clear,18.7,0.0,140,43.9,42.8,1.2,8,LOW
9,3,0,Highway,Rain,23.0,3.37,2159,88.8,10.6,26.8,71,HIGH
20,4,0,Highway,Clear,28.0,0.0,2021,88.6,10.9,33.8,87,HIGH
4,1,0,Urban,Clear,28.1,0.0,168,36.9,36.9,1.0,18,LOW
1,6,1,Arterial,Fog,21.4,0.46,519,60.2,41.0,9.9,55,MEDIUM
21,3,0,Highway,Clear,24.8,0.0,647,90.0,80.0,0.6,24,LOW
15,0,0,Highway,Rain,33.7,2.14,1139,92.7,57.3,8.1,43,MEDIUM
1,2,0,Urban,Clear,31.5,0.0,182,36.8,34.8,1.6,26,LOW
9,1,0,Urban,Clear,25.8,0.0,900,38.9,8.0,13.3,88,HIGH
1,1,0,Arterial,Rain,35.2,3.75,325,53.2,43.2,0.0,29,LOW
15,1,0,Urban,Clear,18.7,0.0,424,37.9,25.1,7.5,66,MEDIUM
15,3,0,Highway,Clear,33.8,0.0,1138,94.5,68.4,9.4,60,MEDIUM
18,0,0,Highway,Clear,32.8,0.0,2700,84.5,13.4,21.3,76,HIGH
6,6,1,Arterial,Clear,33.2,0.0,431,67.0,58.3,0.5,37,LOW
21,4,0,Urban,Rain,30.1,12.61,221,43.0,34.9,0.5,25,LOW
11,0,0,Highway,Rain,23.4,4.77,890,92.5,65.3,5.2,44,MEDIUM
23,3,0,Highway,Clear,32.1,0.0,335,96.7,96.4,0.9,24,LOW
14,1,0,Urban,Clear,25.1,0.0,541,39.6,28.6,8.8,49,MEDIUM
7,2,0,Urban,Clear,29.4,0.0,325,37.8,31.7,1.5,26,LOW
5,1,0,Arterial,Clear,22.9,0.0,277,59.6,57.8,0.7,33,LOW
9,4,0,Highway,Rain,25.6,0.24,2354,81.4,13.0,33.8,87,HIGH
2,5,1,Urban,Clear,27.0,0.0,153,43.6,43.6,0.2,37,LOW
18,2,0,Urban,Clear,30.8,0.0,1099,39.0,8.0,24.5,70,HIGH
16,1,0,Arterial,Fog,32.0,0.08,738,57.0,29.8,6.1,58,MEDIUM
6,6,1,Urban,Clear,39.9,0.0,218,38.1,35.4,0.0,25,LOW
20,2,0,Urban,Clear,29.0,0.0,997,40.0,8.0,19.4,90,HIGH
19,5,1,Urban,Clear,21.4,0.0,506,40.4,26.1,8.1,62,MEDIUM
3,0,0,Urban,Rain,33.6,6.03,304,39.6,25.7,9.8,50,MEDIUM
13,3,0,Arterial,Clear,30.4,0.0,739,59.4,39.8,7.6,51,MEDIUM
19,1,0,Arterial,Clear,26.7,0.0,1575,62.2,11.8,12.7,83,HIGH
21,4,0,Arterial,Storm,25.2,6.08,385,55.6,30.9,7.6,65,MEDIUM
14,0,0,Arterial,Rain,23.7,4.28,633,60.9,42.7,7.8,56,MEDIUM
23,1,0,Urban,Rain,23.4,4.21,196,39.0,30.8,0.8,9,LOW
7,0,0,Urban,Clear,19.5,0.0,243,34.0,30.9,2.1,18,LOW
20,4,0,Arterial,Clear,34.8,0.0,1581,55.7,8.0,22.0,70,HIGH
14,1,0,Arterial,Clear,31.0,0.0,612,56.8,43.5,2.1,20,LOW
21,5,1,Arterial,Clear,28.7,0.0,534,66.7,55.8,2.0,18,LOW
19,5,1,Arterial,Clear,23.7,0.0,666,61.8,41.0,7.1,60,MEDIUM
13,4,0,Arterial,Clear,35.6,0.0,647,61.1,44.8,6.5,64,MEDIUM
8,2,0,Highway,Clear,18.1,0.0,2612,87.6,14.0,29.3,78,HIGH
7,4,0,Arterial,Clear,27.1,0.0,472,58.0,51.5,0.6,9,LOW
16,2,0,Highway,Rain,34.9,17.74,1271,84.1,46.3,9.2,56,MEDIUM
1,1,0,Highway,Clear,14.1,0.0,296,88.4,84.3,1.4,16,LOW
23,2,0,Urban,Clear,29.2,0.0,212,44.1,40.0,0.0,34,LOW
2,1,0,Highway,Clear,23.4,0.0,658,83.4,70.1,0.0,26,LOW
7,1,0,Highway,Clear,28.8,0.0,294,87.1,82.4,0.3,37,LOW
11,6,1,Highway,Clear,25.4,0.0,841,94.6,78.3,1.7,30,LOW
0,3,0,Highway,Clear,32.2,0.0,540,94.6,86.1,1.4,21,LOW
9,1,0,Urban,Fog,36.6,0.23,920,37.8,8.0,14.9,92,HIGH
19,2,0,Arterial,Rain,45.6,4.69,1388,64.7,8.0,25.3,97,HIGH
2,3,0,Urban,Clear,27.2,0.0,220,38.7,38.7,0.6,21,LOW
5,3,0,Arterial,Fog,33.2,0.02,488,55.4,36.3,8.9,62,MEDIUM
6,1,0,Highway,Clear,30.4,0.0,662,97.5,82.4,1.2,33,LOW
19,4,0,Highway,Rain,30.9,2.17,2700,90.5,12.4,21.9,73,HIGH
22,4,0,Arterial,Clear,38.3,0.0,515,59.3,50.8,0.0,37,LOW
17,5,1,Arterial,Clear,23.2,0.0,803,60.7,38.3,7.9,40,MEDIUM
10,3,0,Urban,Rain,25.5,0.72,754,37.1,11.4,12.4,79,HIGH
18,1,0,Arterial,Clear,26.8,0.0,1027,57.8,24.9,14.7,86,HIGH
4,6,1,Arterial,Clear,21.1,0.0,437,65.7,59.2,2.2,23,LOW
18,4,0,Urban,Fog,28.0,0.42,1109,45.6,8.0,26.2,89,HIGH
10,6,1,Urban,Rain,32.6,6.41,184,36.7,32.0,0.0,32,LOW
23,1,0,Arterial,Clear,33.8,0.0,439,58.4,51.6,2.1,29,LOW
11,1,0,Highway,Clear,26.7,0.0,1105,90.0,62.8,5.2,54,MEDIUM
9,3,0,Arterial,Rain,36.0,0.94,1076,60.8,17.3,23.3,96,HIGH
7,6,1,Arterial,Fog,13.5,0.16,359,56.2,41.9,7.2,54,MEDIUM
23,5,1,Urban,Clear,44.3,0.0,182,42.0,36.5,2.1,27,LOW
8,3,0,Arterial,Rain,32.0,4.24,1317,62.9,11.3,14.2,83,HIGH
3,0,0,Highway,Rain,25.0,4.69,537,94.3,76.4,1.4,10,LOW
4,6,1,Urban,Clear,31.2,0.0,183,42.3,38.4,0.0,10,LOW
20,4,0,Urban,Rain,26.9,3.75,873,40.2,8.0,12.4,71,HIGH
7,4,0,Highway,Clear,13.4,0.0,597,95.0,88.2,0.6,17,LOW
22,4,0,Urban,Clear,28.3,0.0,208,41.6,32.8,0.5,31,LOW
8,2,0,Highway,Clear,34.4,0.0,1431,82.6,44.9,8.1,46,MEDIUM
14,1,0,Arterial,Clear,34.7,0.0,710,54.1,39.6,7.2,48,MEDIUM
14,3,0,Urban,Rain,29.8,19.99,408,40.9,27.6,9.1,57,MEDIUM
15,4,0,Arterial,Clear,34.7,0.0,911,65.1,35.9,9.7,58,MEDIUM
13,0,0,Highway,Fog,31.0,0.43,1279,92.2,43.5,14.7,78,HIGH
7,4,0,Arterial,Rain,29.6,1.89,398,62.4,49.0,1.2,37,LOW
17,5,1,Arterial,Rain,23.2,1.39,1145,55.8,17.7,29.6,94,HIGH
9,1,0,Highway,Clear,25.6,0.0,1777,90.3,26.6,26.5,93,HIGH
19,6,1,Arterial,Clear,26.2,0.0,951,64.6,31.8,34.6,84,HIGH
5,1,0,Arterial,Clear,30.0,0.0,363,61.8,55.3,0.1,14,LOW
11,6,1,Highway,Fog,33.6,0.3,350,90.5,69.6,1.4,24,LOW
1,6,1,Arterial,Clear,23.7,0.0,497,62.4,52.6,2.2,37,LOW
6,3,0,Urban,Storm,18.3,19.02,217,40.7,25.3,4.4,67,MEDIUM
15,2,0,Arterial,Rain,38.1,2.26,1136,64.7,21.4,34.4,97,HIGH
2,6,1,Arterial,Rain,21.2,4.68,459,60.9,45.0,8.2,64,MEDIUM
12,6,1,Highway,Clear,31.4,0.0,1197,89.8,58.4,8.6,52,MEDIUM
2,3,0,Arterial,Clear,29.8,0.0,406,55.8,47.9,0.6,22,LOW
17,4,0,Urban,Rain,25.6,0.07,763,43.6,13.1,28.4,75,HIGH
10,5,1,Highway,Clear,32.3,0.0,791,85.3,71.4,0.3,14,LOW
7,0,0,Arterial,Rain,19.5,9.11,326,60.9,48.2,1.7,20,LOW
5,3,0,Arterial,Clear,39.4,0.0,510,63.2,52.4,1.4,25,LOW
0,2,0,Arterial,Rain,46.4,5.2,351,67.2,50.3,6.6,41,MEDIUM
0,3,0,Highway,Rain,36.6,1.75,374,91.1,78.5,2.1,13,LOW
22,1,0,Urban,Clear,22.3,0.0,193,44.2,40.7,1.7,30,LOW
7,4,0,Highway,Clear,11.7,0.0,324,90.1,86.8,2.1,19,LOW
4,4,0,Arterial,Rain,31.3,1.7,367,57.8,45.2,0.3,27,LOW
15,6,1,Arterial,Clear,18.9,0.0,1105,71.1,28.3,15.4,86,HIGH
10,4,0,Arterial,Clear,25.1,0.0,1516,55.1,8.0,14.4,76,HIGH
4,4,0,Highway,Clear,38.7,0.0,411,104.6,103.4,0.0,34,LOW
3,4,0,Arterial,Clear,39.4,0.0,358,66.5,59.6,0.6,36,LOW
5,4,0,Highway,Clear,40.1,0.0,530,87.1,80.6,1.5,17,LOW
13,0,0,Highway,Rain,28.7,0.38,1527,93.2,38.1,33.3,74,HIGH
21,2,0,Arterial,Clear,34.3,0.0,281,54.4,53.2,1.3,16,LOW
18,6,1,Arterial,Clear,14.1,0.0,763,62.4,39.7,7.3,54,MEDIUM
8,4,0,Highway,Fog,17.5,0.41,1441,91.6,39.1,32.4,94,HIGH
11,6,1,Highway,Clear,26.0,0.0,691,94.3,81.8,1.0,36,LOW
10,2,0,Urban,Clear,33.9,0.0,639,38.8,21.5,7.9,64,MEDIUM
13,5,1,Urban,Rain,25.0,5.12,662,40.5,19.2,32.3,91,HIGH
22,4,0,Highway,Rain,33.6,3.48,630,92.4,70.9,0.5,21,LOW
15,6,1,Arterial,Clear,19.9,0.0,742,58.0,38.1,7.4,40,MEDIUM
0,3,0,Arterial,Fog,28.7,0.05,280,65.6,47.6,7.6,52,MEDIUM
12,6,1,Arterial,Fog,31.8,0.13,1010,60.5,22.8,30.6,83,HIGH
22,4,0,Urban,Clear,33.3,0.0,117,41.0,39.0,1.1,17,LOW
20,1,0,Highway,Clear,24.8,0.0,1897,85.8,18.6,25.3,90,HIGH
20,0,0,Urban,Rain,28.2,2.15,593,35.0,18.4,8.1,50,MEDIUM
12,3,0,Arterial,Clear,17.2,0.0,755,54.6,39.3,5.4,55,MEDIUM
1,3,0,Arterial,Clear,27.3,0.0,228,62.4,60.1,1.0,23,LOW
3,1,0,Arterial,Rain,35.6,1.08,489,56.8,45.3,2.1,17,LOW
5,4,0,Urban,Clear,26.2,0.0,151,42.2,35.4,0.5,11,LOW
22,0,0,Highway,Clear,22.8,0.0,530,98.3,91.1,2.4,16,LOW
4,3,0,Highway,Clear,33.5,0.0,450,93.9,86.8,0.7,24,LOW
2,0,0,Highway,Clear,44.0,0.0,363,92.1,88.6,1.2,14,LOW
0,3,0,Urban,Clear,43.2,0.0,173,42.0,39.1,1.2,28,LOW
3,4,0,Arterial,Clear,29.8,0.0,472,64.4,56.8,1.6,30,LOW
19,5,1,Arterial,Clear,33.4,0.0,1252,61.2,13.3,17.6,96,HIGH
1,3,0,Highway,Clear,39.5,0.0,638,93.3,83.0,1.9,19,LOW
4,5,1,Urban,Fog,29.7,0.22,302,38.3,27.3,4.3,62,MEDIUM
2,3,0,Urban,Fog,31.2,0.11,198,37.1,26.4,8.4,66,MEDIUM
8,2,0,Arterial,Clear,25.7,0.0,1513,58.0,8.0,28.9,80,HIGH
19,4,0,Highway,Rain,44.6,1.51,1876,88.4,14.3,26.5,74,HIGH
5,1,0,Highway,Rain,33.0,3.7,503,88.2,69.3,0.3,23,LOW
17,5,1,Arterial,Rain,26.1,7.8,796,64.6,34.4,9.8,59,MEDIUM
5,1,0,Arterial,Clear,24.0,0.0,217,49.1,46.5,1.1,8,LOW
18,4,0,Highway,Clear,15.0,0.0,1678,88.9,29.9,31.2,74,HIGH
11,6,1,Arterial,Rain,16.9,1.7,414,63.0,49.8,1.3,26,LOW
10,1,0,Highway,Clear,22.9,0.0,1733,93.5,29.3,27.7,93,HIGH
1,4,0,Urban,Clear,34.5,0.0,294,37.5,32.1,1.1,18,LOW
14,1,0,Arterial,Clear,30.3,0.0,636,67.0,51.5,1.5,34,LOW
11,5,1,Highway,Storm,19.2,13.77,638,83.1,46.5,4.6,66,MEDIUM
11,2,0,Arterial,Clear,21.5,0.0,717,58.6,42.0,5.4,62,MEDIUM
8,1,0,Arterial,Clear,30.0,0.0,1439,58.8,8.0,30.6,83,HIGH
20,5,1,Highway,Clear,39.7,0.0,426,88.4,83.2,0.0,22,LOW
23,3,0,Urban,Fog,20.3,0.07,112,44.1,36.3,0.7,14,LOW
1,4,0,Highway,Clear,31.2,0.0,451,90.1,85.2,0.5,21,LOW
21,0,0,Highway,Clear,24.9,0.0,467,91.6,88.0,0.5,30,LOW
2,6,1,Highway,Clear,25.1,0.0,583,94.4,83.7,1.0,17,LOW
11,0,0,Highway,Clear,19.8,0.0,1243,86.8,54.2,4.0,46,MEDIUM
15,4,0,Highway,Clear,32.4,0.0,1413,89.2,43.9,15.8,80,HIGH
20,2,0,Highway,Clear,24.6,0.0,2166,98.4,16.4,16.4,97,HIGH
23,1,0,Arterial,Clear,25.5,0.0,389,61.5,53.8,1.3,11,LOW
0,2,0,Highway,Clear,34.9,0.0,457,84.5,81.1,0.7,35,LOW
20,0,0,Arterial,Rain,35.3,2.72,1339,56.6,8.0,15.3,73,HIGH
2,6,1,Highway,Clear,22.9,0.0,434,94.5,85.7,1.0,36,LOW
19,5,1,Highway,Clear,30.1,0.0,1239,84.4,50.1,5.3,43,MEDIUM
1,6,1,Highway,Clear,34.3,0.0,347,87.6,87.6,0.0,18,LOW
8,4,0,Urban,Clear,26.7,0.0,805,40.6,9.4,31.3,78,HIGH
18,4,0,Arterial,Clear,32.7,0.0,1151,60.1,17.0,30.7,78,HIGH
14,2,0,Urban,Clear,25.8,0.0,484,44.4,28.9,9.8,60,MEDIUM
17,5,1,Highway,Rain,25.6,8.92,1455,77.7,36.3,22.1,82,HIGH
10,2,0,Urban,Clear,21.5,0.0,735,41.4,13.8,34.3,80,HIGH
22,1,0,Highway,Clear,40.0,0.0,570,88.6,81.1,1.4,34,LOW
15,3,0,Highway,Clear,24.6,0.0,1139,96.6,66.1,9.6,46,MEDIUM
21,5,1,Arterial,Clear,22.4,0.0,299,59.1,57.2,0.0,18,LOW
16,3,0,Arterial,Clear,20.7,0.0,413,59.2,53.8,0.2,36,LOW
4,6,1,Urban,Clear,28.6,0.0,282,40.0,34.0,0.9,22,LOW
11,1,0,Highway,Clear,20.9,0.0,1044,86.7,63.5,8.4,67,MEDIUM
10,3,0,Urban,Clear,23.0,0.0,1105,38.2,8.0,29.4,70,HIGH
14,0,0,Arterial,Clear,33.6,0.0,832,59.4,40.1,8.1,52,MEDIUM
2,6,1,Arterial,Clear,31.1,0.0,367,66.6,63.4,1.6,20,LOW
0,3,0,Highway,Clear,18.6,0.0,715,87.5,74.4,1.4,17,LOW
19,1,0,Highway,Clear,33.1,0.0,2700,86.6,10.8,24.0,89,HIGH
15,3,0,Urban,Clear,28.2,0.0,405,38.8,30.0,2.0,28,LOW
1,4,0,Arterial,Clear,36.0,0.0,277,60.0,56.5,0.6,14,LOW
1,2,0,Arterial,Clear,37.9,0.0,250,67.2,64.1,0.5,36,LOW
2,0,0,Urban,Clear,16.7,0.0,296,37.7,33.4,2.0,19,LOW
7,4,0,Highway,Clear,33.4,0.0,578,102.5,91.3,1.4,29,LOW
23,4,0,Arterial,Clear,39.4,0.0,264,61.8,59.2,0.9,21,LOW
14,1,0,Arterial,Clear,29.5,0.0,772,56.0,34.5,6.9,41,MEDIUM
6,2,0,Highway,Clear,32.8,0.0,462,87.3,81.0,0.0,29,LOW
5,2,0,Highway,Clear,29.6,0.0,691,80.3,69.4,0.0,30,LOW
8,5,1,Arterial,Rain,34.9,0.1,415,60.4,50.2,1.7,37,LOW
19,6,1,Arterial,Fog,30.7,0.13,733,64.2,33.7,7.6,45,MEDIUM
0,0,0,Arterial,Clear,13.8,0.0,400,60.1,54.3,2.2,22,LOW
7,6,1,Highway,Rain,27.2,0.5,291,94.0,77.6,0.5,27,LOW
22,1,0,Urban,Clear,26.7,0.0,294,41.3,35.3,0.7,29,LOW
22,0,0,Highway,Clear,33.0,0.0,435,96.1,93.8,2.5,8,LOW
2,5,1,Arterial,Storm,36.2,9.62,388,56.1,33.2,9.5,48,MEDIUM
3,3,0,Arterial,Rain,26.4,3.98,441,63.5,48.8,0.0,12,LOW
14,4,0,Highway,Storm,19.4,2.6,1391,99.4,36.1,13.8,77,HIGH
5,0,0,Highway,Clear,30.1,0.0,319,102.8,99.7,0.3,28,LOW
14,6,1,Urban,Clear,22.6,0.0,736,44.3,17.0,26.5,73,HIGH
20,4,0,Urban,Clear,23.8,0.0,976,40.5,8.0,27.3,83,HIGH
2,1,0,Highway,Clear,44.7,0.0,760,85.2,67.8,1.0,19,LOW
20,6,1,Arterial,Clear,23.3,0.0,377,56.7,51.9,0.7,12,LOW
20,3,0,Arterial,Rain,17.0,0.26,1152,59.3,16.1,18.2,95,HIGH
13,1,0,Highway,Clear,32.2,0.0,1183,99.3,61.3,4.3,41,MEDIUM
19,3,0,Arterial,Clear,32.9,0.0,1634,57.9,8.0,13.0,85,HIGH
13,3,0,Urban,Clear,34.2,0.0,575,40.5,20.8,5.3,49,MEDIUM
3,4,0,Highway,Clear,33.9,0.0,280,94.7,90.6,0.0,23,LOW
11,1,0,Urban,Clear,29.0,0.0,333,30.1,25.4,2.3,10,LOW
16,1,0,Highway,Storm,29.1,22.37,1529,84.7,23.9,28.0,89,HIGH
6,0,0,Arterial,Clear,34.6,0.0,332,67.8,62.3,0.4,37,LOW
8,6,1,Arterial,Clear,39.3,0.0,436,64.2,54.8,2.5,28,LOW
2,1,0,Arterial,Rain,19.2,2.13,400,64.2,50.7,1.5,25,LOW
12,0,0,Arterial,Storm,23.7,8.22,884,56.2,21.2,23.4,79,HIGH
14,2,0,Highway,Rain,32.4,10.12,1352,97.3,46.5,23.5,76,HIGH
17,2,0,Arterial,Rain,29.8,1.35,1698,56.7,8.0,15.2,72,HIGH
18,2,0,Arterial,Clear,15.5,0.0,1387,60.4,10.7,33.5,72,HIGH
0,5,1,Highway,Fog,24.0,0.45,361,93.5,66.9,7.1,57,MEDIUM
5,1,0,Urban,Clear,30.1,0.0,346,42.5,35.9,0.7,10,LOW
22,5,1,Highway,Rain,28.1,12.81,488,92.5,73.3,0.0,35,LOW
1,6,1,Arterial,Clear,25.5,0.0,301,59.2,53.4,0.0,32,LOW
23,1,0,Highway,Clear,44.4,0.0,831,80.8,63.6,1.0,29,LOW
13,0,0,Highway,Clear,27.8,0.0,1457,90.4,46.3,8.3,57,MEDIUM
5,5,1,Highway,Clear,29.6,0.0,749,79.2,65.7,0.9,19,LOW
13,5,1,Arterial,Clear,28.9,0.0,1119,62.3,20.6,15.4,76,HIGH
3,6,1,Arterial,Clear,29.5,0.0,181,56.1,49.9,1.2,26,LOW
20,5,1,Arterial,Rain,28.3,0.97,245,59.4,52.2,0.4,22,LOW
7,3,0,Highway,Clear,13.4,0.0,412,87.4,83.7,0.5,10,LOW
2,0,0,Arterial,Clear,21.1,0.0,328,62.3,61.1,2.3,23,LOW
18,2,0,Arterial,Fog,25.8,0.26,1727,56.8,8.0,32.7,88,HIGH
13,0,0,Arterial,Clear,33.7,0.0,1167,61.0,17.3,16.1,86,HIGH
19,3,0,Highway,Clear,25.9,0.0,2424,90.9,13.4,25.3,71,HIGH
16,6,1,Highway,Clear,22.2,0.0,1082,90.3,62.5,6.8,65,MEDIUM
7,6,1,Urban,Clear,34.6,0.0,365,41.2,32.8,0.0,27,LOW
23,1,0,Highway,Storm,37.5,9.64,326,84.0,54.6,4.1,53,MEDIUM
13,0,0,Highway,Fog,17.3,0.43,1024,84.2,46.6,9.4,58,MEDIUM
5,6,1,Highway,Rain,28.7,1.27,625,97.2,73.2,1.9,33,LOW
22,5,1,Arterial,Clear,10.0,0.0,352,53.8,46.1,0.5,11,LOW
21,6,1,Arterial,Clear,25.8,0.0,318,68.7,62.3,1.8,13,LOW
15,6,1,Arterial,Clear,41.2,0.0,800,59.4,38.6,7.4,56,MEDIUM
18,6,1,Highway,Clear,28.6,0.0,1706,85.7,25.9,32.3,72,HIGH
13,6,1,Arterial,Clear,18.3,0.0,828,63.4,41.9,9.2,50,MEDIUM
18,2,0,Highway,Clear,18.5,0.0,1908,87.2,16.3,14.9,75,HIGH
2,2,0,Urban,Clear,21.5,0.0,163,41.0,41.0,1.5,17,LOW
9,1,0,Arterial,Clear,23.3,0.0,1455,65.0,8.0,32.9,97,HIGH
18,6,1,Arterial,Clear,14.8,0.0,1169,62.9,16.0,14.5,82,HIGH
8,0,0,Highway,Fog,30.3,0.4,2179,92.1,12.8,12.7,88,HIGH
19,3,0,Highway,Clear,31.8,0.0,1441,93.3,47.4,9.0,66,MEDIUM
12,1,0,Arterial,Rain,25.5,12.39,850,60.2,32.6,6.6,56,MEDIUM
6,0,0,Arterial,Rain,42.3,6.42,286,63.2,54.9,1.5,23,LOW
13,6,1,Highway,Clear,25.0,0.0,1301,84.6,47.5,8.2,48,MEDIUM
8,4,0,Urban,Clear,36.4,0.0,818,44.4,10.3,34.1,78,HIGH
22,6,1,Urban,Clear,18.3,0.0,382,39.5,32.6,0.8,29,LOW
18,2,0,Arterial,Clear,30.1,0.0,938,60.7,28.5,16.0,92,HIGH
14,3,0,Urban,Clear,31.2,0.0,323,39.1,33.3,1.3,24,LOW
19,5,1,Highway,Fog,23.0,0.45,1496,93.0,32.6,26.0,92,HIGH
13,3,0,Highway,Fog,29.2,0.35,1029,95.3,51.0,7.6,51,MEDIUM
23,5,1,Highway,Clear,23.0,0.0,917,85.0,64.0,1.1,17,LOW
5,3,0,Arterial,Storm,25.8,25.43,393,59.7,39.3,5.6,46,MEDIUM
20,2,0,Highway,Clear,26.0,0.0,1659,90.8,30.2,23.6,93,HIGH
3,5,1,Urban,Rain,18.2,0.63,292,41.3,30.5,9.7,44,MEDIUM
7,0,0,Highway,Clear,31.7,0.0,355,88.5,87.1,0.2,11,LOW
16,5,1,Highway,Clear,32.1,0.0,1225,87.8,55.0,7.4,45,MEDIUM
8,1,0,Urban,Clear,25.4,0.0,886,42.7,8.0,23.0,94,HIGH
0,0,0,Highway,Rain,29.7,4.36,491,92.5,78.5,1.1,14,LOW
23,1,0,Highway,Clear,21.6,0.0,423,91.1,84.7,0.0,8,LOW
19,6,1,Arterial,Clear,19.2,0.0,797,65.0,41.4,6.5,63,MEDIUM
13,3,0,Highway,Fog,25.2,0.37,1378,83.3,33.4,32.4,81,HIGH
10,0,0,Highway,Fog,32.8,0.22,1513,94.0,33.7,33.1,97,HIGH
20,3,0,Highway,Clear,27.5,0.0,2617,91.9,16.7,15.9,88,HIGH
2,6,1,Arterial,Rain,24.9,0.29,396,54.2,42.5,0.0,25,LOW
8,4,0,Urban,Clear,30.3,0.0,1083,43.5,8.0,23.7,97,HIGH
13,3,0,Urban,Clear,21.6,0.0,300,41.8,36.4,0.7,16,LOW
8,6,1,Highway,Clear,19.4,0.0,423,93.6,86.0,2.3,36,LOW
3,3,0,Arterial,Clear,25.5,0.0,354,58.8,53.8,1.3,34,LOW
3,6,1,Arterial,Clear,22.0,0.0,488,63.1,49.5,0.1,26,LOW
7,1,0,Urban,Clear,19.7,0.0,252,37.8,35.0,1.3,21,LOW
1,6,1,Highway,Clear,34.3,0.0,529,83.3,74.8,1.0,34,LOW
8,5,1,Arterial,Rain,43.4,3.41,273,59.9,49.9,0.2,11,LOW
13,4,0,Arterial,Rain,17.1,0.19,858,62.7,34.0,6.2,40,MEDIUM
21,3,0,Urban,Clear,25.1,0.0,285,43.0,37.5,1.5,15,LOW
8,6,1,Highway,Clear,29.2,0.0,477,90.8,85.5,0.1,31,LOW
23,6,1,Highway,Clear,16.0,0.0,635,90.4,82.8,2.2,30,LOW
22,3,0,Highway,Rain,26.4,1.69,379,95.1,80.5,2.1,23,LOW
15,4,0,Highway,Clear,26.9,0.0,984,88.3,67.8,0.7,22,LOW
16,4,0,Arterial,Clear,31.4,0.0,880,57.8,30.1,5.0,63,MEDIUM
15,6,1,Arterial,Clear,22.6,0.0,1073,66.5,28.3,24.8,90,HIGH
11,0,0,Arterial,Clear,24.0,0.0,993,58.9,27.5,27.6,73,HIGH
2,1,0,Highway,Clear,34.8,0.0,363,94.6,88.1,0.9,19,LOW
10,4,0,Highway,Fog,30.9,0.2,2222,96.8,8.0,23.6,96,HIGH
13,4,0,Highway,Clear,33.1,0.0,1040,91.1,64.3,5.9,46,MEDIUM
17,2,0,Highway,Clear,15.7,0.0,2139,91.3,14.7,28.5,90,HIGH
20,5,1,Urban,Clear,23.3,0.0,172,45.4,42.6,0.7,25,LOW
20,4,0,Highway,Rain,38.6,23.92,2476,83.5,10.9,33.3,74,HIGH
4,1,0,Highway,Clear,27.4,0.0,533,83.4,75.4,1.2,19,LOW
15,5,1,Arterial,Clear,27.1,0.0,796,63.3,40.9,9.5,49,MEDIUM
19,5,1,Arterial,Clear,27.4,0.0,893,58.4,31.9,4.7,45,MEDIUM
4,3,0,Arterial,Rain,39.0,1.25,283,63.4,52.5,0.2,18,LOW
2,3,0,Urban,Clear,22.8,0.0,201,39.8,35.4,1.2,26,LOW
11,3,0,Highway,Clear,32.7,0.0,1072,94.2,65.0,9.8,44,MEDIUM
0,3,0,Arterial,Fog,29.8,0.41,351,56.5,40.6,5.6,47,MEDIUM
20,2,0,Highway,Storm,18.4,2.55,1914,93.1,11.1,15.6,71,HIGH
8,4,0,Highway,Clear,25.9,0.0,1275,87.5,50.7,8.2,49,MEDIUM
8,3,0,Urban,Storm,22.2,9.55,1200,42.2,8.0,32.1,79,HIGH
3,6,1,Highway,Clear,19.1,0.0,632,101.8,90.9,0.0,16,LOW
2,0,0,Arterial,Clear,36.4,0.0,259,56.8,51.2,2.2,23,LOW
16,3,0,Highway,Clear,19.5,0.0,1107,88.2,62.5,6.6,60,MEDIUM
1,4,0,Arterial,Clear,33.2,0.0,466,59.5,49.3,0.3,34,LOW
23,3,0,Urban,Clear,22.0,0.0,223,41.0,36.5,0.4,13,LOW
0,2,0,Urban,Clear,37.5,0.0,142,33.1,27.9,0.0,36,LOW
7,1,0,Urban,Rain,25.1,2.69,195,40.1,34.1,0.0,36,LOW
12,1,0,Arterial,Rain,30.3,3.47,1020,59.1,21.9,32.2,70,HIGH
22,4,0,Highway,Clear,24.0,0.0,393,88.9,85.1,1.1,27,LOW
14,6,1,Arterial,Clear,12.8,0.0,717,61.2,45.6,6.6,55,MEDIUM
7,1,0,Arterial,Clear,16.3,0.0,224,61.4,61.4,1.4,13,LOW
11,1,0,Highway,Clear,14.7,0.0,1494,91.7,41.1,32.0,93,HIGH
21,0,0,Arterial,Clear,29.8,0.0,325,55.7,49.2,0.9,9,LOW
11,4,0,Urban,Clear,27.8,0.0,689,39.2,17.3,31.1,75,HIGH
13,6,1,Arterial,Clear,32.2,0.0,1160,58.8,18.1,26.1,76,HIGH
14,4,0,Highway,Clear,23.2,0.0,1107,92.6,61.4,8.3,47,MEDIUM
14,1,0,Urban,Rain,12.8,5.81,586,37.1,19.3,4.4,43,MEDIUM
8,1,0,Highway,Fog,37.1,0.38,2027,91.0,11.3,30.2,70,HIGH
18,1,0,Highway,Clear,34.9,0.0,1319,98.0,57.9,4.6,40,MEDIUM
19,5,1,Arterial,Clear,30.6,0.0,689,49.4,35.4,6.6,57,MEDIUM
21,2,0,Arterial,Clear,35.8,0.0,440,59.3,50.5,0.0,28,LOW
7,3,0,Arterial,Clear,27.3,0.0,460,52.1,41.6,0.5,31,LOW
20,2,0,Highway,Clear,29.9,0.0,1613,90.0,33.0,12.5,82,HIGH
18,4,0,Highway,Clear,23.1,0.0,2627,94.2,14.3,15.1,92,HIGH
5,0,0,Highway,Clear,20.5,0.0,304,87.4,85.7,1.7,37,LOW
19,3,0,Urban,Clear,17.0,0.0,929,42.8,8.6,26.9,86,HIGH
18,0,0,Arterial,Clear,22.7,0.0,1369,65.4,9.8,32.8,81,HIGH
3,6,1,Highway,Clear,46.6,0.0,767,92.0,73.2,1.8,18,LOW
22,5,1,Highway,Clear,17.4,0.0,912,87.4,69.0,0.5,21,LOW
6,4,0,Highway,Storm,21.4,16.31,373,92.7,55.2,4.6,50,MEDIUM
3,5,1,Arterial,Rain,28.8,1.98,368,66.7,53.2,1.3,9,LOW
21,4,0,Highway,Clear,44.8,0.0,521,83.3,81.1,1.0,19,LOW
11,0,0,Arterial,Clear,20.7,0.0,783,64.4,39.9,9.1,41,MEDIUM
12,0,0,Arterial,Rain,23.6,4.55,849,54.8,29.3,6.9,59,MEDIUM
2,0,0,Urban,Clear,32.7,0.0,304,35.4,29.8,1.0,25,LOW
21,4,0,Arterial,Rain,32.3,2.37,200,55.1,49.0,0.0,22,LOW
11,1,0,Arterial,Clear,23.1,0.0,637,59.8,40.6,8.0,47,MEDIUM
1,0,0,Highway,Fog,22.2,0.03,408,96.3,71.1,9.3,50,MEDIUM
23,5,1,Arterial,Rain,31.1,7.73,387,52.0,39.2,2.0,12,LOW
1,6,1,Arterial,Clear,25.9,0.0,551,64.0,48.7,0.8,25,LOW
22,3,0,Highway,Clear,30.0,0.0,412,89.2,85.3,1.3,9,LOW
8,4,0,Urban,Clear,26.8,0.0,1003,36.7,8.0,27.3,88,HIGH
0,5,1,Highway,Clear,30.5,0.0,300,93.0,90.6,0.7,30,LOW
7,2,0,Highway,Clear,31.2,0.0,670,87.6,79.2,0.7,28,LOW
22,6,1,Highway,Clear,14.4,0.0,449,101.3,97.0,3.3,18,LOW
5,2,0,Urban,Clear,24.8,0.0,145,41.5,39.9,2.4,30,LOW
5,3,0,Arterial,Clear,30.3,0.0,276,60.2,52.2,0.0,11,LOW
21,1,0,Urban,Rain,33.7,7.73,203,41.9,36.1,1.3,19,LOW
17,0,0,Highway,Clear,25.7,0.0,2522,96.7,12.3,27.2,83,HIGH
16,4,0,Arterial,Clear,15.1,0.0,747,65.8,41.0,8.0,65,MEDIUM
11,5,1,Arterial,Clear,36.7,0.0,446,63.7,57.5,1.0,16,LOW
5,0,0,Urban,Clear,34.0,0.0,121,44.1,44.1,0.8,8,LOW
7,5,1,Highway,Clear,28.7,0.0,399,96.0,88.0,1.9,12,LOW
18,4,0,Highway,Storm,24.7,5.9,2211,94.5,8.0,28.5,89,HIGH
9,2,0,Highway,Clear,32.2,0.0,2174,88.0,11.1,17.9,71,HIGH
0,0,0,Urban,Clear,24.8,0.0,181,43.8,41.3,0.3,16,LOW
12,3,0,Arterial,Clear,34.1,0.0,1103,58.3,20.2,31.1,78,HIGH
16,1,0,Arterial,Clear,40.6,0.0,789,61.1,38.5,5.8,46,MEDIUM
2,3,0,Arterial,Rain,24.6,8.58,431,58.5,45.5,1.6,36,LOW
7,1,0,Urban,Clear,33.5,0.0,166,42.0,39.7,0.5,17,LOW
13,6,1,Urban,Clear,23.4,0.0,626,43.8,24.3,4.6,51,MEDIUM
2,5,1,Arterial,Clear,35.2,0.0,307,58.4,52.0,1.1,15,LOW
15,0,0,Highway,Storm,26.3,16.19,1318,82.9,31.9,13.5,80,HIGH
12,0,0,Highway,Clear,38.1,0.0,1212,95.1,57.6,9.0,52,MEDIUM
19,6,1,Urban,Fog,26.1,0.2,576,43.1,19.4,22.3,78,HIGH
23,1,0,Arterial,Clear,21.7,0.0,224,66.3,63.8,1.6,22,LOW
16,2,0,Highway,Clear,25.7,0.0,1051,94.5,67.2,9.0,40,MEDIUM
12,4,0,Arterial,Clear,26.4,0.0,757,63.7,43.6,8.7,64,MEDIUM
5,3,0,Urban,Clear,29.7,0.0,215,37.8,33.1,0.0,24,LOW
16,6,1,Arterial,Clear,25.7,0.0,1006,62.9,29.1,30.1,83,HIGH
13,5,1,Arterial,Clear,29.7,0.0,927,68.6,35.6,6.0,60,MEDIUM
16,6,1,Urban,Clear,29.8,0.0,576,38.3,22.2,6.0,60,MEDIUM
7,3,0,Arterial,Rain,25.0,1.41,179,55.1,49.5,0.0,31,LOW
10,3,0,Highway,Clear,30.3,0.0,2395,90.7,16.8,33.3,78,HIGH
19,5,1,Urban,Clear,23.9,0.0,608,42.8,27.1,7.3,46,MEDIUM
0,5,1,Urban,Clear,42.0,0.0,381,40.6,30.5,9.6,41,MEDIUM
6,0,0,Urban,Clear,30.1,0.0,312,45.4,34.2,1.3,12,LOW
20,3,0,Arterial,Clear,32.3,0.0,1235,56.6,9.5,33.6,84,HIGH
20,4,0,Highway,Clear,26.6,0.0,1441,82.4,39.6,21.1,82,HIGH
16,4,0,Urban,Clear,23.0,0.0,450,44.3,32.1,5.8,43,MEDIUM
9,1,0,Highway,Clear,33.9,0.0,1358,83.0,46.1,9.0,60,MEDIUM
10,6,1,Urban,Clear,30.3,0.0,156,41.0,35.1,1.4,34,LOW
21,5,1,Urban,Rain,10.0,12.93,286,44.2,36.0,2.0,34,LOW
8,0,0,Arterial,Clear,41.5,0.0,1324,60.9,8.1,27.3,86,HIGH
8,4,0,Urban,Clear,33.2,0.0,723,37.9,16.4,17.8,88,HIGH
23,2,0,Urban,Rain,25.3,4.36,235,43.8,36.2,1.2,23,LOW
4,0,0,Highway,Clear,32.2,0.0,669,90.9,78.2,0.0,21,LOW
16,0,0,Arterial,Clear,31.0,0.0,810,59.1,33.2,9.7,43,MEDIUM
8,4,0,Highway,Clear,31.5,0.0,2206,98.2,13.8,33.5,81,HIGH
16,2,0,Arterial,Fog,21.9,0.19,1145,58.5,14.5,25.9,76,HIGH
23,1,0,Highway,Fog,28.5,0.32,568,87.0,60.9,5.6,45,MEDIUM
20,4,0,Arterial,Rain,30.1,2.97,1312,56.4,9.6,16.1,80,HIGH
18,2,0,Urban,Clear,36.6,0.0,910,43.6,10.5,17.9,85,HIGH
6,0,0,Urban,Clear,28.7,0.0,324,41.3,32.2,0.0,37,LOW
22,2,0,Highway,Clear,31.0,0.0,620,87.6,78.9,0.0,33,LOW
8,0,0,Arterial,Clear,21.6,0.0,1571,54.2,8.9,29.9,87,HIGH
6,6,1,Arterial,Fog,28.5,0.26,405,65.6,45.6,9.8,49,MEDIUM
12,4,0,Urban,Clear,34.1,0.0,588,38.6,21.0,4.1,64,MEDIUM
10,5,1,Arterial,Clear,23.2,0.0,317,52.7,49.3,2.6,24,LOW
13,4,0,Arterial,Fog,25.3,0.32,743,60.3,31.5,6.8,48,MEDIUM
18,6,1,Urban,Rain,21.3,2.7,790,43.1,9.9,18.3,73,HIGH
10,3,0,Arterial,Clear,18.5,0.0,948,62.9,32.1,4.2,62,MEDIUM
12,3,0,Urban,Clear,22.0,0.0,447,40.2,28.9,6.3,56,MEDIUM
13,3,0,Urban,Clear,31.9,0.0,482,38.7,29.0,0.0,8,LOW
12,4,0,Urban,Clear,26.3,0.0,657,38.3,19.6,9.6,42,MEDIUM
0,1,0,Highway,Clear,22.0,0.0,394,96.4,95.5,0.6,22,LOW
7,4,0,Arterial,Clear,43.3,0.0,437,52.2,46.1,1.0,26,LOW
11,6,1,Urban,Storm,23.1,12.64,294,37.2,23.5,7.0,58,MEDIUM
18,6,1,Arterial,Clear,32.4,0.0,843,59.6,36.1,7.9,44,MEDIUM
11,5,1,Arterial,Clear,30.3,0.0,347,52.0,45.8,0.3,22,LOW
7,2,0,Highway,Clear,29.7,0.0,462,88.9,85.1,0.1,20,LOW
7,4,0,Highway,Clear,15.2,0.0,422,83.9,75.2,1.7,26,LOW
20,4,0,Arterial,Clear,36.9,0.0,998,61.9,31.5,7.2,42,MEDIUM
12,0,0,Arterial,Fog,30.2,0.45,971,57.7,20.6,17.5,86,HIGH
11,6,1,Arterial,Rain,34.4,17.5,261,58.4,47.3,1.4,15,LOW
15,0,0,Arterial,Clear,36.0,0.0,1020,57.4,23.8,33.8,74,HIGH
0,0,0,Arterial,Rain,40.0,4.32,222,62.7,53.5,2.0,11,LOW
12,4,0,Arterial,Clear,21.0,0.0,1007,59.7,28.4,26.0,80,HIGH
6,1,0,Arterial,Clear,23.0,0.0,431,63.8,57.7,0.8,10,LOW
4,2,0,Arterial,Clear,23.9,0.0,266,64.8,59.5,1.4,24,LOW
7,2,0,Arterial,Fog,21.9,0.46,251,58.9,43.5,9.7,65,MEDIUM
13,6,1,Highway,Clear,37.3,0.0,1661,86.5,30.4,34.5,72,HIGH
22,5,1,Arterial,Clear,21.0,0.0,395,58.3,54.2,0.7,26,LOW
12,6,1,Arterial,Rain,25.3,6.84,1011,70.6,31.4,32.5,81,HIGH
14,1,0,Arterial,Clear,16.6,0.0,748,57.5,37.9,7.1,57,MEDIUM
22,1,0,Highway,Clear,33.1,0.0,955,89.1,70.9,1.1,27,LOW
16,2,0,Arterial,Clear,27.1,0.0,1072,60.9,21.7,33.0,92,HIGH
14,3,0,Highway,Clear,34.2,0.0,1296,92.7,54.0,6.8,62,MEDIUM
19,0,0,Urban,Clear,32.9,0.0,1070,40.3,8.0,12.9,85,HIGH
17,0,0,Highway,Clear,16.5,0.0,1486,98.9,43.3,16.5,77,HIGH
17,2,0,Urban,Fog,29.3,0.15,763,40.7,10.4,34.5,79,HIGH
1,6,1,Arterial,Clear,20.4,0.0,268,59.4,59.2,1.9,13,LOW
3,1,0,Arterial,Clear,29.0,0.0,200,63.8,60.6,0.8,33,LOW
0,6,1,Highway,Clear,23.9,0.0,477,85.6,78.9,1.0,16,LOW
3,5,1,Highway,Rain,40.8,9.46,616,92.7,72.3,0.0,27,LOW
17,3,0,Highway,Fog,46.6,0.04,1739,88.1,19.9,28.4,94,HIGH
4,2,0,Highway,Clear,26.3,0.0,434,96.4,85.8,1.6,18,LOW
18,0,0,Arterial,Clear,28.7,0.0,1347,65.5,9.5,14.9,72,HIGH
14,4,0,Highway,Rain,12.0,1.4,1543,89.1,30.7,32.3,73,HIGH
7,6,1,Urban,Rain,16.5,3.58,157,37.4,32.0,0.4,15,LOW
19,1,0,Highway,Clear,30.7,0.0,1818,80.7,19.0,13.6,71,HIGH
16,4,0,Urban,Clear,27.8,0.0,617,40.7,23.7,5.3,56,MEDIUM
0,5,1,Arterial,Clear,30.9,0.0,575,51.5,43.1,1.3,14,LOW
11,2,0,Highway,Clear,22.4,0.0,1165,89.6,56.9,9.3,51,MEDIUM
18,6,1,Arterial,Fog,30.1,0.26,1115,57.8,16.1,32.1,96,HIGH
14,0,0,Highway,Clear,10.3,0.0,1726,92.8,28.0,21.8,84,HIGH
8,6,1,Highway,Clear,23.7,0.0,751,89.9,74.5,1.1,12,LOW
6,3,0,Arterial,Clear,31.3,0.0,216,57.7,56.4,1.9,24,LOW
1,4,0,Arterial,Clear,39.9,0.0,302,63.4,59.1,1.5,18,LOW
8,3,0,Urban,Clear,27.2,0.0,923,36.7,8.0,22.3,78,HIGH
9,5,1,Arterial,Clear,32.1,0.0,304,62.3,56.4,0.9,25,LOW
1,0,0,Urban,Clear,23.3,0.0,242,46.2,41.3,0.5,21,LOW
18,4,0,Urban,Clear,31.1,0.0,893,42.9,8.0,22.5,94,HIGH
10,5,1,Urban,Clear,24.5,0.0,248,38.8,34.8,1.0,15,LOW
12,3,0,Arterial,Rain,41.7,2.74,1094,55.9,16.1,16.4,71,HIGH
9,3,0,Highway,Storm,25.7,17.84,1968,94.7,10.3,20.2,78,HIGH
13,4,0,Highway,Clear,26.8,0.0,889,83.9,65.7,1.5,15,LOW
17,0,0,Arterial,Rain,33.4,0.76,1355,60.0,13.3,17.2,97,HIGH
18,3,0,Arterial,Clear,31.5,0.0,1800,62.9,10.5,26.2,86,HIGH
21,2,0,Highway,Clear,25.4,0.0,326,85.0,79.8,1.8,18,LOW
8,5,1,Arterial,Storm,30.9,42.22,427,55.7,35.3,8.9,59,MEDIUM
6,4,0,Highway,Clear,20.6,0.0,564,83.4,75.3,0.5,20,LOW
2,1,0,Arterial,Clear,29.6,0.0,233,66.4,65.0,1.1,24,LOW
19,1,0,Highway,Fog,31.8,0.22,1852,98.5,17.6,13.8,96,HIGH
5,0,0,Arterial,Rain,25.0,10.47,476,66.7,48.7,8.0,59,MEDIUM
20,2,0,Urban,Clear,25.4,0.0,931,45.5,8.0,34.5,78,HIGH
1,3,0,Highway,Storm,23.6,6.83,378,86.8,52.6,4.4,60,MEDIUM
5,1,0,Arterial,Clear,17.9,0.0,286,52.7,46.6,1.1,9,LOW
2,0,0,Urban,Clear,30.9,0.0,179,45.1,40.7,0.7,15,LOW
15,5,1,Highway,Clear,24.7,0.0,1449,94.6,42.4,27.7,89,HIGH
7,2,0,Highway,Clear,31.9,0.0,399,94.2,87.6,2.1,14,LOW
1,2,0,Highway,Clear,26.7,0.0,640,84.8,75.7,1.5,23,LOW
16,6,1,Arterial,Clear,32.3,0.0,747,60.4,40.8,5.1,40,MEDIUM
8,0,0,Arterial,Clear,16.0,0.0,1326,60.6,8.8,12.4,75,HIGH
11,0,0,Highway,Clear,20.0,0.0,1008,89.7,65.2,7.1,61,MEDIUM
2,6,1,Arterial,Clear,22.1,0.0,377,56.6,50.9,1.4,23,LOW
10,3,0,Highway,Clear,36.4,0.0,2176,80.5,12.5,34.6,94,HIGH
0,0,0,Urban,Storm,30.8,11.21,224,37.7,24.3,4.9,41,MEDIUM
22,6,1,Highway,Clear,26.2,0.0,429,75.6,71.8,0.5,18,LOW
12,3,0,Urban,Clear,24.7,0.0,409,38.8,29.5,0.4,26,LOW
14,3,0,Arterial,Clear,32.2,0.0,802,57.5,35.9,5.7,62,MEDIUM
4,4,0,Arterial,Rain,23.9,2.09,394,55.3,43.6,1.0,20,LOW
20,2,0,Arterial,Clear,33.1,0.0,766,61.6,43.4,9.8,57,MEDIUM
16,5,1,Arterial,Clear,26.5,0.0,825,58.6,37.2,5.0,41,MEDIUM
22,2,0,Arterial,Clear,37.1,0.0,305,58.9,56.3,2.2,37,LOW
23,2,0,Urban,Clear,21.4,0.0,299,44.2,39.9,1.7,16,LOW
5,4,0,Arterial,Clear,27.1,0.0,440,58.7,49.5,0.0,33,LOW
20,3,0,Arterial,Clear,21.6,0.0,1290,61.8,10.0,28.6,74,HIGH
21,3,0,Arterial,Fog,39.4,0.34,423,55.7,36.1,5.2,64,MEDIUM
10,0,0,Urban,Clear,28.1,0.0,775,40.8,12.3,22.7,75,HIGH
17,4,0,Arterial,Rain,20.9,0.71,1117,59.6,17.1,14.8,71,HIGH
3,0,0,Highway,Fog,21.7,0.2,494,90.5,66.4,8.1,43,MEDIUM
2,4,0,Arterial,Fog,31.6,0.03,391,55.1,37.1,6.8,52,MEDIUM
12,0,0,Arterial,Fog,15.3,0.3,591,55.5,35.1,4.5,45,MEDIUM
22,1,0,Urban,Rain,26.8,11.51,153,39.0,35.4,0.6,17,LOW
8,6,1,Urban,Clear,22.0,0.0,146,44.0,42.1,0.7,21,LOW
20,2,0,Arterial,Clear,26.9,0.0,1318,54.2,9.3,16.2,89,HIGH
5,2,0,Highway,Clear,28.7,0.0,780,98.4,82.6,0.7,10,LOW
11,5,1,Urban,Rain,27.3,0.16,128,37.9,32.3,0.5,34,LOW
1,6,1,Arterial,Clear,26.1,0.0,387,60.3,54.2,1.5,8,LOW
2,3,0,Urban,Clear,29.2,0.0,214,43.0,40.4,1.8,10,LOW
2,5,1,Highway,Clear,40.2,0.0,645,88.2,77.8,0.8,32,LOW
11,1,0,Highway,Rain,36.9,3.77,1086,88.8,52.9,5.0,44,MEDIUM
14,5,1,Highway,Rain,25.6,5.22,910,97.2,69.0,4.1,61,MEDIUM
8,2,0,Arterial,Clear,33.1,0.0,968,64.4,31.5,16.2,94,HIGH
22,3,0,Urban,Clear,32.7,0.0,194,42.1,42.1,2.2,9,LOW
7,1,0,Highway,Clear,25.3,0.0,327,89.3,89.3,2.0,21,LOW
10,2,0,Arterial,Clear,27.8,0.0,1283,59.7,8.0,28.2,86,HIGH
15,6,1,Arterial,Clear,31.8,0.0,1220,55.7,14.6,21.8,78,HIGH
21,0,0,Arterial,Clear,22.9,0.0,318,58.9,55.9,0.0,27,LOW
3,4,0,Arterial,Storm,26.3,4.4,236,60.3,36.4,9.7,44,MEDIUM
0,1,0,Urban,Clear,26.6,0.0,198,39.9,39.9,1.6,16,LOW
23,3,0,Highway,Clear,26.1,0.0,783,91.5,74.7,2.7,9,LOW
6,5,1,Urban,Rain,25.8,1.12,314,43.3,33.5,1.1,30,LOW
1,6,1,Highway,Clear,31.1,0.0,738,82.4,72.0,0.0,14,LOW
23,5,1,Arterial,Clear,28.2,0.0,239,57.5,55.9,0.5,10,LOW
4,1,0,Urban,Clear,32.5,0.0,142,43.4,40.2,0.3,24,LOW
6,6,1,Highway,Fog,45.6,0.1,240,102.3,81.8,0.0,13,LOW
3,3,0,Highway,Clear,24.3,0.0,733,84.6,70.5,2.0,24,LOW
4,1,0,Arterial,Clear,29.5,0.0,217,57.5,57.5,2.6,16,LOW
23,3,0,Arterial,Storm,31.6,5.53,303,54.8,35.1,5.8,46,MEDIUM
0,5,1,Arterial,Rain,35.6,0.41,350,51.9,43.4,0.4,25,LOW
0,2,0,Highway,Clear,31.0,0.0,467,91.4,86.7,0.6,10,LOW
14,6,1,Highway,Rain,20.4,1.62,1801,93.0,21.9,25.5,76,HIGH
19,0,0,Arterial,Fog,23.4,0.18,1672,58.8,8.0,21.4,96,HIGH
18,2,0,Highway,Fog,29.0,0.4,1545,88.5,29.1,15.4,87,HIGH
9,0,0,Urban,Storm,23.2,18.14,838,39.7,8.0,22.0,97,HIGH
17,5,1,Highway,Clear,17.7,0.0,1201,87.2,56.8,8.5,42,MEDIUM
2,6,1,Arterial,Clear,22.4,0.0,171,59.8,56.7,1.7,21,LOW
10,2,0,Highway,Clear,22.4,0.0,2183,96.9,14.7,19.4,94,HIGH
14,2,0,Highway,Clear,20.9,0.0,1413,85.9,45.7,8.6,52,MEDIUM
10,1,0,Arterial,Fog,45.7,0.4,1035,58.9,19.6,20.4,81,HIGH
16,4,0,Arterial,Fog,30.2,0.28,1109,59.5,15.8,24.3,82,HIGH
16,5,1,Highway,Clear,28.8,0.0,1507,87.2,41.2,28.0,92,HIGH
5,3,0,Highway,Clear,34.4,0.0,358,90.3,84.0,1.1,9,LOW
4,5,1,Highway,Clear,40.6,0.0,252,77.5,76.6,0.9,17,LOW
7,3,0,Urban,Clear,30.7,0.0,215,41.7,36.7,2.2,17,LOW
1,6,1,Arterial,Rain,35.1,1.38,399,56.1,45.1,2.0,15,LOW
15,3,0,Highway,Clear,24.5,0.0,1146,85.8,58.2,8.5,42,MEDIUM
19,0,0,Arterial,Clear,21.7,0.0,1276,59.3,8.8,22.2,94,HIGH
23,3,0,Arterial,Clear,34.4,0.0,448,54.4,45.4,0.9,8,LOW
11,3,0,Urban,Clear,34.2,0.0,518,44.0,27.6,5.0,51,MEDIUM
5,1,0,Urban,Storm,33.6,7.29,231,37.5,21.2,9.8,56,MEDIUM
0,2,0,Highway,Clear,28.9,0.0,331,103.2,97.9,0.0,11,LOW
3,5,1,Highway,Fog,22.5,0.16,419,93.2,72.6,2.2,20,LOW
16,5,1,Highway,Clear,24.6,0.0,1622,87.2,36.0,31.8,80,HIGH
12,6,1,Urban,Clear,36.1,0.0,635,39.1,19.8,5.7,59,MEDIUM
17,6,1,Urban,Clear,23.9,0.0,710,40.4,16.2,32.3,90,HIGH
4,3,0,Arterial,Rain,29.3,3.05,310,66.8,56.3,0.6,31,LOW
23,4,0,Highway,Clear,22.6,0.0,316,94.8,91.7,1.3,35,LOW
23,5,1,Arterial,Clear,26.7,0.0,289,63.5,58.6,1.5,28,LOW
2,6,1,Highway,Clear,20.4,0.0,601,88.5,78.5,0.0,10,LOW
10,3,0,Highway,Clear,27.5,0.0,2074,87.2,16.6,25.4,83,HIGH
12,6,1,Arterial,Clear,24.7,0.0,756,62.5,43.4,5.1,43,MEDIUM
3,0,0,Highway,Clear,16.1,0.0,616,96.7,84.5,0.1,26,LOW
13,0,0,Highway,Clear,32.6,0.0,1017,89.3,65.7,4.9,58,MEDIUM
21,6,1,Arterial,Clear,32.3,0.0,521,57.3,47.9,1.8,13,LOW
10,0,0,Highway,Clear,28.4,0.0,2149,84.8,12.0,16.0,97,HIGH
9,6,1,Highway,Clear,20.1,0.0,761,81.6,69.5,1.1,15,LOW
18,3,0,Highway,Storm,20.2,29.8,1866,87.8,9.0,25.1,96,HIGH
17,1,0,Urban,Clear,44.3,0.0,976,39.2,8.0,21.4,90,HIGH
5,4,0,Urban,Fog,10.0,0.14,130,39.9,32.6,0.0,37,LOW
14,3,0,Highway,Clear,20.4,0.0,1126,92.7,63.4,6.1,47,MEDIUM
20,1,0,Arterial,Rain,43.0,2.15,1509,58.1,8.0,30.0,81,HIGH
9,1,0,Highway,Clear,45.2,0.0,1972,99.0,13.5,33.3,79,HIGH
4,5,1,Arterial,Clear,39.9,0.0,571,55.4,45.8,0.1,32,LOW
4,3,0,Arterial,Rain,31.7,3.73,538,62.7,47.7,1.1,26,LOW
9,3,0,Urban,Rain,23.5,6.52,941,36.3,8.0,16.0,95,HIGH
4,6,1,Arterial,Rain,16.2,1.02,221,56.6,48.0,0.2,33,LOW
2,1,0,Urban,Rain,30.8,1.15,203,40.8,33.2,1.7,34,LOW
22,1,0,Urban,Clear,22.7,0.0,290,43.1,41.5,0.1,27,LOW
5,1,0,Urban,Clear,38.2,0.0,229,39.2,34.1,0.7,28,LOW
3,6,1,Arterial,Clear,15.0,0.0,339,60.3,56.8,1.7,18,LOW
17,5,1,Arterial,Fog,29.4,0.44,860,65.1,27.9,31.5,77,HIGH
8,3,0,Arterial,Clear,34.5,0.0,1428,55.1,8.0,27.6,77,HIGH
16,1,0,Highway,Fog,35.1,0.04,1391,93.8,38.5,20.4,91,HIGH
12,0,0,Highway,Clear,33.8,0.0,1022,86.6,65.3,0.2,16,LOW
14,3,0,Arterial,Clear,30.4,0.0,1057,61.0,22.9,26.8,76,HIGH
19,6,1,Arterial,Clear,28.9,0.0,612,62.2,47.9,1.4,35,LOW
16,5,1,Urban,Clear,34.4,0.0,678,36.5,16.4,23.8,87,HIGH
12,0,0,Highway,Rain,30.4,3.26,1053,86.3,53.5,9.6,60,MEDIUM
15,6,1,Highway,Clear,30.6,0.0,1623,93.3,33.7,18.1,91,HIGH
21,2,0,Urban,Fog,28.2,0.43,185,39.2,31.3,0.8,16,LOW
3,3,0,Arterial,Rain,25.3,8.92,467,57.1,41.3,8.3,64,MEDIUM
4,2,0,Highway,Clear,18.6,0.0,539,91.0,81.8,0.0,33,LOW
4,6,1,Urban,Fog,19.8,0.01,248,36.8,25.4,9.7,65,MEDIUM
8,6,1,Urban,Clear,25.3,0.0,305,36.5,35.4,0.6,37,LOW
16,6,1,Arterial,Clear,27.2,0.0,778,50.4,30.2,8.6,56,MEDIUM
12,1,0,Urban,Clear,21.2,0.0,416,41.1,31.3,2.0,21,LOW
1,5,1,Arterial,Clear,20.7,0.0,295,60.1,57.8,0.5,26,LOW
12,1,0,Urban,Clear,25.4,0.0,478,41.6,28.9,6.1,65,MEDIUM
21,5,1,Urban,Fog,34.3,0.18,385,43.7,27.8,9.7,65,MEDIUM
20,4,0,Highway,Clear,13.2,0.0,2700,88.8,14.3,15.7,77,HIGH
22,1,0,Arterial,Clear,21.4,0.0,450,59.7,51.5,0.8,18,LOW
18,2,0,Highway,Clear,29.1,0.0,2241,91.7,13.8,24.3,89,HIGH
2,5,1,Highway,Clear,37.0,0.0,443,87.1,81.6,0.0,27,LOW
9,1,0,Urban,Rain,43.1,1.04,1052,35.6,8.0,19.5,73,HIGH
1,3,0,Arterial,Rain,25.6,2.94,234,55.4,44.8,0.5,24,LOW
12,6,1,Arterial,Clear,25.5,0.0,806,59.8,40.7,5.4,44,MEDIUM
18,5,1,Urban,Fog,27.0,0.32,589,43.0,18.9,18.8,75,HIGH
16,5,1,Urban,Clear,29.6,0.0,758,44.7,16.4,32.1,92,HIGH
20,1,0,Urban,Clear,27.7,0.0,641,39.1,19.4,27.3,79,HIGH
13,4,0,Arterial,Clear,28.8,0.0,889,60.7,33.1,4.8,62,MEDIUM
11,1,0,Highway,Clear,18.6,0.0,1363,99.4,52.9,9.7,49,MEDIUM
20,2,0,Highway,Rain,16.4,29.39,1630,92.6,29.9,27.0,76,HIGH
11,2,0,Arterial,Clear,33.0,0.0,916,60.5,32.2,5.6,61,MEDIUM
10,5,1,Arterial,Clear,26.7,0.0,544,60.8,50.4,1.0,12,LOW
6,5,1,Arterial,Clear,33.8,0.0,319,62.3,57.7,1.1,8,LOW
3,1,0,Arterial,Clear,29.6,0.0,374,55.1,49.5,0.0,30,LOW
18,2,0,Urban,Clear,18.0,0.0,1020,42.3,8.0,33.6,74,HIGH
0,2,0,Arterial,Clear,38.9,0.0,440,61.8,54.2,0.6,27,LOW
23,4,0,Arterial,Fog,28.2,0.26,229,64.4,45.7,9.9,62,MEDIUM
2,3,0,Highway,Rain,22.8,2.81,356,92.5,78.6,0.0,29,LOW
12,4,0,Highway,Clear,24.3,0.0,1510,95.1,41.2,34.7,96,HIGH
14,0,0,Highway,Rain,19.5,1.87,1261,85.4,46.3,6.5,51,MEDIUM
1,6,1,Urban,Clear,30.3,0.0,411,38.2,29.2,0.0,15,LOW
10,4,0,Highway,Clear,27.2,0.0,1889,90.8,16.1,24.7,81,HIGH
3,1,0,Arterial,Clear,42.1,0.0,395,57.0,51.9,1.3,35,LOW
18,3,0,Arterial,Clear,31.6,0.0,1350,63.4,12.7,20.8,94,HIGH
16,1,0,Highway,Fog,41.7,0.07,797,82.9,50.8,5.9,62,MEDIUM
2,6,1,Highway,Clear,21.3,0.0,626,89.2,83.6,2.0,32,LOW
17,0,0,Arterial,Rain,25.7,1.27,1242,57.7,9.4,20.2,94,HIGH
7,3,0,Arterial,Clear,34.2,0.0,277,57.0,54.0,0.7,28,LOW
21,5,1,Urban,Clear,32.1,0.0,225,35.9,32.5,1.2,12,LOW
23,2,0,Arterial,Rain,27.9,0.99,444,60.2,47.9,1.4,31,LOW
18,4,0,Arterial,Clear,20.5,0.0,1592,59.7,8.0,16.2,88,HIGH
4,1,0,Urban,Clear,12.8,0.0,248,45.7,42.0,0.7,29,LOW
6,0,0,Arterial,Clear,26.5,0.0,170,70.0,69.3,3.1,11,LOW
20,2,0,Urban,Clear,26.8,0.0,761,36.8,10.0,17.8,96,HIGH
7,4,0,Highway,Fog,28.9,0.4,310,80.5,63.3,1.7,8,LOW
4,2,0,Arterial,Clear,17.9,0.0,255,55.2,49.8,0.5,12,LOW
16,4,0,Arterial,Clear,21.8,0.0,817,59.8,40.1,8.0,56,MEDIUM
4,5,1,Highway,Rain,30.7,2.76,605,95.6,74.8,1.0,32,LOW
3,3,0,Highway,Clear,32.1,0.0,600,87.6,78.7,0.5,27,LOW
21,2,0,Arterial,Clear,29.4,0.0,425,62.3,56.9,1.5,31,LOW
18,2,0,Highway,Clear,25.6,0.0,1573,86.0,35.2,24.1,91,HIGH
20,2,0,Highway,Clear,19.7,0.0,2569,87.6,10.9,29.7,88,HIGH
1,3,0,Urban,Clear,34.7,0.0,167,40.5,39.3,0.4,10,LOW
10,0,0,Urban,Clear,33.1,0.0,826,40.0,9.8,25.4,75,HIGH
21,4,0,Arterial,Fog,24.0,0.15,383,59.9,44.6,7.6,55,MEDIUM
12,5,1,Urban,Clear,33.8,0.0,658,36.8,18.2,17.4,72,HIGH
14,2,0,Urban,Clear,27.5,0.0,553,43.7,23.7,7.4,66,MEDIUM
11,6,1,Arterial,Clear,23.2,0.0,451,64.9,57.9,0.8,16,LOW
21,3,0,Highway,Clear,34.5,0.0,614,96.2,83.7,0.5,25,LOW
20,0,0,Urban,Fog,28.7,0.24,695,38.0,13.2,24.8,82,HIGH
21,4,0,Arterial,Clear,25.0,0.0,315,60.5,60.3,0.1,14,LOW
10,3,0,Arterial,Clear,19.0,0.0,1313,57.9,8.6,26.6,85,HIGH
6,5,1,Arterial,Clear,19.7,0.0,284,56.1,51.2,3.1,14,LOW
4,5,1,Arterial,Clear,33.9,0.0,437,61.1,52.5,0.9,17,LOW
16,4,0,Urban,Clear,31.2,0.0,513,33.6,22.7,9.1,58,MEDIUM
23,2,0,Highway,Clear,19.8,0.0,643,94.2,85.4,1.0,29,LOW
19,5,1,Urban,Clear,19.7,0.0,555,36.5,23.9,9.4,66,MEDIUM
8,0,0,Urban,Clear,42.7,0.0,1003,39.1,8.4,30.0,80,HIGH
13,3,0,Arterial,Clear,31.3,0.0,833,50.9,30.0,8.3,54,MEDIUM
11,0,0,Arterial,Clear,36.5,0.0,765,67.2,45.7,5.3,43,MEDIUM
5,2,0,Arterial,Clear,38.4,0.0,268,62.6,59.1,1.2,26,LOW
16,0,0,Highway,Fog,21.5,0.11,814,90.4,58.2,6.2,56,MEDIUM
18,0,0,Highway,Clear,40.2,0.0,2438,86.6,12.4,31.4,91,HIGH
18,1,0,Urban,Fog,20.5,0.09,827,36.8,8.0,14.5,94,HIGH
15,0,0,Arterial,Clear,33.1,0.0,678,59.2,46.6,0.0,26,LOW
11,4,0,Highway,Rain,27.2,6.88,1617,91.5,30.9,32.7,71,HIGH
11,3,0,Highway,Clear,33.1,0.0,1086,88.9,60.8,7.8,60,MEDIUM
19,1,0,Urban,Clear,26.5,0.0,1004,41.6,8.0,18.2,90,HIGH
5,3,0,Arterial,Clear,31.8,0.0,278,67.4,67.4,1.2,18,LOW
22,3,0,Urban,Clear,37.5,0.0,274,36.8,32.6,1.1,10,LOW
3,2,0,Highway,Clear,35.8,0.0,509,91.2,84.9,1.5,13,LOW
5,2,0,Arterial,Clear,27.6,0.0,182,67.0,65.4,0.9,22,LOW
10,1,0,Highway,Clear,21.3,0.0,2318,88.4,15.7,12.2,88,HIGH
0,5,1,Arterial,Clear,25.9,0.0,543,59.4,48.6,1.6,24,LOW
23,6,1,Arterial,Clear,31.1,0.0,321,61.8,59.2,0.3,30,LOW
22,2,0,Highway,Clear,32.6,0.0,348,93.4,91.1,0.0,19,LOW
14,6,1,Arterial,Clear,35.5,0.0,784,64.2,42.4,7.9,53,MEDIUM
10,2,0,Arterial,Clear,22.9,0.0,1420,60.4,8.0,31.7,85,HIGH
18,2,0,Arterial,Clear,21.5,0.0,1191,56.8,13.6,20.3,82,HIGH
17,3,0,Urban,Clear,20.9,0.0,1044,41.7,8.0,13.6,93,HIGH
16,1,0,Highway,Clear,26.6,0.0,1204,85.2,56.6,5.7,44,MEDIUM
18,3,0,Arterial,Clear,29.5,0.0,1453,61.3,10.5,24.6,72,HIGH
20,4,0,Urban,Fog,30.6,0.47,980,40.2,8.0,32.9,93,HIGH
13,3,0,Urban,Clear,18.1,0.0,535,40.2,21.8,9.0,67,MEDIUM
17,6,1,Urban,Fog,21.3,0.04,777,39.8,9.2,31.2,88,HIGH
18,6,1,Arterial,Clear,23.1,0.0,692,64.0,47.9,7.4,44,MEDIUM
14,4,0,Urban,Fog,40.3,0.38,508,41.9,21.8,5.4,46,MEDIUM
14,0,0,Arterial,Rain,25.3,2.11,645,62.8,45.7,4.1,67,MEDIUM
3,0,0,Highway,Clear,17.7,0.0,411,87.7,83.5,1.0,9,LOW
6,4,0,Urban,Clear,30.7,0.0,311,35.1,32.2,1.2,33,LOW
12,4,0,Arterial,Clear,27.2,0.0,826,58.4,36.4,4.3,54,MEDIUM
2,3,0,Highway,Clear,19.8,0.0,387,92.2,86.4,0.8,36,LOW
15,4,0,Highway,Fog,24.7,0.19,1254,90.2,44.2,23.3,73,HIGH
8,1,0,Urban,Fog,25.6,0.34,1109,38.7,8.0,27.2,90,HIGH
7,0,0,Highway,Rain,27.1,1.08,861,91.1,63.8,6.0,40,MEDIUM
19,0,0,Highway,Fog,34.5,0.01,1971,88.7,10.8,28.4,72,HIGH
12,5,1,Arterial,Fog,31.9,0.11,735,60.2,35.3,6.3,64,MEDIUM
16,4,0,Highway,Clear,28.9,0.0,1348,80.1,44.3,6.6,55,MEDIUM
16,2,0,Urban,Clear,34.9,0.0,437,42.3,31.0,5.4,49,MEDIUM
16,2,0,Arterial,Clear,25.1,0.0,895,62.5,37.5,7.9,57,MEDIUM
0,4,0,Arterial,Clear,22.9,0.0,443,68.4,56.3,2.3,25,LOW
7,1,0,Urban,Clear,30.2,0.0,247,37.9,31.5,0.9,18,LOW
18,2,0,Arterial,Clear,29.6,0.0,1670,58.0,8.9,29.6,80,HIGH
5,5,1,Arterial,Clear,17.7,0.0,201,60.7,58.6,1.6,17,LOW
2,6,1,Urban,Clear,38.5,0.0,155,39.9,38.7,1.7,36,LOW
4,4,0,Arterial,Rain,20.9,0.72,375,66.3,50.6,1.2,36,LOW
12,1,0,Highway,Clear,31.7,0.0,1056,88.0,62.8,7.7,52,MEDIUM
14,1,0,Arterial,Clear,31.9,0.0,633,59.4,45.1,2.6,18,LOW
13,3,0,Urban,Rain,10.0,0.12,646,38.3,14.9,27.8,95,HIGH
22,1,0,Urban,Clear,29.6,0.0,155,44.6,44.3,2.3,17,LOW
15,2,0,Urban,Clear,39.5,0.0,631,41.5,27.5,4.0,54,MEDIUM
17,6,1,Urban,Clear,23.0,0.0,486,44.7,30.7,9.1,60,MEDIUM
21,2,0,Urban,Clear,14.7,0.0,348,48.7,39.8,1.1,10,LOW
21,4,0,Urban,Fog,27.2,0.16,163,37.7,28.0,9.5,52,MEDIUM
10,6,1,Highway,Clear,31.3,0.0,798,95.4,77.6,1.2,10,LOW
2,4,0,Arterial,Clear,27.4,0.0,371,59.0,51.2,0.4,25,LOW
21,1,0,Arterial,Clear,21.3,0.0,393,57.2,52.3,1.4,24,LOW
9,5,1,Arterial,Rain,20.8,2.25,411,54.1,46.7,3.1,33,LOW
9,0,0,Highway,Clear,16.6,0.0,1292,100.6,60.4,9.2,62,MEDIUM
20,6,1,Highway,Rain,14.9,4.66,567,95.0,75.5,2.0,9,LOW
15,3,0,Highway,Clear,25.6,0.0,1230,88.9,55.9,4.5,62,MEDIUM
11,0,0,Arterial,Fog,31.0,0.16,733,62.5,33.7,6.7,41,MEDIUM
1,1,0,Urban,Rain,29.1,0.76,174,34.6,31.5,1.4,11,LOW
8,1,0,Urban,Rain,29.8,0.92,943,39.7,8.0,13.3,70,HIGH
23,0,0,Urban,Clear,32.4,0.0,429,37.7,29.7,1.0,23,LOW
2,3,0,Urban,Fog,37.2,0.45,246,44.3,30.9,6.0,63,MEDIUM
23,6,1,Arterial,Clear,28.2,0.0,377,66.1,55.8,1.9,33,LOW
14,6,1,Arterial,Rain,30.4,0.8,1084,63.6,23.0,12.1,78,HIGH
2,0,0,Arterial,Clear,30.5,0.0,199,63.8,61.0,1.2,36,LOW
18,4,0,Arterial,Clear,29.0,0.0,1800,57.4,9.6,28.8,89,HIGH
17,2,0,Highway,Clear,28.1,0.0,2207,93.6,13.5,20.2,71,HIGH
7,5,1,Arterial,Clear,28.7,0.0,411,54.5,52.8,1.9,28,LOW
16,4,0,Arterial,Clear,38.9,0.0,594,53.9,44.0,1.6,36,LOW
7,6,1,Arterial,Clear,38.0,0.0,215,59.6,59.6,0.0,16,LOW
6,2,0,Urban,Clear,16.1,0.0,154,41.6,41.5,1.8,11,LOW
6,5,1,Arterial,Rain,29.5,7.4,357,62.4,50.1,1.7,17,LOW
2,5,1,Highway,Clear,28.0,0.0,700,83.7,70.0,2.0,14,LOW
0,5,1,Arterial,Clear,36.8,0.0,350,53.8,50.0,0.4,10,LOW
3,1,0,Arterial,Fog,27.7,0.22,261,58.2,42.2,6.8,51,MEDIUM
4,5,1,Highway,Clear,29.8,0.0,496,85.6,79.8,1.1,16,LOW
0,3,0,Highway,Clear,23.5,0.0,568,93.1,83.2,1.4,29,LOW
14,0,0,Arterial,Clear,33.7,0.0,812,55.9,36.3,6.1,57,MEDIUM
4,6,1,Urban,Clear,19.3,0.0,123,45.8,43.7,1.3,35,LOW
12,3,0,Arterial,Clear,25.9,0.0,952,61.4,30.5,16.9,86,HIGH
7,0,0,Urban,Clear,20.6,0.0,265,39.6,34.7,2.5,37,LOW
7,4,0,Urban,Storm,25.9,29.24,178,36.6,19.9,7.2,44,MEDIUM
4,4,0,Highway,Clear,24.2,0.0,407,83.4,75.3,0.7,21,LOW
8,0,0,Arterial,Clear,33.9,0.0,1228,58.7,15.5,12.2,74,HIGH
0,3,0,Arterial,Rain,26.5,1.84,146,57.7,48.4,1.9,15,LOW
3,0,0,Highway,Clear,38.4,0.0,314,81.3,78.1,0.3,21,LOW
2,5,1,Arterial,Clear,26.3,0.0,295,65.5,62.0,0.1,22,LOW
1,1,0,Arterial,Rain,20.4,0.68,407,55.6,42.5,1.5,28,LOW
7,6,1,Highway,Clear,26.3,0.0,714,91.8,82.0,1.0,21,LOW
22,4,0,Urban,Fog,31.3,0.27,252,41.3,29.1,4.3,52,MEDIUM
8,6,1,Urban,Clear,39.8,0.0,316,35.1,28.8,2.3,29,LOW
1,1,0,Urban,Rain,23.5,3.1,222,38.8,33.8,0.4,27,LOW
13,5,1,Highway,Clear,39.6,0.0,1291,83.0,48.6,5.4,50,MEDIUM
13,5,1,Urban,Clear,26.7,0.0,524,41.2,26.0,9.8,62,MEDIUM
3,4,0,Arterial,Clear,24.9,0.0,313,60.3,58.7,1.5,27,LOW
5,4,0,Highway,Fog,33.4,0.32,674,89.6,62.7,6.3,54,MEDIUM
10,5,1,Urban,Rain,38.0,1.86,206,37.5,27.1,9.8,65,MEDIUM
2,2,0,Arterial,Clear,31.9,0.0,352,64.7,55.1,0.0,30,LOW
7,6,1,Arterial,Storm,18.1,2.5,207,58.5,38.2,9.2,49,MEDIUM
2,1,0,Arterial,Clear,30.3,0.0,175,54.1,49.7,0.6,34,LOW
13,6,1,Highway,Clear,43.2,0.0,1510,85.3,39.3,12.9,74,HIGH
12,1,0,Arterial,Clear,12.1,0.0,762,52.0,33.0,9.9,47,MEDIUM
12,2,0,Arterial,Rain,30.6,3.45,979,57.4,23.8,19.7,71,HIGH
1,3,0,Arterial,Rain,26.0,9.46,329,56.4,47.9,0.2,25,LOW
12,1,0,Arterial,Clear,21.4,0.0,715,62.8,43.0,5.5,49,MEDIUM
18,6,1,Urban,Fog,35.2,0.48,699,41.7,13.1,22.4,90,HIGH
5,0,0,Arterial,Clear,15.8,0.0,449,60.9,52.2,0.8,32,LOW
15,5,1,Arterial,Clear,25.5,0.0,1023,63.8,29.8,15.2,70,HIGH
1,5,1,Urban,Clear,35.0,0.0,376,36.5,28.8,2.1,37,LOW
7,2,0,Arterial,Fog,34.2,0.3,216,61.3,49.2,0.3,14,LOW
16,1,0,Highway,Clear,32.2,0.0,1340,82.8,47.5,6.3,49,MEDIUM
22,3,0,Highway,Clear,29.2,0.0,320,87.6,85.0,1.0,23,LOW
1,1,0,Arterial,Clear,27.1,0.0,258,61.4,57.7,0.0,14,LOW
9,5,1,Highway,Clear,24.7,0.0,784,87.3,73.5,1.6,35,LOW
15,4,0,Arterial,Clear,21.2,0.0,917,66.5,32.4,18.0,88,HIGH
5,0,0,Highway,Clear,33.7,0.0,435,88.3,82.7,0.0,13,LOW
1,2,0,Highway,Fog,29.5,0.01,457,94.0,73.0,2.3,17,LOW
1,4,0,Arterial,Clear,33.9,0.0,284,58.9,48.9,1.8,24,LOW
12,6,1,Urban,Clear,22.5,0.0,486,40.4,28.1,4.7,60,MEDIUM
23,3,0,Arterial,Rain,22.4,0.39,438,58.5,47.3,1.7,10,LOW
14,4,0,Urban,Clear,31.5,0.0,399,40.5,30.4,4.6,55,MEDIUM
1,6,1,Urban,Fog,12.1,0.42,298,45.2,30.4,8.2,41,MEDIUM
6,4,0,Highway,Clear,10.3,0.0,448,97.7,89.7,2.3,18,LOW
2,3,0,Highway,Clear,35.1,0.0,640,87.6,77.7,0.2,9,LOW
7,4,0,Urban,Clear,23.0,0.0,228,39.3,35.2,1.2,18,LOW
22,2,0,Urban,Rain,29.4,6.2,167,40.2,34.2,0.0,33,LOW
13,5,1,Arterial,Storm,30.7,31.19,946,62.6,22.1,31.5,93,HIGH
23,1,0,Urban,Clear,35.2,0.0,108,45.6,40.2,1.0,37,LOW
22,4,0,Highway,Clear,24.9,0.0,420,96.4,90.3,1.8,33,LOW
21,2,0,Highway,Clear,25.3,0.0,629,88.7,78.7,0.4,20,LOW
6,1,0,Arterial,Clear,23.7,0.0,317,61.6,52.9,1.1,11,LOW
20,6,1,Arterial,Clear,32.3,0.0,343,60.9,57.4,0.0,31,LOW
6,1,0,Highway,Clear,32.7,0.0,469,87.0,81.9,1.1,37,LOW
0,6,1,Arterial,Clear,36.9,0.0,410,64.1,57.1,2.1,17,LOW
16,4,0,Highway,Clear,19.3,0.0,1490,77.4,32.5,30.5,75,HIGH
8,2,0,Arterial,Rain,43.6,2.9,1356,64.0,8.0,26.2,74,HIGH
20,5,1,Urban,Clear,25.8,0.0,173,41.2,38.3,0.0,10,LOW
12,4,0,Urban,Clear,27.7,0.0,509,34.6,29.4,2.4,19,LOW
20,6,1,Arterial,Clear,29.1,0.0,189,55.8,51.7,1.0,16,LOW
18,3,0,Arterial,Clear,21.6,0.0,1121,51.7,18.8,27.8,74,HIGH
20,1,0,Arterial,Rain,25.1,6.98,1672,66.8,11.6,29.5,92,HIGH
18,4,0,Highway,Clear,38.2,0.0,2700,85.0,11.4,21.5,71,HIGH
21,6,1,Highway,Clear,38.3,0.0,311,94.6,92.7,1.9,31,LOW
16,1,0,Highway,Clear,29.4,0.0,1056,94.7,68.6,4.9,58,MEDIUM
22,6,1,Urban,Rain,35.3,6.1,188,39.6,33.9,0.3,34,LOW
22,2,0,Urban,Clear,30.9,0.0,174,38.0,36.6,0.8,35,LOW
9,0,0,Arterial,Clear,27.6,0.0,1322,62.1,8.0,14.7,73,HIGH
9,4,0,Arterial,Clear,22.7,0.0,1661,60.9,9.9,19.2,77,HIGH
3,5,1,Highway,Clear,22.0,0.0,624,94.7,84.5,1.1,17,LOW
7,4,0,Arterial,Clear,22.7,0.0,289,55.3,54.6,1.6,11,LOW
21,1,0,Arterial,Clear,39.3,0.0,362,64.1,58.5,1.4,35,LOW
19,2,0,Arterial,Rain,34.1,3.12,1591,65.4,8.0,33.1,87,HIGH
19,6,1,Highway,Rain,38.1,5.36,1683,88.7,23.3,20.0,89,HIGH
17,3,0,Urban,Clear,30.8,0.0,803,37.1,8.0,29.5,97,HIGH
13,5,1,Arterial,Clear,21.8,0.0,697,58.1,40.3,8.6,57,MEDIUM
17,2,0,Urban,Clear,32.2,0.0,1170,38.1,8.0,17.4,95,HIGH
13,4,0,Urban,Clear,36.9,0.0,477,39.5,26.8,4.2,66,MEDIUM
19,3,0,Urban,Clear,32.5,0.0,846,37.8,8.0,17.2,71,HIGH
20,2,0,Highway,Clear,18.8,0.0,1816,92.3,21.9,18.1,77,HIGH
23,0,0,Highway,Clear,17.7,0.0,625,93.2,83.7,1.2,25,LOW
14,5,1,Highway,Clear,32.5,0.0,2034,88.2,13.3,33.6,74,HIGH
21,1,0,Highway,Clear,25.8,0.0,444,80.2,75.4,0.9,20,LOW
3,2,0,Arterial,Clear,30.2,0.0,312,61.8,56.8,1.6,25,LOW
12,2,0,Arterial,Clear,22.9,0.0,620,54.1,43.4,0.0,15,LOW
22,0,0,Arterial,Fog,28.9,0.06,266,61.0,45.5,7.4,64,MEDIUM
7,4,0,Highway,Clear,20.3,0.0,289,90.4,90.4,0.3,17,LOW
17,6,1,Urban,Fog,29.7,0.32,663,39.0,11.6,25.2,95,HIGH
11,6,1,Highway,Clear,33.1,0.0,299,93.2,88.8,1.2,9,LOW
22,5,1,Highway,Rain,33.5,10.74,630,91.8,69.0,0.7,14,LOW
13,5,1,Arterial,Clear,18.9,0.0,1173,61.6,14.1,17.3,79,HIGH
1,1,0,Urban,Fog,31.3,0.08,295,42.5,29.9,4.6,44,MEDIUM
17,2,0,Arterial,Clear,23.9,0.0,1752,58.3,10.3,26.9,95,HIGH
23,3,0,Highway,Clear,38.7,0.0,711,87.9,74.2,1.4,35,LOW
1,2,0,Arterial,Clear,34.7,0.0,344,64.3,58.2,1.0,27,LOW
10,6,1,Highway,Clear,28.2,0.0,321,93.2,91.0,0.4,37,LOW
8,1,0,Highway,Clear,43.3,0.0,2073,87.7,11.2,15.7,82,HIGH
11,2,0,Arterial,Clear,22.9,0.0,779,52.0,33.7,4.6,65,MEDIUM
16,0,0,Highway,Clear,27.6,0.0,1050,92.0,63.9,6.6,61,MEDIUM
14,6,1,Highway,Clear,31.8,0.0,1239,92.4,57.2,6.4,49,MEDIUM
16,2,0,Arterial,Clear,42.2,0.0,926,55.2,27.3,24.7,90,HIGH
17,2,0,Urban,Clear,38.2,0.0,1200,37.5,8.0,24.0,86,HIGH
21,6,1,Urban,Clear,33.6,0.0,289,38.8,34.2,1.0,14,LOW
5,3,0,Arterial,Fog,21.9,0.37,379,61.8,42.6,5.7,65,MEDIUM
16,6,1,Highway,Fog,21.8,0.16,1637,102.4,29.8,23.4,93,HIGH
22,0,0,Highway,Rain,32.9,5.95,477,95.6,78.7,0.8,11,LOW
23,0,0,Highway,Rain,19.2,4.18,602,82.5,62.9,1.8,17,LOW
17,2,0,Arterial,Clear,30.2,0.0,1552,58.3,8.3,20.1,76,HIGH
7,5,1,Arterial,Storm,33.6,28.06,292,59.6,33.4,4.3,60,MEDIUM
8,3,0,Arterial,Clear,17.7,0.0,1601,62.0,8.0,26.5,87,HIGH
5,2,0,Arterial,Clear,32.5,0.0,310,56.8,55.3,0.4,17,LOW
4,6,1,Highway,Rain,34.3,4.36,693,92.9,67.6,4.4,57,MEDIUM
11,2,0,Arterial,Clear,25.5,0.0,754,57.9,42.9,9.9,46,MEDIUM
10,1,0,Highway,Clear,26.9,0.0,2405,92.9,11.9,31.1,81,HIGH
0,1,0,Arterial,Clear,15.5,0.0,480,60.3,50.9,0.3,14,LOW
10,5,1,Arterial,Clear,27.2,0.0,523,68.2,59.8,0.8,27,LOW
18,3,0,Arterial,Clear,17.3,0.0,1157,63.9,19.4,21.7,97,HIGH
8,4,0,Arterial,Clear,23.2,0.0,1267,65.3,12.5,24.6,82,HIGH
1,1,0,Arterial,Clear,25.2,0.0,298,55.8,50.5,2.2,17,LOW
11,4,0,Highway,Clear,19.9,0.0,1139,87.3,55.1,9.1,59,MEDIUM
3,0,0,Highway,Clear,19.3,0.0,559,91.6,83.6,2.0,14,LOW
3,1,0,Arterial,Clear,19.6,0.0,429,55.1,46.2,2.3,26,LOW
17,1,0,Highway,Fog,36.5,0.21,1729,95.2,21.8,17.3,82,HIGH
14,3,0,Arterial,Clear,27.5,0.0,845,60.5,36.6,5.8,61,MEDIUM
18,5,1,Arterial,Rain,36.9,0.04,1200,64.4,11.2,30.6,97,HIGH
12,4,0,Urban,Clear,25.2,0.0,621,41.4,21.3,9.7,46,MEDIUM
18,6,1,Urban,Clear,25.3,0.0,600,40.1,20.2,4.4,54,MEDIUM
16,1,0,Highway,Clear,25.0,0.0,1002,89.4,67.3,1.3,11,LOW
5,1,0,Urban,Clear,10.0,0.0,168,37.7,37.7,1.6,25,LOW
15,3,0,Arterial,Clear,31.5,0.0,749,56.7,39.2,6.5,65,MEDIUM
23,3,0,Arterial,Clear,27.3,0.0,372,63.6,58.5,0.6,35,LOW
11,5,1,Highway,Clear,28.4,0.0,385,93.3,86.6,0.8,12,LOW
18,4,0,Urban,Clear,13.4,0.0,1032,43.7,8.0,12.8,95,HIGH
4,0,0,Highway,Clear,27.8,0.0,501,87.3,80.1,0.2,25,LOW
16,6,1,Urban,Fog,24.9,0.4,552,43.4,22.6,4.7,56,MEDIUM
22,5,1,Highway,Clear,28.9,0.0,802,89.1,74.6,0.4,9,LOW
0,0,0,Arterial,Rain,27.5,1.84,263,62.3,52.1,1.4,13,LOW
23,2,0,Arterial,Rain,24.6,3.89,400,65.2,53.5,0.2,28,LOW
22,1,0,Highway,Clear,31.9,0.0,475,100.4,91.7,0.6,18,LOW
9,4,0,Highway,Fog,35.2,0.05,2190,95.4,14.0,25.8,77,HIGH
14,5,1,Arterial,Storm,25.1,24.16,654,60.8,29.0,20.1,77,HIGH
22,1,0,Highway,Clear,17.9,0.0,622,92.8,82.4,0.4,13,LOW
20,4,0,Arterial,Clear,18.3,0.0,1399,65.0,10.4,16.2,74,HIGH
20,4,0,Arterial,Clear,31.0,0.0,1800,62.8,10.4,20.0,76,HIGH
10,4,0,Urban,Clear,37.1,0.0,695,38.8,18.4,22.6,79,HIGH
12,1,0,Arterial,Clear,15.3,0.0,671,62.5,42.7,8.5,52,MEDIUM
4,5,1,Highway,Fog,20.9,0.22,664,96.5,67.0,6.1,44,MEDIUM
0,6,1,Highway,Rain,25.7,8.83,558,99.1,80.8,0.0,37,LOW
23,3,0,Highway,Clear,13.7,0.0,410,90.3,86.6,1.8,25,LOW
11,1,0,Urban,Clear,27.3,0.0,692,36.6,15.0,23.7,72,HIGH
10,4,0,Urban,Fog,30.5,0.35,1103,34.7,8.0,25.4,91,HIGH
16,5,1,Arterial,Clear,31.4,0.0,961,63.2,32.3,4.6,53,MEDIUM
3,6,1,Highway,Clear,25.2,0.0,731,82.3,71.9,2.0,31,LOW
14,2,0,Urban,Clear,25.5,0.0,537,41.0,29.7,7.7,52,MEDIUM
8,0,0,Urban,Clear,20.9,0.0,956,43.2,8.7,31.6,70,HIGH
20,4,0,Urban,Clear,15.6,0.0,722,39.5,15.2,33.9,88,HIGH
19,2,0,Urban,Clear,26.7,0.0,638,35.5,17.6,25.8,79,HIGH
18,3,0,Arterial,Clear,30.9,0.0,1467,55.0,10.3,18.1,76,HIGH
18,6,1,Highway,Clear,28.1,0.0,1656,85.4,30.7,24.5,83,HIGH
11,6,1,Arterial,Clear,35.8,0.0,533,59.5,50.2,1.2,25,LOW
4,4,0,Arterial,Clear,30.4,0.0,234,64.8,60.9,0.0,13,LOW
9,6,1,Arterial,Rain,32.6,0.45,227,60.0,49.2,2.5,34,LOW
16,2,0,Arterial,Clear,29.2,0.0,738,68.6,46.3,9.8,53,MEDIUM
4,4,0,Highway,Clear,41.0,0.0,318,95.2,91.4,0.9,15,LOW
21,1,0,Arterial,Clear,24.6,0.0,284,61.2,60.2,0.9,21,LOW
15,5,1,Arterial,Clear,32.8,0.0,717,59.7,40.7,9.3,56,MEDIUM
6,2,0,Highway,Storm,29.7,10.66,715,87.5,49.5,5.3,41,MEDIUM
8,5,1,Arterial,Clear,33.2,0.0,423,60.6,53.9,0.2,16,LOW
2,1,0,Urban,Clear,30.3,0.0,141,41.6,37.9,0.8,13,LOW
14,1,0,Urban,Rain,27.7,8.43,491,41.0,23.4,7.2,54,MEDIUM
15,5,1,Arterial,Clear,30.6,0.0,752,58.0,40.1,9.7,45,MEDIUM
17,2,0,Arterial,Clear,31.5,0.0,1103,55.9,21.6,21.9,89,HIGH
13,5,1,Highway,Clear,32.4,0.0,1793,99.3,26.3,12.2,86,HIGH
2,5,1,Arterial,Rain,38.2,5.63,453,62.5,49.0,1.6,33,LOW
11,0,0,Arterial,Clear,29.4,0.0,754,61.4,43.3,4.5,67,MEDIUM
8,2,0,Arterial,Rain,20.3,1.89,1512,62.0,8.0,27.6,79,HIGH
6,0,0,Urban,Clear,29.2,0.0,210,43.3,39.3,0.6,13,LOW
8,4,0,Arterial,Clear,24.9,0.0,1687,58.1,8.0,25.3,87,HIGH
12,6,1,Highway,Storm,24.7,33.03,1463,89.4,30.1,12.2,91,HIGH
17,5,1,Highway,Clear,25.8,0.0,1655,86.2,31.8,17.7,90,HIGH
4,4,0,Arterial,Rain,21.7,1.09,244,60.0,48.9,1.1,31,LOW
12,2,0,Arterial,Rain,11.2,1.65,712,57.3,36.2,4.0,59,MEDIUM
3,5,1,Urban,Fog,38.3,0.37,191,37.0,24.8,7.3,65,MEDIUM
1,6,1,Arterial,Clear,24.6,0.0,321,53.5,49.8,0.7,18,LOW
15,4,0,Arterial,Clear,16.0,0.0,1091,66.6,24.1,13.7,89,HIGH
8,3,0,Arterial,Rain,29.3,0.93,1542,58.7,8.0,31.1,95,HIGH
8,1,0,Arterial,Clear,32.3,0.0,1319,61.9,8.0,34.9,85,HIGH
5,5,1,Arterial,Clear,26.8,0.0,621,60.4,47.9,1.1,21,LOW
10,6,1,Arterial,Clear,19.0,0.0,339,62.0,58.7,0.4,11,LOW
21,1,0,Arterial,Clear,18.1,0.0,313,52.0,48.8,1.9,32,LOW
23,0,0,Highway,Clear,44.0,0.0,281,87.7,87.3,2.7,12,LOW
21,4,0,Urban,Clear,18.1,0.0,244,43.5,43.5,1.3,25,LOW
0,0,0,Highway,Clear,16.6,0.0,731,99.7,82.4,1.2,15,LOW
3,6,1,Highway,Clear,25.8,0.0,352,88.2,80.5,0.0,15,LOW
12,5,1,Highway,Clear,33.8,0.0,1360,88.8,45.1,9.9,53,MEDIUM
22,1,0,Highway,Rain,39.6,2.54,402,95.3,78.5,2.3,17,LOW
12,1,0,Arterial,Rain,26.5,4.57,1047,61.8,25.6,17.9,79,HIGH
12,4,0,Highway,Clear,26.4,0.0,1195,90.1,57.8,8.5,64,MEDIUM
1,5,1,Highway,Clear,19.0,0.0,554,89.7,78.4,1.3,28,LOW
8,3,0,Arterial,Clear,35.6,0.0,1666,57.7,10.0,33.6,90,HIGH
23,3,0,Arterial,Clear,27.5,0.0,437,57.6,54.9,0.3,23,LOW
7,4,0,Highway,Rain,27.7,3.61,496,90.7,75.1,0.3,8,LOW
6,5,1,Arterial,Rain,31.0,0.59,251,61.3,50.4,0.6,20,LOW
3,4,0,Arterial,Fog,30.1,0.31,273,61.5,46.0,6.7,57,MEDIUM
17,5,1,Urban,Clear,27.0,0.0,528,37.9,27.5,9.5,60,MEDIUM
2,6,1,Arterial,Clear,37.2,0.0,304,65.3,61.4,0.4,14,LOW
5,6,1,Highway,Clear,16.8,0.0,533,81.9,75.7,0.0,32,LOW
11,0,0,Arterial,Clear,29.5,0.0,734,62.1,41.7,4.3,49,MEDIUM
11,4,0,Arterial,Clear,30.9,0.0,817,57.8,34.4,6.4,67,MEDIUM
20,5,1,Highway,Clear,25.1,0.0,688,85.7,75.6,1.1,25,LOW
7,3,0,Urban,Clear,32.3,0.0,301,39.0,37.5,0.8,8,LOW
21,5,1,Arterial,Clear,32.6,0.0,399,53.6,50.9,1.2,20,LOW
21,6,1,Urban,Clear,35.8,0.0,110,41.1,40.0,2.0,9,LOW
0,5,1,Arterial,Clear,27.2,0.0,366,66.5,58.7,0.3,30,LOW
3,4,0,Arterial,Storm,26.5,10.5,607,57.4,30.0,5.1,43,MEDIUM
20,0,0,Arterial,Clear,31.8,0.0,1188,69.4,18.0,23.3,81,HIGH
10,0,0,Arterial,Clear,26.6,0.0,1574,56.6,9.5,22.9,73,HIGH
2,0,0,Arterial,Clear,17.4,0.0,301,58.3,55.6,1.4,10,LOW
12,0,0,Urban,Fog,34.0,0.28,702,44.1,15.8,21.7,73,HIGH
16,6,1,Arterial,Clear,15.2,0.0,831,55.2,30.2,4.3,47,MEDIUM
21,2,0,Urban,Rain,30.8,6.12,208,39.3,33.1,2.1,34,LOW
21,4,0,Urban,Clear,45.8,0.0,260,45.2,39.4,3.1,33,LOW
9,1,0,Urban,Rain,31.7,0.71,582,36.5,20.1,4.1,46,MEDIUM
20,4,0,Arterial,Clear,23.1,0.0,1112,62.4,17.3,21.3,90,HIGH
11,2,0,Arterial,Clear,24.8,0.0,626,62.0,47.3,1.6,37,LOW
14,0,0,Highway,Clear,30.6,0.0,998,80.4,59.7,7.7,56,MEDIUM
20,2,0,Arterial,Clear,27.9,0.0,1661,57.5,8.3,27.7,70,HIGH
9,3,0,Highway,Rain,33.3,4.87,1720,101.9,33.2,13.9,88,HIGH
13,3,0,Highway,Clear,38.2,0.0,1189,91.1,58.4,8.5,50,MEDIUM
12,6,1,Highway,Clear,37.2,0.0,1279,91.9,58.7,6.1,64,MEDIUM
4,4,0,Urban,Storm,19.9,16.31,232,40.7,23.2,5.2,42,MEDIUM
5,4,0,Urban,Clear,28.1,0.0,167,46.1,46.1,0.5,21,LOW
23,1,0,Arterial,Storm,31.4,14.82,199,56.1,38.6,7.8,66,MEDIUM
1,6,1,Arterial,Clear,38.6,0.0,327,57.3,51.6,0.0,14,LOW
21,1,0,Arterial,Fog,30.5,0.25,415,59.6,42.5,4.4,41,MEDIUM
16,3,0,Arterial,Clear,23.2,0.0,953,62.2,30.0,23.9,76,HIGH
3,0,0,Arterial,Clear,31.0,0.0,202,60.6,59.5,0.0,23,LOW
13,2,0,Arterial,Clear,40.7,0.0,916,60.7,30.7,8.8,65,MEDIUM
9,1,0,Arterial,Clear,26.2,0.0,1330,57.8,11.7,25.8,95,HIGH
2,5,1,Arterial,Clear,23.1,0.0,498,62.4,55.1,1.1,27,LOW
2,1,0,Arterial,Clear,27.8,0.0,380,52.4,45.5,1.1,16,LOW
14,0,0,Arterial,Storm,23.4,7.03,760,57.8,22.3,25.2,90,HIGH
5,0,0,Urban,Storm,33.8,7.02,255,37.5,20.0,9.4,51,MEDIUM
16,4,0,Highway,Storm,23.5,15.24,1492,84.5,25.9,18.4,83,HIGH
11,2,0,Highway,Storm,37.0,8.89,761,81.1,47.6,6.1,51,MEDIUM
21,0,0,Arterial,Rain,31.5,1.45,509,60.9,47.9,0.0,17,LOW
19,6,1,Highway,Storm,32.9,11.82,1879,92.1,8.0,28.1,74,HIGH
23,1,0,Arterial,Fog,32.8,0.42,300,61.7,48.0,0.5,21,LOW
10,1,0,Highway,Clear,34.0,0.0,1788,94.7,25.5,27.8,90,HIGH
3,3,0,Arterial,Rain,25.8,0.22,213,64.5,55.5,1.3,17,LOW
5,0,0,Highway,Fog,21.2,0.49,623,79.8,57.2,7.0,67,MEDIUM
0,5,1,Arterial,Rain,24.7,0.36,543,62.5,47.6,0.4,35,LOW
19,4,0,Arterial,Clear,34.5,0.0,1444,60.7,9.3,20.2,77,HIGH
22,2,0,Highway,Clear,15.6,0.0,618,90.9,76.6,2.6,9,LOW
15,5,1,Urban,Rain,14.0,2.51,565,39.6,20.1,4.1,61,MEDIUM
14,4,0,Highway,Fog,29.6,0.28,903,87.2,53.3,8.5,53,MEDIUM
16,1,0,Urban,Clear,33.9,0.0,392,41.6,33.8,1.2,17,LOW
7,5,1,Urban,Clear,34.9,0.0,177,37.1,35.8,2.1,27,LOW
11,4,0,Highway,Clear,21.3,0.0,916,95.5,74.8,2.2,23,LOW
21,1,0,Urban,Clear,19.7,0.0,222,38.5,38.0,1.2,12,LOW
20,1,0,Urban,Clear,23.2,0.0,956,33.9,8.0,27.1,90,HIGH
9,1,0,Urban,Clear,25.3,0.0,892,40.3,8.0,12.4,82,HIGH
14,1,0,Arterial,Storm,25.7,3.49,1132,55.3,8.0,31.2,84,HIGH
8,6,1,Highway,Clear,28.8,0.0,351,84.0,81.8,1.4,19,LOW
1,1,0,Urban,Clear,37.8,0.0,157,42.1,38.9,1.9,36,LOW
4,3,0,Highway,Fog,27.6,0.46,395,94.7,69.7,8.7,51,MEDIUM
5,5,1,Highway,Clear,34.6,0.0,441,89.5,85.0,0.8,31,LOW
6,4,0,Highway,Clear,32.6,0.0,528,79.9,72.1,0.0,22,LOW
20,3,0,Highway,Clear,23.0,0.0,1775,92.7,22.9,25.0,71,HIGH
0,6,1,Arterial,Clear,32.5,0.0,138,58.7,57.6,0.9,28,LOW
22,3,0,Arterial,Rain,32.0,2.23,305,65.5,55.4,0.8,14,LOW
6,0,0,Urban,Fog,28.0,0.07,203,45.9,30.2,4.2,56,MEDIUM
19,0,0,Highway,Clear,29.2,0.0,1442,82.5,45.7,5.2,44,MEDIUM
11,0,0,Urban,Clear,27.6,0.0,470,47.4,33.7,7.6,56,MEDIUM
15,2,0,Urban,Clear,20.4,0.0,509,35.3,28.1,2.0,30,LOW
15,0,0,Highway,Rain,44.6,4.35,1103,87.3,52.5,7.9,40,MEDIUM
10,4,0,Arterial,Rain,35.4,3.81,1129,64.1,17.6,19.8,82,HIGH
20,3,0,Urban,Clear,31.7,0.0,1107,37.8,8.0,17.6,92,HIGH
3,4,0,Arterial,Clear,25.2,0.0,177,56.7,56.7,0.7,32,LOW
12,5,1,Urban,Fog,27.4,0.48,610,34.9,14.2,12.2,70,HIGH
6,0,0,Arterial,Fog,19.8,0.22,307,54.7,38.8,5.3,56,MEDIUM
3,6,1,Arterial,Clear,31.3,0.0,474,56.7,51.2,0.8,36,LOW
14,2,0,Highway,Rain,30.4,1.09,1294,93.9,42.0,19.2,81,HIGH
18,5,1,Arterial,Clear,26.6,0.0,922,66.7,35.8,9.3,66,MEDIUM
8,6,1,Highway,Clear,28.2,0.0,498,86.2,77.1,2.6,9,LOW
10,2,0,Arterial,Clear,25.9,0.0,1256,58.4,11.6,13.3,86,HIGH
7,5,1,Urban,Clear,24.5,0.0,176,37.0,37.0,2.4,32,LOW
0,3,0,Arterial,Clear,22.6,0.0,426,53.9,47.2,2.0,25,LOW
22,4,0,Urban,Clear,20.9,0.0,323,35.4,32.1,1.8,26,LOW
23,1,0,Arterial,Clear,23.1,0.0,422,54.9,48.0,0.8,17,LOW
7,4,0,Arterial,Clear,23.6,0.0,336,59.8,59.6,0.2,13,LOW
12,0,0,Arterial,Clear,35.6,0.0,770,57.5,39.1,8.3,51,MEDIUM
21,6,1,Urban,Clear,23.7,0.0,295,38.9,34.1,2.9,11,LOW
3,1,0,Arterial,Rain,13.8,0.22,465,61.6,42.3,7.0,65,MEDIUM
7,2,0,Highway,Clear,30.0,0.0,830,89.5,71.5,1.4,13,LOW
2,3,0,Urban,Clear,32.4,0.0,185,36.5,33.1,2.3,33,LOW
8,3,0,Arterial,Storm,34.8,15.21,1390,63.8,8.0,17.3,70,HIGH
1,2,0,Highway,Clear,29.2,0.0,536,79.9,75.4,1.5,20,LOW
1,0,0,Arterial,Clear,20.0,0.0,320,56.9,54.9,1.5,20,LOW
12,2,0,Urban,Clear,22.4,0.0,665,45.2,22.0,21.6,90,HIGH
14,5,1,Arterial,Fog,32.2,0.31,1062,61.4,22.5,31.4,91,HIGH
22,6,1,Arterial,Rain,38.2,12.59,417,52.8,40.1,0.0,20,LOW
11,6,1,Urban,Clear,20.0,0.0,283,35.3,28.5,0.1,14,LOW
3,0,0,Urban,Clear,29.5,0.0,316,39.0,34.0,2.4,18,LOW
7,1,0,Arterial,Clear,24.1,0.0,215,58.1,57.1,1.0,16,LOW
8,2,0,Highway,Storm,22.2,14.45,2529,93.5,8.0,14.3,76,HIGH
22,0,0,Highway,Clear,28.2,0.0,813,95.7,80.9,0.0,29,LOW
4,6,1,Arterial,Rain,27.1,9.47,196,57.9,47.5,2.2,35,LOW
23,1,0,Urban,Clear,13.8,0.0,170,39.7,35.6,1.7,13,LOW
19,2,0,Highway,Clear,29.4,0.0,1842,84.8,18.6,21.5,81,HIGH
17,3,0,Arterial,Storm,30.3,49.77,1530,59.4,8.0,28.7,79,HIGH
10,2,0,Highway,Rain,33.2,1.96,2400,84.9,10.7,32.0,85,HIGH
14,4,0,Arterial,Clear,24.0,0.0,832,60.1,39.0,4.0,44,MEDIUM
21,2,0,Highway,Clear,16.9,0.0,460,86.9,82.1,1.2,33,LOW
8,4,0,Highway,Clear,25.1,0.0,2467,93.1,17.8,22.5,95,HIGH
16,1,0,Highway,Clear,32.9,0.0,1299,95.2,56.3,5.9,52,MEDIUM
11,2,0,Arterial,Clear,27.5,0.0,865,65.2,39.5,6.1,64,MEDIUM
6,1,0,Arterial,Clear,33.9,0.0,272,60.1,56.6,0.7,10,LOW
9,1,0,Highway,Clear,18.9,0.0,2105,93.0,11.8,32.7,81,HIGH
9,6,1,Urban,Clear,33.7,0.0,199,38.5,36.8,0.5,33,LOW
12,0,0,Highway,Clear,29.7,0.0,836,85.8,64.6,0.6,24,LOW
18,1,0,Arterial,Clear,25.5,0.0,1494,54.5,10.6,12.9,82,HIGH
10,1,0,Urban,Clear,35.5,0.0,756,41.1,12.7,34.7,78,HIGH
12,6,1,Arterial,Rain,29.7,0.57,1122,51.8,16.1,19.5,94,HIGH
20,6,1,Arterial,Clear,21.1,0.0,332,63.5,57.7,1.7,31,LOW
7,2,0,Highway,Clear,34.9,0.0,461,88.2,83.2,0.5,24,LOW
7,6,1,Urban,Clear,26.3,0.0,310,39.1,33.3,1.5,27,LOW
3,2,0,Arterial,Clear,28.3,0.0,301,62.7,58.6,0.6,20,LOW
14,3,0,Urban,Clear,22.0,0.0,603,34.5,15.9,32.3,71,HIGH
10,6,1,Highway,Clear,27.6,0.0,535,88.9,83.1,0.8,17,LOW
10,0,0,Arterial,Clear,21.4,0.0,1491,66.3,12.2,22.6,89,HIGH
0,1,0,Urban,Fog,26.8,0.1,186,39.1,27.8,4.7,57,MEDIUM
16,0,0,Urban,Storm,28.2,5.83,686,36.0,10.0,32.7,85,HIGH
14,4,0,Highway,Clear,32.2,0.0,1502,88.3,35.5,33.0,83,HIGH
19,6,1,Urban,Clear,18.2,0.0,429,43.9,33.5,1.7,24,LOW
5,1,0,Highway,Clear,35.0,0.0,533,86.2,79.3,0.7,22,LOW
23,0,0,Arterial,Clear,35.2,0.0,274,53.8,53.8,0.5,33,LOW
21,6,1,Highway,Clear,26.7,0.0,783,87.7,69.2,0.6,18,LOW
14,6,1,Arterial,Clear,28.9,0.0,1260,54.4,9.1,30.2,81,HIGH
8,3,0,Arterial,Clear,30.1,0.0,1176,51.0,16.2,30.0,96,HIGH
13,3,0,Highway,Fog,28.6,0.25,921,93.8,56.5,5.4,61,MEDIUM
17,1,0,Highway,Clear,32.2,0.0,2217,95.2,13.4,18.9,96,HIGH
16,4,0,Highway,Clear,25.3,0.0,948,92.1,67.7,9.9,42,MEDIUM
17,3,0,Urban,Rain,22.7,0.46,746,42.7,11.6,22.0,81,HIGH
4,3,0,Urban,Clear,31.0,0.0,243,38.8,37.9,1.8,12,LOW
19,4,0,Urban,Clear,17.3,0.0,867,44.1,8.0,24.7,79,HIGH
19,0,0,Highway,Clear,32.3,0.0,2087,86.9,13.2,31.9,71,HIGH
8,3,0,Arterial,Clear,33.1,0.0,1003,60.0,26.2,20.9,89,HIGH
10,2,0,Arterial,Clear,22.5,0.0,1458,56.6,11.5,29.2,91,HIGH
23,5,1,Urban,Clear,38.0,0.0,209,35.8,32.1,0.7,29,LOW
21,5,1,Arterial,Clear,25.5,0.0,175,57.5,55.4,0.6,10,LOW
0,3,0,Urban,Clear,24.9,0.0,208,46.7,44.5,0.0,8,LOW
17,0,0,Urban,Storm,23.4,5.59,930,44.6,8.0,24.2,92,HIGH
5,6,1,Urban,Clear,31.1,0.0,303,42.3,39.1,0.8,12,LOW
1,0,0,Highway,Clear,25.3,0.0,767,87.9,73.3,2.4,15,LOW
14,1,0,Highway,Storm,17.9,5.68,1189,87.7,39.5,22.9,74,HIGH
20,2,0,Arterial,Clear,30.4,0.0,1538,66.9,9.1,12.2,86,HIGH
13,0,0,Arterial,Clear,26.0,0.0,979,60.1,31.2,9.0,55,MEDIUM
4,4,0,Highway,Clear,35.6,0.0,530,94.0,87.9,1.7,15,LOW
5,2,0,Highway,Clear,30.2,0.0,430,87.2,80.2,1.1,27,LOW
5,5,1,Urban,Clear,29.9,0.0,219,39.1,38.3,1.4,30,LOW
21,2,0,Arterial,Clear,35.1,0.0,360,63.1,57.8,2.2,22,LOW
17,4,0,Highway,Storm,29.1,2.04,1597,86.3,20.6,25.4,77,HIGH
13,3,0,Arterial,Clear,33.5,0.0,785,61.4,41.4,9.7,51,MEDIUM
9,4,0,Arterial,Clear,23.5,0.0,1632,57.2,8.0,15.0,97,HIGH
13,4,0,Urban,Clear,39.5,0.0,444,41.5,33.4,0.8,12,LOW
12,3,0,Highway,Clear,29.9,0.0,991,86.3,63.5,7.2,47,MEDIUM
2,3,0,Arterial,Clear,19.6,0.0,347,67.0,57.4,3.0,31,LOW
5,3,0,Arterial,Clear,29.0,0.0,363,59.7,53.4,1.4,37,LOW
7,3,0,Highway,Clear,29.3,0.0,545,93.9,82.2,1.4,33,LOW
11,3,0,Urban,Clear,28.9,0.0,394,39.9,29.8,4.8,41,MEDIUM
12,4,0,Arterial,Storm,11.9,6.37,583,58.0,29.8,4.6,52,MEDIUM
10,1,0,Highway,Rain,24.2,0.43,1549,92.9,34.9,27.8,74,HIGH
11,1,0,Arterial,Clear,18.3,0.0,772,64.6,41.1,4.1,49,MEDIUM
0,0,0,Highway,Rain,18.4,1.97,570,82.8,69.3,0.8,35,LOW
16,1,0,Highway,Clear,29.2,0.0,1396,90.7,46.7,7.3,55,MEDIUM
15,5,1,Urban,Rain,24.1,0.77,545,39.7,22.4,4.4,53,MEDIUM
10,1,0,Highway,Clear,25.5,0.0,1844,91.0,20.7,30.1,95,HIGH
12,4,0,Urban,Clear,21.7,0.0,467,44.1,30.9,4.0,44,MEDIUM
17,3,0,Arterial,Rain,37.7,6.04,1336,63.3,11.3,15.3,74,HIGH
10,3,0,Highway,Clear,28.3,0.0,1648,95.8,33.5,22.3,87,HIGH
11,6,1,Highway,Rain,17.3,0.29,314,91.3,79.5,1.4,26,LOW
5,6,1,Arterial,Clear,32.5,0.0,186,58.3,58.3,2.5,23,LOW
8,6,1,Arterial,Clear,25.6,0.0,287,50.3,47.6,0.5,11,LOW
15,4,0,Highway,Clear,36.4,0.0,1158,97.1,65.4,9.8,58,MEDIUM
3,5,1,Highway,Fog,27.9,0.43,969,77.5,45.6,5.7,49,MEDIUM
2,1,0,Urban,Clear,23.1,0.0,259,44.8,40.7,1.0,24,LOW
15,4,0,Highway,Clear,24.2,0.0,1050,93.7,67.3,8.0,43,MEDIUM
23,0,0,Urban,Rain,25.2,3.04,173,45.9,40.2,0.7,31,LOW
11,3,0,Arterial,Fog,31.4,0.23,978,61.1,23.5,13.4,77,HIGH
10,6,1,Arterial,Rain,22.5,2.79,350,62.0,50.6,0.0,19,LOW
4,2,0,Highway,Clear,36.7,0.0,336,89.1,86.1,0.7,32,LOW
17,0,0,Highway,Fog,30.6,0.19,1477,90.4,35.6,24.6,86,HIGH
18,6,1,Urban,Rain,29.6,0.48,727,37.8,11.7,24.2,78,HIGH
22,5,1,Highway,Rain,28.5,5.08,751,89.4,65.6,6.6,46,MEDIUM
22,0,0,Highway,Clear,27.9,0.0,757,85.8,72.5,0.9,32,LOW
5,4,0,Arterial,Clear,19.1,0.0,432,60.2,53.6,1.6,31,LOW
21,1,0,Highway,Clear,30.0,0.0,511,89.9,86.1,0.5,16,LOW
17,3,0,Arterial,Clear,41.5,0.0,1800,59.9,9.4,34.8,89,HIGH
5,5,1,Urban,Clear,32.8,0.0,131,39.7,35.5,1.9,9,LOW
3,5,1,Arterial,Clear,31.1,0.0,419,57.5,47.7,0.7,8,LOW
11,2,0,Urban,Clear,17.3,0.0,365,41.7,31.4,1.0,15,LOW
18,0,0,Urban,Clear,35.6,0.0,829,40.9,8.0,14.9,79,HIGH
1,2,0,Highway,Clear,33.6,0.0,248,91.4,83.4,0.0,12,LOW
16,1,0,Arterial,Clear,36.2,0.0,1016,56.2,23.6,18.5,75,HIGH
10,6,1,Arterial,Rain,21.7,9.2,273,62.7,48.8,0.4,30,LOW
10,1,0,Arterial,Clear,25.2,0.0,1721,56.9,13.2,32.0,96,HIGH
20,6,1,Highway,Clear,17.6,0.0,684,87.4,73.4,1.1,33,LOW
15,2,0,Urban,Clear,17.0,0.0,440,40.3,30.8,0.4,32,LOW
1,3,0,Arterial,Clear,24.0,0.0,387,64.6,59.1,1.8,11,LOW
1,1,0,Arterial,Rain,31.3,10.49,400,55.2,41.8,0.7,30,LOW
22,2,0,Arterial,Clear,25.1,0.0,261,56.0,55.1,0.4,23,LOW
7,0,0,Arterial,Clear,23.3,0.0,298,52.1,50.8,2.4,28,LOW
12,2,0,Urban,Clear,30.4,0.0,618,41.5,24.3,8.4,48,MEDIUM
9,2,0,Arterial,Rain,10.0,3.89,1196,58.7,16.5,30.3,91,HIGH
7,4,0,Highway,Clear,24.2,0.0,334,92.1,91.2,1.6,11,LOW
3,1,0,Highway,Clear,30.4,0.0,277,91.7,87.4,1.0,31,LOW
14,3,0,Urban,Clear,25.2,0.0,545,42.4,26.5,8.7,64,MEDIUM
0,3,0,Arterial,Clear,37.1,0.0,390,60.0,51.1,1.3,8,LOW
10,4,0,Urban,Clear,23.4,0.0,1200,37.9,8.0,31.1,90,HIGH
6,6,1,Highway,Clear,23.9,0.0,437,91.2,87.7,1.0,24,LOW
16,5,1,Highway,Clear,21.1,0.0,1506,92.1,41.5,27.5,93,HIGH
19,6,1,Highway,Clear,22.7,0.0,1725,88.3,25.3,32.8,97,HIGH
23,3,0,Arterial,Clear,29.9,0.0,324,60.4,57.2,0.7,22,LOW
17,2,0,Arterial,Clear,33.7,0.0,1394,54.6,10.1,14.6,83,HIGH
21,4,0,Highway,Clear,43.1,0.0,754,83.6,71.9,1.1,12,LOW
21,0,0,Arterial,Clear,32.0,0.0,303,53.4,48.5,2.2,10,LOW
11,1,0,Arterial,Clear,19.8,0.0,1057,61.2,24.3,30.9,96,HIGH
8,1,0,Highway,Rain,36.7,1.85,1585,93.7,34.6,28.6,80,HIGH
4,1,0,Arterial,Clear,31.4,0.0,334,54.3,53.1,0.0,19,LOW
9,2,0,Arterial,Clear,28.2,0.0,1097,60.6,22.6,24.9,79,HIGH
3,0,0,Highway,Clear,35.5,0.0,460,92.2,86.1,0.6,34,LOW
4,4,0,Highway,Clear,44.6,0.0,624,88.0,77.0,1.1,29,LOW
9,4,0,Highway,Clear,26.7,0.0,2450,98.0,18.5,17.7,75,HIGH
10,1,0,Arterial,Clear,22.2,0.0,1541,54.2,8.0,30.2,95,HIGH
20,0,0,Urban,Clear,37.3,0.0,1200,38.9,8.0,15.9,83,HIGH
23,0,0,Arterial,Fog,46.6,0.24,346,48.4,38.2,1.1,35,LOW
9,0,0,Highway,Clear,29.0,0.0,2116,91.7,12.8,13.9,82,HIGH
7,3,0,Urban,Clear,28.2,0.0,145,37.8,35.5,2.3,14,LOW
1,3,0,Urban,Fog,29.2,0.33,213,34.1,21.3,9.0,40,MEDIUM
22,1,0,Arterial,Clear,31.1,0.0,329,62.4,56.4,0.2,23,LOW
7,0,0,Urban,Rain,18.1,6.06,168,39.5,32.1,0.0,12,LOW
15,5,1,Arterial,Clear,30.1,0.0,885,58.8,34.4,4.7,63,MEDIUM
21,0,0,Arterial,Clear,29.9,0.0,351,64.5,57.2,0.3,29,LOW
4,4,0,Arterial,Clear,29.5,0.0,379,56.9,52.3,1.1,31,LOW
2,4,0,Arterial,Fog,29.2,0.19,522,62.6,40.1,8.6,59,MEDIUM
11,1,0,Highway,Fog,28.7,0.46,1453,93.9,38.3,24.3,95,HIGH
12,5,1,Urban,Clear,13.3,0.0,634,38.3,24.5,4.4,61,MEDIUM
12,0,0,Urban,Clear,23.0,0.0,729,40.0,11.7,22.5,85,HIGH
9,6,1,Arterial,Clear,34.0,0.0,452,66.7,59.0,0.9,20,LOW
3,5,1,Highway,Clear,35.6,0.0,662,85.0,72.3,0.0,23,LOW
8,1,0,Highway,Rain,25.0,1.37,1574,92.8,30.4,34.0,77,HIGH
21,4,0,Highway,Clear,21.3,0.0,386,90.3,83.1,2.0,32,LOW
23,6,1,Highway,Clear,33.0,0.0,739,96.4,79.9,1.2,30,LOW
22,4,0,Arterial,Fog,29.9,0.27,367,59.9,42.6,9.7,63,MEDIUM
1,3,0,Urban,Fog,27.1,0.48,231,42.1,32.2,0.0,8,LOW
18,1,0,Highway,Clear,34.0,0.0,2391,82.0,15.8,25.1,75,HIGH
0,1,0,Highway,Clear,19.7,0.0,343,79.3,75.8,2.0,32,LOW
6,0,0,Arterial,Storm,36.1,29.84,189,55.8,33.9,6.6,51,MEDIUM
16,0,0,Highway,Clear,17.5,0.0,1065,87.8,63.7,5.2,63,MEDIUM
2,3,0,Urban,Clear,22.2,0.0,384,38.9,30.1,1.4,26,LOW
19,6,1,Highway,Clear,20.7,0.0,1219,95.5,61.4,7.8,45,MEDIUM
19,2,0,Highway,Fog,23.9,0.35,1873,88.0,14.5,33.4,90,HIGH
20,5,1,Highway,Clear,30.1,0.0,869,90.1,72.9,1.0,37,LOW
2,2,0,Highway,Clear,32.7,0.0,372,90.7,88.4,1.0,37,LOW
2,2,0,Arterial,Clear,27.4,0.0,481,57.5,48.0,2.3,32,LOW
16,1,0,Highway,Fog,19.1,0.16,1578,89.9,28.9,14.4,79,HIGH
6,5,1,Arterial,Rain,14.0,0.87,290,64.2,48.4,1.3,31,LOW
13,1,0,Arterial,Rain,33.9,0.29,1005,61.2,25.2,19.6,79,HIGH
16,5,1,Highway,Clear,33.1,0.0,1306,93.0,55.9,6.7,63,MEDIUM
17,4,0,Highway,Fog,35.5,0.35,1520,91.7,32.6,16.2,73,HIGH
12,1,0,Arterial,Rain,27.1,2.45,689,66.6,44.6,6.8,59,MEDIUM
19,1,0,Arterial,Rain,32.7,2.97,1451,55.8,8.6,26.4,76,HIGH
19,1,0,Urban,Storm,23.5,8.39,910,47.5,8.0,20.2,80,HIGH
20,6,1,Highway,Clear,31.4,0.0,610,95.0,87.3,2.1,27,LOW
17,3,0,Highway,Clear,24.6,0.0,2451,95.9,16.3,14.1,95,HIGH
3,1,0,Highway,Fog,22.3,0.24,286,96.5,68.1,6.8,52,MEDIUM
0,0,0,Arterial,Rain,29.6,2.96,478,64.1,46.7,9.1,52,MEDIUM
17,0,0,Arterial,Clear,29.3,0.0,1505,54.8,8.2,30.7,96,HIGH
0,5,1,Urban,Clear,34.4,0.0,209,36.6,34.7,0.0,34,LOW
12,4,0,Arterial,Clear,19.0,0.0,1084,62.8,24.2,24.7,97,HIGH
19,3,0,Highway,Clear,34.5,0.0,2700,92.9,12.2,16.7,87,HIGH
19,6,1,Arterial,Clear,28.9,0.0,961,63.5,32.6,5.1,49,MEDIUM
22,5,1,Urban,Fog,35.5,0.46,156,40.1,26.9,6.4,60,MEDIUM
9,0,0,Highway,Clear,35.4,0.0,2140,83.4,12.6,25.2,73,HIGH
10,3,0,Arterial,Clear,11.0,0.0,972,59.6,33.2,5.7,59,MEDIUM
8,3,0,Urban,Clear,35.3,0.0,1161,42.2,8.0,21.0,70,HIGH
8,4,0,Arterial,Clear,35.7,0.0,1240,59.0,11.9,14.0,74,HIGH
4,3,0,Arterial,Clear,19.2,0.0,180,60.0,59.2,0.4,13,LOW
0,1,0,Highway,Clear,17.1,0.0,366,90.2,86.5,1.3,26,LOW
16,3,0,Arterial,Clear,33.4,0.0,842,57.9,36.3,7.7,48,MEDIUM
21,4,0,Highway,Clear,28.8,0.0,722,85.9,74.4,0.4,14,LOW
1,5,1,Arterial,Clear,23.5,0.0,515,68.4,58.5,1.7,13,LOW
23,4,0,Highway,Clear,38.1,0.0,604,97.8,88.2,2.1,30,LOW
12,6,1,Urban,Clear,30.1,0.0,573,43.2,26.3,9.2,44,MEDIUM
8,4,0,Urban,Clear,13.4,0.0,799,41.2,8.0,30.8,84,HIGH
3,0,0,Arterial,Fog,20.9,0.01,242,56.0,41.2,7.3,66,MEDIUM
4,1,0,Highway,Clear,35.3,0.0,343,94.4,92.5,0.9,18,LOW
10,0,0,Highway,Rain,28.3,5.66,1600,95.6,33.5,24.7,74,HIGH
23,5,1,Urban,Clear,23.0,0.0,375,39.0,31.1,1.3,27,LOW
18,2,0,Arterial,Rain,31.2,1.73,1364,55.7,8.9,20.8,82,HIGH
20,5,1,Arterial,Clear,23.7,0.0,554,61.7,48.9,0.2,37,LOW
2,1,0,Highway,Clear,19.3,0.0,379,95.3,92.9,0.0,24,LOW
11,3,0,Arterial,Clear,35.1,0.0,837,57.4,35.0,4.7,57,MEDIUM
18,4,0,Arterial,Clear,36.2,0.0,1481,62.1,8.6,17.1,78,HIGH
18,2,0,Arterial,Clear,31.4,0.0,1800,56.4,9.7,16.7,96,HIGH
12,1,0,Arterial,Clear,17.3,0.0,1072,55.5,22.9,29.1,88,HIGH
6,0,0,Urban,Fog,41.0,0.37,167,40.6,27.7,6.5,59,MEDIUM
14,4,0,Highway,Clear,40.7,0.0,1264,85.9,53.1,7.8,62,MEDIUM
22,5,1,Highway,Clear,36.9,0.0,324,92.2,87.1,0.0,21,LOW
6,0,0,Arterial,Clear,30.1,0.0,391,53.5,50.3,1.1,16,LOW
7,1,0,Highway,Fog,28.6,0.47,607,85.7,57.3,4.3,59,MEDIUM
4,1,0,Urban,Clear,31.1,0.0,182,43.1,41.8,2.2,30,LOW
20,5,1,Arterial,Clear,20.0,0.0,381,62.8,53.6,0.5,31,LOW
13,2,0,Urban,Clear,24.2,0.0,436,41.3,33.2,2.5,26,LOW
3,5,1,Arterial,Clear,23.9,0.0,172,58.2,55.6,2.3,28,LOW
22,3,0,Highway,Rain,32.3,1.28,614,90.1,73.0,1.7,26,LOW
9,0,0,Highway,Rain,29.7,0.33,2285,88.9,12.9,29.7,75,HIGH
19,2,0,Urban,Clear,21.3,0.0,964,47.0,8.0,24.7,97,HIGH
14,4,0,Highway,Clear,16.9,0.0,1586,91.6,37.6,17.0,79,HIGH
17,6,1,Arterial,Clear,30.5,0.0,864,56.9,33.3,7.2,53,MEDIUM
19,3,0,Urban,Clear,20.6,0.0,569,39.8,24.6,9.0,44,MEDIUM
12,2,0,Highway,Clear,19.2,0.0,992,81.6,64.2,1.7,31,LOW
7,6,1,Highway,Clear,42.7,0.0,482,80.5,69.9,1.6,9,LOW
8,6,1,Arterial,Clear,44.2,0.0,444,65.9,58.9,1.7,12,LOW
15,0,0,Urban,Rain,24.9,0.93,570,40.8,21.8,4.1,49,MEDIUM
18,1,0,Highway,Clear,15.2,0.0,2020,87.7,12.1,16.7,83,HIGH
15,4,0,Urban,Storm,36.5,4.51,623,39.9,13.3,17.9,88,HIGH
6,5,1,Arterial,Rain,30.4,4.74,441,59.6,43.5,5.0,44,MEDIUM
13,0,0,Urban,Rain,33.4,0.22,723,40.2,12.0,19.9,74,HIGH
13,3,0,Highway,Clear,23.6,0.0,1209,95.7,60.8,7.3,43,MEDIUM
3,6,1,Highway,Fog,20.7,0.03,412,92.7,68.3,7.7,43,MEDIUM
14,3,0,Urban,Rain,26.3,4.14,455,38.8,27.2,6.9,49,MEDIUM
2,6,1,Urban,Clear,29.2,0.0,147,34.8,31.9,1.2,17,LOW
4,1,0,Arterial,Clear,22.9,0.0,443,56.0,48.6,0.8,26,LOW
0,1,0,Arterial,Clear,37.1,0.0,368,63.0,59.1,2.0,29,LOW
2,4,0,Urban,Storm,15.8,10.14,192,44.7,27.2,8.1,56,MEDIUM
14,5,1,Highway,Rain,30.9,1.89,1280,85.6,44.0,9.9,63,MEDIUM
23,4,0,Arterial,Fog,28.9,0.29,280,55.9,39.8,4.2,53,MEDIUM
7,1,0,Urban,Rain,36.5,4.65,219,38.7,30.9,1.4,26,LOW
3,1,0,Arterial,Clear,21.3,0.0,146,67.1,67.1,0.7,27,LOW
1,3,0,Highway,Clear,32.9,0.0,730,90.7,79.3,1.0,34,LOW
23,1,0,Urban,Clear,31.3,0.0,300,37.7,33.9,0.2,31,LOW
23,2,0,Highway,Clear,29.7,0.0,721,88.2,77.0,0.1,29,LOW
9,6,1,Highway,Clear,21.8,0.0,724,87.4,74.5,1.3,20,LOW
3,0,0,Urban,Fog,22.6,0.05,240,42.1,29.8,9.3,52,MEDIUM
2,1,0,Arterial,Storm,25.9,10.06,391,67.8,40.0,9.5,51,MEDIUM
1,4,0,Urban,Clear,24.5,0.0,162,40.4,35.8,0.1,12,LOW
16,5,1,Urban,Clear,36.8,0.0,765,43.3,10.2,26.0,80,HIGH
22,6,1,Highway,Clear,28.9,0.0,516,83.3,75.9,0.0,15,LOW
20,6,1,Highway,Clear,33.6,0.0,658,101.7,92.2,2.0,36,LOW
23,5,1,Highway,Clear,17.8,0.0,421,83.3,78.3,0.2,10,LOW
19,5,1,Highway,Clear,15.1,0.0,1090,96.1,68.8,8.3,42,MEDIUM
22,6,1,Arterial,Fog,26.8,0.41,514,61.4,40.4,7.3,63,MEDIUM
12,2,0,Arterial,Rain,19.1,1.58,1033,55.0,17.8,30.4,97,HIGH
4,4,0,Arterial,Rain,28.3,5.04,321,63.3,49.1,0.1,11,LOW
20,2,0,Highway,Clear,22.1,0.0,2198,89.9,13.8,29.5,73,HIGH
8,1,0,Arterial,Clear,30.1,0.0,1298,56.4,8.0,18.1,86,HIGH
21,0,0,Arterial,Clear,22.5,0.0,432,60.0,54.0,1.1,28,LOW
5,5,1,Arterial,Rain,31.9,6.53,245,53.4,44.5,0.3,37,LOW
4,4,0,Highway,Fog,21.8,0.41,281,87.6,65.8,1.3,10,LOW
9,5,1,Arterial,Clear,14.9,0.0,404,56.1,48.2,0.9,13,LOW
7,2,0,Highway,Rain,34.0,3.68,407,89.1,76.3,1.9,23,LOW
6,3,0,Arterial,Clear,22.6,0.0,330,53.1,50.1,1.3,9,LOW
6,1,0,Arterial,Clear,37.6,0.0,347,52.8,51.1,0.9,31,LOW
5,0,0,Highway,Rain,23.5,4.42,351,85.8,72.6,2.9,30,LOW
20,1,0,Arterial,Rain,22.2,5.42,1608,59.8,9.7,19.1,96,HIGH
19,3,0,Highway,Clear,26.0,0.0,2608,85.1,14.7,33.5,87,HIGH
2,0,0,Highway,Clear,24.1,0.0,470,92.3,86.7,0.4,31,LOW
18,3,0,Highway,Clear,28.9,0.0,1798,93.5,20.0,29.1,95,HIGH
21,1,0,Urban,Clear,30.8,0.0,233,37.5,32.9,1.1,22,LOW
14,2,0,Arterial,Fog,31.9,0.37,609,65.6,40.6,6.2,56,MEDIUM
3,6,1,Urban,Clear,27.4,0.0,136,39.1,39.1,1.5,31,LOW
11,1,0,Arterial,Clear,17.5,0.0,783,67.3,43.5,5.1,59,MEDIUM
5,1,0,Arterial,Clear,40.1,0.0,443,59.0,50.3,1.0,12,LOW
18,1,0,Arterial,Fog,25.4,0.23,1533,55.5,8.0,27.3,92,HIGH
3,4,0,Highway,Rain,25.0,0.61,325,96.1,82.2,2.1,31,LOW
14,3,0,Highway,Rain,27.4,1.3,1563,84.8,30.6,22.7,94,HIGH
8,3,0,Highway,Clear,26.2,0.0,1404,95.7,50.2,7.3,49,MEDIUM
4,5,1,Arterial,Fog,15.8,0.1,277,60.5,41.7,7.8,48,MEDIUM
12,3,0,Highway,Clear,32.0,0.0,1221,87.2,55.8,6.6,57,MEDIUM
22,5,1,Highway,Clear,22.3,0.0,308,86.2,78.8,2.6,27,LOW
17,4,0,Highway,Fog,25.7,0.18,2700,89.6,9.3,17.3,84,HIGH
4,2,0,Arterial,Clear,40.3,0.0,371,62.7,56.4,1.1,12,LOW
15,5,1,Arterial,Clear,34.6,0.0,838,59.8,35.1,7.4,52,MEDIUM
18,1,0,Urban,Clear,39.3,0.0,946,44.4,8.4,29.3,81,HIGH
13,2,0,Highway,Clear,23.3,0.0,980,84.1,64.9,0.2,12,LOW
15,6,1,Highway,Clear,33.1,0.0,1020,89.5,66.4,5.2,43,MEDIUM
14,4,0,Arterial,Fog,30.8,0.24,662,64.4,38.1,4.7,54,MEDIUM
21,3,0,Urban,Clear,27.6,0.0,243,36.4,34.6,1.7,30,LOW
3,5,1,Highway,Clear,22.7,0.0,393,95.2,91.0,2.0,10,LOW
6,1,0,Arterial,Rain,35.6,11.18,150,60.1,50.7,1.5,24,LOW
15,0,0,Arterial,Storm,24.4,34.06,828,60.4,21.0,19.6,97,HIGH
23,6,1,Highway,Clear,29.0,0.0,310,88.3,88.3,1.3,36,LOW
21,0,0,Highway,Clear,34.4,0.0,903,84.0,68.5,0.0,33,LOW
20,2,0,Highway,Clear,21.2,0.0,2291,89.6,9.9,34.6,82,HIGH
21,3,0,Urban,Clear,20.4,0.0,109,38.3,38.3,2.0,35,LOW
20,0,0,Arterial,Clear,45.6,0.0,1510,66.1,8.0,12.3,73,HIGH
7,2,0,Arterial,Clear,22.0,0.0,166,62.0,61.4,0.0,37,LOW
16,4,0,Arterial,Clear,39.3,0.0,917,60.1,31.2,7.8,53,MEDIUM
15,2,0,Arterial,Clear,27.6,0.0,1048,65.3,27.9,14.8,80,HIGH
22,6,1,Arterial,Clear,25.0,0.0,434,59.8,53.9,0.1,13,LOW
9,2,0,Highway,Clear,25.7,0.0,2329,93.5,14.5,21.6,84,HIGH
9,6,1,Highway,Clear,27.6,0.0,419,95.8,91.7,0.0,9,LOW
1,2,0,Highway,Clear,37.4,0.0,558,88.6,80.3,1.1,30,LOW
8,1,0,Arterial,Clear,33.3,0.0,1033,61.7,26.6,30.9,89,HIGH
16,2,0,Highway,Clear,26.5,0.0,949,87.8,72.0,1.1,9,LOW
10,5,1,Arterial,Clear,14.9,0.0,484,64.6,56.6,0.9,26,LOW
9,2,0,Highway,Rain,28.1,5.14,2445,89.9,10.6,24.1,76,HIGH
21,1,0,Urban,Clear,28.9,0.0,153,44.1,40.9,0.0,34,LOW
16,1,0,Highway,Clear,36.8,0.0,1306,91.0,53.4,8.7,46,MEDIUM
3,4,0,Highway,Clear,17.7,0.0,502,102.7,95.0,1.3,25,LOW
15,6,1,Urban,Clear,24.5,0.0,707,37.9,9.7,13.5,83,HIGH
19,3,0,Arterial,Rain,24.3,13.72,1076,63.4,21.1,26.9,86,HIGH
14,0,0,Urban,Clear,27.6,0.0,683,39.9,18.2,33.2,80,HIGH
20,0,0,Highway,Clear,28.6,0.0,1923,88.9,17.1,21.6,81,HIGH
4,2,0,Highway,Clear,31.1,0.0,632,80.5,71.6,0.9,19,LOW
5,4,0,Arterial,Storm,14.7,64.23,282,60.3,33.9,4.9,61,MEDIUM
16,2,0,Urban,Rain,29.2,7.58,638,37.1,15.9,27.6,96,HIGH
0,0,0,Highway,Clear,29.7,0.0,533,88.5,84.1,1.5,9,LOW
18,6,1,Urban,Clear,28.5,0.0,628,37.2,17.8,23.9,90,HIGH
3,6,1,Arterial,Storm,26.8,2.83,180,56.8,36.9,9.6,60,MEDIUM
16,6,1,Urban,Storm,10.0,7.55,620,36.8,15.5,23.2,84,HIGH
8,1,0,Arterial,Clear,32.0,0.0,1672,55.8,9.8,17.1,97,HIGH
23,3,0,Highway,Clear,21.2,0.0,407,82.0,75.3,2.4,31,LOW
1,4,0,Urban,Clear,32.3,0.0,190,41.1,34.2,0.4,18,LOW
7,1,0,Urban,Clear,36.8,0.0,254,40.1,37.7,0.8,14,LOW
14,3,0,Arterial,Clear,16.3,0.0,830,62.8,39.2,4.1,55,MEDIUM
6,4,0,Highway,Clear,32.1,0.0,642,88.0,77.8,1.3,28,LOW
5,4,0,Highway,Fog,19.4,0.27,351,86.7,68.4,1.2,32,LOW
0,0,0,Arterial,Clear,27.7,0.0,198,59.6,57.2,2.5,15,LOW
14,1,0,Highway,Rain,27.1,0.46,1472,93.5,39.6,17.4,85,HIGH
22,4,0,Arterial,Clear,33.3,0.0,194,61.2,58.8,1.0,8,LOW
6,5,1,Highway,Rain,32.3,5.79,419,90.1,75.0,1.8,37,LOW
16,6,1,Arterial,Clear,29.8,0.0,1160,62.7,18.8,12.1,89,HIGH
1,4,0,Highway,Clear,16.5,0.0,644,90.0,83.2,0.2,28,LOW
8,3,0,Arterial,Clear,10.4,0.0,1062,57.6,23.2,21.9,70,HIGH
8,0,0,Arterial,Clear,34.4,0.0,979,63.6,28.8,13.4,77,HIGH
12,2,0,Arterial,Fog,33.2,0.07,774,55.0,31.1,8.7,67,MEDIUM
5,6,1,Arterial,Clear,21.0,0.0,250,54.3,54.3,1.0,26,LOW
5,0,0,Highway,Clear,30.4,0.0,355,89.9,84.5,0.0,17,LOW
19,2,0,Arterial,Clear,26.5,0.0,1249,60.3,14.2,19.2,71,HIGH
19,1,0,Urban,Rain,35.6,1.69,623,40.7,17.3,32.3,92,HIGH
20,1,0,Arterial,Clear,28.6,0.0,908,58.7,32.1,7.6,41,MEDIUM
2,4,0,Urban,Clear,34.3,0.0,160,44.1,41.2,1.4,25,LOW
16,5,1,Arterial,Clear,23.7,0.0,700,54.0,42.2,1.9,33,LOW
16,1,0,Urban,Clear,30.0,0.0,418,40.4,32.2,0.6,15,LOW
11,4,0,Highway,Fog,25.1,0.03,950,93.8,56.1,6.4,50,MEDIUM
15,6,1,Arterial,Clear,23.7,0.0,715,65.5,44.4,4.6,45,MEDIUM
14,0,0,Arterial,Clear,11.7,0.0,776,65.3,42.1,8.1,57,MEDIUM
12,1,0,Highway,Clear,34.5,0.0,1551,84.5,38.2,22.9,83,HIGH
22,0,0,Arterial,Clear,40.2,0.0,351,61.4,49.5,1.6,17,LOW
0,0,0,Highway,Clear,18.3,0.0,472,88.9,82.4,1.4,15,LOW
16,5,1,Arterial,Clear,32.9,0.0,903,59.9,33.3,4.4,50,MEDIUM
2,1,0,Arterial,Clear,32.6,0.0,434,64.5,60.4,1.2,21,LOW
14,0,0,Arterial,Clear,24.4,0.0,520,67.6,55.7,0.7,29,LOW
3,5,1,Urban,Clear,22.8,0.0,274,40.8,37.7,0.6,10,LOW
3,5,1,Arterial,Clear,36.3,0.0,371,52.1,44.7,3.1,13,LOW
17,1,0,Arterial,Clear,35.5,0.0,1368,53.3,8.0,33.3,72,HIGH
16,5,1,Highway,Rain,31.2,2.6,1713,89.8,25.8,31.2,77,HIGH
18,1,0,Urban,Rain,24.4,3.18,696,43.0,19.8,31.7,93,HIGH
10,1,0,Arterial,Clear,35.6,0.0,950,56.9,29.0,9.3,58,MEDIUM
19,2,0,Arterial,Clear,22.1,0.0,1319,59.2,9.4,31.9,70,HIGH
2,0,0,Highway,Clear,37.9,0.0,645,98.1,88.0,0.6,17,LOW
7,3,0,Arterial,Storm,39.4,15.29,327,58.4,35.0,7.3,65,MEDIUM
13,1,0,Highway,Rain,36.3,1.45,1152,98.8,59.3,9.3,55,MEDIUM
0,0,0,Arterial,Clear,30.4,0.0,285,58.3,57.9,1.6,12,LOW
13,6,1,Urban,Clear,10.2,0.0,495,42.7,27.5,8.6,60,MEDIUM
1,5,1,Arterial,Clear,26.7,0.0,518,60.3,48.5,1.1,32,LOW
22,4,0,Arterial,Clear,40.4,0.0,304,63.1,59.5,2.5,35,LOW
3,1,0,Arterial,Rain,34.6,3.13,388,68.0,53.5,0.0,28,LOW
23,5,1,Arterial,Clear,31.0,0.0,403,61.7,55.1,0.8,31,LOW
18,5,1,Arterial,Rain,23.2,4.64,1062,65.0,26.0,19.2,72,HIGH
5,5,1,Arterial,Clear,35.2,0.0,433,56.4,52.3,1.0,8,LOW
0,5,1,Highway,Clear,17.0,0.0,687,85.3,73.2,0.3,36,LOW
16,5,1,Highway,Clear,26.8,0.0,1447,81.8,42.9,6.0,52,MEDIUM
7,1,0,Arterial,Clear,40.2,0.0,357,55.8,53.3,1.4,35,LOW
18,6,1,Arterial,Fog,22.4,0.38,1151,66.1,20.3,19.1,92,HIGH
20,3,0,Highway,Clear,32.3,0.0,2007,91.7,13.8,26.9,91,HIGH
0,2,0,Arterial,Clear,15.7,0.0,185,58.9,51.6,0.2,27,LOW
4,5,1,Highway,Clear,23.4,0.0,308,91.0,88.2,1.6,23,LOW
15,5,1,Highway,Clear,29.3,0.0,1317,93.4,54.2,6.9,58,MEDIUM
5,2,0,Arterial,Clear,30.5,0.0,418,63.1,53.8,2.6,31,LOW
7,6,1,Arterial,Storm,42.5,5.59,415,60.9,30.2,31.0,75,HIGH
12,6,1,Arterial,Clear,24.5,0.0,963,65.5,31.2,14.9,86,HIGH
15,1,0,Arterial,Clear,32.2,0.0,862,56.1,31.8,9.0,42,MEDIUM
2,0,0,Urban,Rain,32.0,0.25,311,38.9,28.2,9.5,66,MEDIUM
18,4,0,Arterial,Clear,23.9,0.0,1416,64.7,8.2,33.2,96,HIGH
11,4,0,Highway,Clear,34.7,0.0,1315,94.8,54.2,9.0,46,MEDIUM
15,0,0,Arterial,Clear,32.7,0.0,974,61.5,29.4,16.1,82,HIGH
10,1,0,Highway,Clear,26.1,0.0,1890,87.3,21.1,24.9,77,HIGH
9,4,0,Urban,Storm,29.4,2.38,1104,42.4,8.0,26.6,86,HIGH
19,6,1,Highway,Clear,21.3,0.0,1157,85.5,55.3,5.3,65,MEDIUM
3,2,0,Arterial,Clear,21.8,0.0,173,64.7,64.1,1.4,21,LOW
11,0,0,Highway,Clear,27.8,0.0,1150,97.6,64.4,6.9,51,MEDIUM
22,6,1,Urban,Clear,33.2,0.0,98,38.3,35.6,0.7,34,LOW
1,3,0,Highway,Clear,25.7,0.0,602,102.9,93.9,0.0,30,LOW
23,1,0,Urban,Clear,23.7,0.0,166,37.0,32.0,0.4,31,LOW
21,0,0,Highway,Rain,26.4,5.11,432,89.1,75.9,0.5,16,LOW
18,4,0,Highway,Clear,33.8,0.0,2121,88.9,12.2,20.9,85,HIGH
4,1,0,Highway,Clear,18.5,0.0,521,89.5,81.3,0.5,36,LOW
7,2,0,Urban,Clear,34.0,0.0,307,44.3,36.6,1.7,35,LOW
6,1,0,Urban,Clear,31.6,0.0,237,41.3,37.0,2.2,13,LOW
13,1,0,Highway,Clear,18.5,0.0,1059,85.8,63.9,9.3,65,MEDIUM
23,2,0,Highway,Clear,26.4,0.0,282,90.5,86.5,1.2,16,LOW
22,5,1,Arterial,Clear,32.5,0.0,390,62.7,59.0,0.7,22,LOW
2,2,0,Highway,Clear,14.6,0.0,391,92.6,89.9,0.6,31,LOW
17,6,1,Highway,Clear,20.8,0.0,1355,96.1,52.2,5.5,67,MEDIUM
15,1,0,Highway,Clear,17.3,0.0,1408,90.4,48.7,5.7,63,MEDIUM
22,2,0,Highway,Clear,24.0,0.0,577,94.0,85.9,1.1,31,LOW
18,5,1,Highway,Fog,35.3,0.19,1713,89.3,23.1,29.0,82,HIGH
18,6,1,Highway,Clear,33.6,0.0,1533,86.8,35.7,21.5,95,HIGH
17,0,0,Arterial,Fog,24.5,0.07,1179,55.4,10.2,22.1,70,HIGH
19,2,0,Urban,Clear,35.2,0.0,973,44.7,8.0,28.9,91,HIGH
15,2,0,Highway,Fog,32.6,0.09,1002,82.5,47.0,5.2,44,MEDIUM
7,1,0,Arterial,Clear,36.9,0.0,229,61.0,61.0,0.3,37,LOW
0,6,1,Highway,Clear,27.4,0.0,297,92.0,88.4,0.8,30,LOW
16,0,0,Arterial,Fog,31.8,0.38,733,56.1,30.0,5.1,58,MEDIUM
11,3,0,Highway,Clear,48.0,0.0,944,94.5,73.2,0.6,12,LOW
20,3,0,Arterial,Clear,25.8,0.0,1003,54.6,25.2,31.2,76,HIGH
10,4,0,Highway,Rain,27.5,3.2,2700,87.1,11.5,28.3,97,HIGH
4,2,0,Urban,Clear,26.9,0.0,279,42.9,36.0,1.8,19,LOW
11,2,0,Highway,Clear,27.4,0.0,1444,83.5,39.0,26.5,76,HIGH
16,0,0,Arterial,Clear,31.9,0.0,879,63.3,34.7,8.9,60,MEDIUM
5,5,1,Urban,Clear,28.4,0.0,171,43.3,43.3,0.5,22,LOW
0,3,0,Arterial,Clear,18.4,0.0,529,64.3,51.0,1.7,15,LOW
4,4,0,Arterial,Fog,28.1,0.25,322,61.5,44.6,9.0,59,MEDIUM
13,0,0,Urban,Clear,24.3,0.0,404,37.5,26.9,5.7,61,MEDIUM
4,2,0,Highway,Rain,15.9,3.41,402,85.0,72.2,1.4,18,LOW
21,3,0,Highway,Clear,36.0,0.0,559,87.5,81.2,1.6,31,LOW
23,6,1,Urban,Fog,24.3,0.07,105,30.8,23.8,1.2,19,LOW
0,4,0,Highway,Clear,30.7,0.0,440,90.1,83.0,1.1,28,LOW
17,1,0,Urban,Rain,10.0,1.34,1029,39.7,8.0,32.5,70,HIGH
15,3,0,Highway,Clear,31.5,0.0,1359,90.4,49.4,6.8,58,MEDIUM
8,4,0,Arterial,Rain,25.8,1.64,1190,59.0,13.9,15.3,82,HIGH
18,0,0,Arterial,Clear,17.1,0.0,1800,60.7,8.7,12.7,74,HIGH
21,1,0,Urban,Clear,24.1,0.0,166,40.2,40.2,1.1,18,LOW
4,4,0,Arterial,Clear,23.2,0.0,296,54.2,50.8,0.0,13,LOW
1,4,0,Highway,Clear,33.3,0.0,505,91.4,84.7,0.9,31,LOW
14,2,0,Arterial,Clear,28.6,0.0,634,59.9,47.0,1.5,28,LOW
6,5,1,Highway,Clear,17.3,0.0,489,81.4,74.4,0.1,8,LOW
3,3,0,Urban,Clear,31.1,0.0,226,42.7,38.0,2.8,28,LOW
0,2,0,Urban,Clear,13.5,0.0,299,39.1,29.6,2.0,30,LOW
12,6,1,Arterial,Clear,20.1,0.0,1352,62.5,8.0,31.7,75,HIGH
19,1,0,Urban,Clear,28.1,0.0,1110,39.9,8.0,18.6,97,HIGH
21,5,1,Highway,Rain,23.6,1.32,384,81.1,70.4,1.8,34,LOW
6,4,0,Arterial,Fog,36.3,0.43,276,61.0,47.5,2.0,16,LOW
14,2,0,Arterial,Clear,29.2,0.0,916,62.0,34.3,4.9,65,MEDIUM
22,5,1,Arterial,Clear,32.4,0.0,272,64.7,62.6,1.2,28,LOW
13,6,1,Highway,Clear,32.7,0.0,1353,94.6,51.4,5.2,44,MEDIUM
22,3,0,Urban,Rain,24.9,3.05,220,43.6,36.2,0.1,16,LOW
18,6,1,Highway,Clear,20.5,0.0,1049,93.7,62.8,9.1,43,MEDIUM
21,1,0,Arterial,Clear,27.7,0.0,183,58.0,54.2,1.2,13,LOW
23,0,0,Highway,Clear,34.1,0.0,508,87.7,82.1,0.6,25,LOW
19,2,0,Urban,Rain,26.4,4.57,964,43.0,8.0,24.0,74,HIGH
23,1,0,Highway,Clear,32.1,0.0,561,88.1,80.8,0.6,13,LOW
17,0,0,Arterial,Clear,27.8,0.0,1477,62.1,8.0,17.2,72,HIGH
9,2,0,Highway,Clear,17.1,0.0,2358,98.5,12.5,15.1,95,HIGH
8,1,0,Arterial,Clear,17.7,0.0,1566,57.5,8.0,23.5,77,HIGH
7,6,1,Highway,Clear,38.9,0.0,724,93.6,81.6,2.0,34,LOW
9,1,0,Arterial,Clear,19.8,0.0,1044,56.8,24.4,22.7,91,HIGH
16,5,1,Highway,Storm,23.5,4.7,1027,92.9,40.0,24.7,80,HIGH
1,6,1,Urban,Clear,34.4,0.0,168,44.8,42.9,0.2,30,LOW
5,2,0,Highway,Storm,19.7,5.07,571,96.7,55.8,8.0,42,MEDIUM
4,1,0,Highway,Clear,23.2,0.0,620,88.1,79.4,1.9,33,LOW
8,4,0,Arterial,Clear,26.5,0.0,998,66.3,29.6,29.4,71,HIGH
4,2,0,Highway,Fog,25.6,0.11,711,88.9,59.0,9.7,51,MEDIUM
17,1,0,Highway,Clear,21.2,0.0,2332,101.4,16.7,24.3,80,HIGH
19,5,1,Urban,Clear,26.6,0.0,521,40.1,25.2,5.1,41,MEDIUM
8,0,0,Urban,Fog,32.8,0.34,709,42.0,12.5,26.2,92,HIGH
16,0,0,Arterial,Clear,27.1,0.0,655,62.5,47.5,1.6,36,LOW
16,4,0,Highway,Clear,23.4,0.0,914,84.5,68.6,1.6,16,LOW
11,2,0,Highway,Fog,34.6,0.17,981,96.9,57.9,6.2,65,MEDIUM
6,5,1,Arterial,Clear,39.9,0.0,144,60.9,60.9,0.0,37,LOW
2,1,0,Highway,Clear,34.7,0.0,464,87.2,81.3,0.4,27,LOW
9,1,0,Urban,Rain,20.1,1.82,796,37.7,8.4,19.8,71,HIGH
1,0,0,Highway,Clear,20.3,0.0,396,87.0,84.8,0.5,15,LOW
2,5,1,Urban,Clear,31.1,0.0,137,39.8,37.9,0.7,30,LOW
15,6,1,Arterial,Rain,29.2,4.32,884,55.7,24.8,13.2,82,HIGH
1,4,0,Urban,Clear,19.4,0.0,198,37.6,34.1,0.8,28,LOW
23,0,0,Highway,Rain,30.0,12.49,772,81.4,60.8,9.0,67,MEDIUM
9,0,0,Urban,Fog,28.7,0.08,721,37.6,14.2,32.6,72,HIGH
5,4,0,Highway,Clear,38.3,0.0,698,96.8,83.7,1.6,17,LOW
21,2,0,Arterial,Clear,25.0,0.0,308,64.8,63.8,0.9,18,LOW
10,1,0,Urban,Clear,37.7,0.0,757,40.8,11.7,23.1,70,HIGH
22,2,0,Highway,Clear,38.0,0.0,760,100.5,86.8,0.8,9,LOW
6,5,1,Arterial,Fog,23.3,0.03,242,64.9,50.5,0.5,22,LOW
14,6,1,Arterial,Clear,30.5,0.0,530,61.7,51.7,1.4,16,LOW
5,3,0,Highway,Clear,26.5,0.0,382,92.7,87.8,1.7,15,LOW
19,3,0,Arterial,Clear,26.2,0.0,1800,60.4,8.0,24.8,79,HIGH
8,3,0,Highway,Rain,29.7,0.76,2052,83.7,12.9,13.3,93,HIGH
21,4,0,Arterial,Clear,22.5,0.0,398,58.9,53.1,1.0,9,LOW
19,0,0,Arterial,Rain,16.8,4.65,1171,49.6,15.4,20.6,73,HIGH
11,6,1,Arterial,Clear,24.3,0.0,179,55.6,54.4,0.1,8,LOW
18,2,0,Highway,Rain,36.3,0.76,1772,96.9,25.6,14.9,89,HIGH
19,1,0,Urban,Clear,26.6,0.0,755,40.2,9.3,33.6,81,HIGH
2,3,0,Urban,Clear,27.8,0.0,181,36.8,35.7,0.0,13,LOW
14,2,0,Arterial,Rain,33.5,3.07,685,62.1,42.3,6.6,61,MEDIUM
1,3,0,Arterial,Clear,16.8,0.0,233,62.4,59.7,1.8,16,LOW
20,6,1,Arterial,Clear,31.1,0.0,175,66.2,63.0,0.2,24,LOW
1,3,0,Arterial,Fog,39.7,0.3,241,67.1,49.0,7.2,51,MEDIUM
21,1,0,Arterial,Clear,28.6,0.0,215,63.1,59.5,0.0,25,LOW
2,5,1,Highway,Clear,14.5,0.0,359,82.4,76.9,0.0,34,LOW
5,5,1,Arterial,Clear,27.5,0.0,392,69.1,63.3,0.0,20,LOW
14,6,1,Highway,Rain,32.3,1.22,1608,96.8,35.4,26.9,94,HIGH
9,5,1,Highway,Clear,28.8,0.0,733,94.2,81.5,0.2,35,LOW
8,4,0,Arterial,Clear,29.9,0.0,1320,59.9,10.4,22.2,71,HIGH
0,0,0,Arterial,Clear,30.7,0.0,173,53.8,51.7,1.2,24,LOW
15,4,0,Arterial,Clear,21.5,0.0,626,57.8,42.5,6.6,57,MEDIUM
5,2,0,Arterial,Rain,22.3,0.25,554,59.8,43.8,4.7,45,MEDIUM
8,4,0,Urban,Clear,25.4,0.0,875,38.8,8.0,24.0,93,HIGH
3,2,0,Arterial,Clear,30.7,0.0,454,64.4,55.3,0.9,34,LOW
1,2,0,Arterial,Clear,19.7,0.0,212,59.7,53.6,1.0,22,LOW
3,0,0,Highway,Clear,42.4,0.0,288,86.1,85.4,0.5,23,LOW
0,1,0,Highway,Storm,11.0,7.09,379,92.5,60.8,4.2,54,MEDIUM
18,6,1,Highway,Clear,16.1,0.0,1418,85.9,45.3,4.2,62,MEDIUM
9,0,0,Arterial,Clear,31.9,0.0,1200,53.5,12.2,14.7,81,HIGH
20,6,1,Urban,Clear,31.3,0.0,143,41.5,40.1,1.4,11,LOW
14,5,1,Highway,Rain,27.5,0.72,1647,89.6,26.7,34.5,76,HIGH
21,5,1,Arterial,Clear,32.7,0.0,347,60.6,58.5,1.5,10,LOW
18,4,0,Highway,Clear,32.0,0.0,2087,96.9,12.6,22.1,90,HIGH
15,2,0,Highway,Fog,28.0,0.09,1371,91.3,37.6,31.6,79,HIGH
20,3,0,Urban,Rain,29.9,2.59,1200,41.7,8.0,12.2,72,HIGH
23,3,0,Arterial,Rain,10.0,3.91,481,60.1,44.3,9.2,42,MEDIUM
21,6,1,Highway,Clear,27.1,0.0,652,94.0,86.1,0.5,25,LOW
3,2,0,Arterial,Fog,27.7,0.04,325,51.5,39.2,0.0,15,LOW
1,6,1,Arterial,Clear,41.4,0.0,472,56.9,48.7,1.2,23,LOW
12,0,0,Arterial,Clear,22.2,0.0,763,58.5,39.0,5.9,45,MEDIUM
0,1,0,Highway,Clear,27.7,0.0,283,87.6,82.7,0.4,8,LOW
16,0,0,Arterial,Clear,38.0,0.0,992,56.8,22.6,26.0,86,HIGH
12,2,0,Highway,Rain,31.9,3.02,1400,89.6,42.3,27.1,96,HIGH
3,2,0,Urban,Clear,28.2,0.0,257,39.6,34.8,0.0,26,LOW
6,1,0,Arterial,Rain,34.7,0.99,427,59.7,45.0,1.5,16,LOW
16,6,1,Arterial,Rain,22.5,3.92,927,60.8,30.5,6.3,50,MEDIUM
8,4,0,Highway,Clear,40.1,0.0,2021,92.5,14.0,27.1,85,HIGH
3,4,0,Highway,Rain,32.5,5.82,589,86.1,67.6,0.5,18,LOW
18,1,0,Highway,Clear,16.6,0.0,2423,87.4,14.5,13.8,80,HIGH
0,4,0,Urban,Clear,23.8,0.0,188,42.8,39.8,1.3,34,LOW
9,3,0,Highway,Rain,12.9,5.76,1919,85.3,15.4,17.5,96,HIGH
3,4,0,Highway,Clear,33.6,0.0,525,86.0,77.4,1.0,37,LOW
8,4,0,Urban,Clear,31.9,0.0,823,37.7,8.0,34.7,84,HIGH
12,4,0,Arterial,Clear,24.8,0.0,966,59.2,30.3,6.6,54,MEDIUM
13,3,0,Urban,Fog,36.4,0.18,506,43.0,21.7,5.7,42,MEDIUM
9,6,1,Highway,Clear,27.4,0.0,448,92.6,85.2,1.4,31,LOW
5,4,0,Arterial,Clear,46.4,0.0,407,56.5,55.7,0.3,22,LOW
15,5,1,Arterial,Clear,19.6,0.0,976,67.3,31.9,22.0,75,HIGH
5,3,0,Urban,Rain,32.5,2.93,301,37.9,28.0,5.4,55,MEDIUM
16,1,0,Highway,Clear,25.2,0.0,1613,81.9,31.2,34.5,93,HIGH
9,0,0,Arterial,Clear,23.3,0.0,1325,67.3,10.7,34.2,85,HIGH
17,1,0,Urban,Clear,26.8,0.0,886,37.5,8.0,12.9,78,HIGH
21,0,0,Arterial,Clear,30.6,0.0,371,59.6,56.4,1.5,19,LOW
17,1,0,Arterial,Clear,28.4,0.0,1592,59.5,9.9,27.5,79,HIGH
2,5,1,Highway,Clear,32.7,0.0,688,92.9,83.4,1.0,22,LOW
19,0,0,Highway,Clear,32.2,0.0,1990,80.8,12.2,19.3,77,HIGH
20,0,0,Arterial,Clear,38.2,0.0,1693,58.8,8.3,31.2,71,HIGH
14,2,0,Arterial,Clear,19.6,0.0,1071,58.5,25.1,32.5,96,HIGH
14,0,0,Urban,Clear,17.1,0.0,582,44.2,27.2,5.4,62,MEDIUM
3,0,0,Arterial,Clear,27.5,0.0,201,57.8,57.8,1.0,11,LOW
8,2,0,Arterial,Clear,22.4,0.0,1483,58.7,8.0,31.5,72,HIGH
18,4,0,Urban,Clear,34.1,0.0,979,42.3,9.1,17.2,73,HIGH
23,4,0,Highway,Clear,20.5,0.0,476,92.6,89.6,2.4,21,LOW
16,2,0,Arterial,Clear,24.2,0.0,602,57.1,48.8,0.0,25,LOW
10,3,0,Highway,Clear,25.7,0.0,2107,92.1,12.5,31.7,85,HIGH
8,0,0,Highway,Clear,40.4,0.0,2229,86.3,12.0,25.3,89,HIGH
9,0,0,Urban,Clear,42.8,0.0,1101,42.4,8.0,22.0,70,HIGH
17,2,0,Arterial,Storm,20.0,17.78,1617,59.4,8.9,20.3,72,HIGH
19,2,0,Arterial,Clear,12.6,0.0,1205,55.0,14.5,32.6,93,HIGH
12,3,0,Arterial,Fog,24.0,0.03,856,51.4,23.4,19.2,92,HIGH
7,5,1,Arterial,Clear,27.7,0.0,514,58.5,49.1,1.7,23,LOW
6,4,0,Highway,Clear,27.7,0.0,420,86.1,79.7,0.5,10,LOW
16,1,0,Arterial,Rain,27.4,3.26,663,59.0,39.5,8.3,43,MEDIUM
20,5,1,Arterial,Clear,33.7,0.0,340,59.8,54.8,1.2,14,LOW
22,6,1,Urban,Clear,25.2,0.0,265,34.3,32.1,1.7,26,LOW
14,4,0,Highway,Storm,29.5,20.11,990,86.4,40.8,29.2,84,HIGH
19,0,0,Highway,Clear,32.5,0.0,1539,89.4,39.5,34.0,81,HIGH
14,6,1,Arterial,Clear,29.5,0.0,752,60.4,40.4,4.1,61,MEDIUM
0,5,1,Urban,Clear,32.7,0.0,366,42.4,35.6,0.7,31,LOW
13,2,0,Arterial,Fog,16.0,0.19,545,63.9,37.2,9.6,50,MEDIUM
4,3,0,Arterial,Rain,28.8,2.13,380,59.0,49.6,2.0,24,LOW
10,4,0,Urban,Clear,29.6,0.0,823,39.6,8.0,12.3,70,HIGH
15,3,0,Urban,Clear,26.8,0.0,372,38.6,31.9,0.0,14,LOW
1,6,1,Arterial,Rain,23.8,4.2,442,62.6,45.2,8.1,48,MEDIUM
7,4,0,Arterial,Clear,31.2,0.0,262,58.5,53.9,0.0,21,LOW
10,5,1,Highway,Clear,28.9,0.0,375,85.2,83.1,0.6,30,LOW
17,0,0,Urban,Clear,27.6,0.0,951,35.0,8.0,15.7,71,HIGH
2,1,0,Arterial,Clear,25.7,0.0,351,56.2,52.1,0.4,29,LOW
0,3,0,Urban,Clear,26.0,0.0,195,39.2,37.3,2.2,16,LOW
10,3,0,Highway,Fog,22.6,0.03,2279,94.9,12.3,17.2,87,HIGH
15,1,0,Arterial,Rain,24.7,1.71,924,60.2,26.6,15.6,77,HIGH
17,3,0,Arterial,Clear,21.4,0.0,1165,60.5,15.9,34.3,83,HIGH
15,3,0,Arterial,Clear,25.3,0.0,885,60.0,35.5,4.9,66,MEDIUM
22,4,0,Highway,Clear,30.6,0.0,482,96.4,92.3,1.2,26,LOW
9,4,0,Arterial,Clear,33.7,0.0,1439,62.0,8.5,20.0,90,HIGH
17,1,0,Urban,Clear,27.6,0.0,838,40.0,8.0,21.3,94,HIGH
5,6,1,Arterial,Clear,27.4,0.0,294,57.6,56.2,0.0,9,LOW
18,0,0,Highway,Clear,29.0,0.0,1751,83.7,23.5,15.9,86,HIGH
3,5,1,Arterial,Clear,34.9,0.0,195,66.6,65.7,1.1,9,LOW
12,5,1,Highway,Clear,26.4,0.0,1992,94.0,14.1,26.2,87,HIGH
23,6,1,Highway,Clear,31.2,0.0,682,89.0,76.1,0.5,37,LOW
13,3,0,Arterial,Clear,30.6,0.0,854,67.2,41.8,7.0,55,MEDIUM
2,0,0,Urban,Clear,23.6,0.0,288,40.0,36.1,0.3,35,LOW
9,1,0,Arterial,Rain,32.9,1.23,1431,56.7,8.0,13.0,90,HIGH
5,6,1,Arterial,Rain,13.5,0.06,489,64.9,45.4,10.0,67,MEDIUM
0,1,0,Highway,Clear,35.4,0.0,467,83.6,78.0,2.4,14,LOW
22,4,0,Arterial,Clear,19.6,0.0,380,58.4,53.3,0.0,25,LOW
23,3,0,Highway,Clear,27.0,0.0,684,84.0,73.3,0.8,23,LOW
13,2,0,Urban,Clear,33.8,0.0,539,37.6,25.7,9.6,50,MEDIUM
7,1,0,Urban,Clear,25.0,0.0,159,40.6,40.6,0.9,12,LOW
18,6,1,Arterial,Storm,29.6,4.18,948,61.3,19.1,22.4,75,HIGH
13,3,0,Arterial,Clear,33.9,0.0,626,55.6,46.6,0.8,32,LOW
9,0,0,Urban,Clear,40.9,0.0,1023,45.4,9.9,19.7,95,HIGH
16,6,1,Arterial,Clear,27.9,0.0,1004,51.6,26.5,8.5,63,MEDIUM
8,4,0,Highway,Clear,29.3,0.0,2594,90.6,14.1,25.0,75,HIGH
5,5,1,Highway,Clear,28.3,0.0,541,90.8,82.2,1.9,12,LOW
10,0,0,Arterial,Clear,26.5,0.0,1645,61.1,9.9,32.6,91,HIGH
6,1,0,Urban,Clear,18.6,0.0,275,42.6,41.8,1.9,8,LOW
16,1,0,Highway,Clear,20.2,0.0,832,74.8,61.0,2.3,34,LOW
0,0,0,Highway,Fog,27.9,0.2,532,86.1,62.5,5.3,44,MEDIUM
21,1,0,Arterial,Clear,30.4,0.0,285,60.6,57.7,0.4,18,LOW
4,6,1,Urban,Clear,36.8,0.0,340,45.1,40.6,1.4,14,LOW
8,3,0,Highway,Clear,26.5,0.0,2684,87.1,13.8,21.0,79,HIGH
17,1,0,Highway,Clear,38.7,0.0,2017,89.0,15.4,22.0,72,HIGH
23,4,0,Arterial,Clear,19.6,0.0,466,62.9,53.5,1.2,12,LOW
20,3,0,Arterial,Clear,29.5,0.0,1378,55.2,8.7,17.9,87,HIGH
1,6,1,Highway,Clear,26.1,0.0,669,90.1,80.1,2.5,15,LOW
10,2,0,Highway,Clear,18.8,0.0,1737,89.5,28.1,19.1,73,HIGH
5,1,0,Arterial,Clear,16.1,0.0,407,57.6,53.3,1.1,31,LOW
7,1,0,Arterial,Clear,25.0,0.0,139,62.0,62.0,1.8,11,LOW
3,4,0,Urban,Clear,25.5,0.0,227,46.5,42.7,0.3,32,LOW
17,6,1,Arterial,Clear,21.8,0.0,943,60.7,32.6,4.1,58,MEDIUM
10,4,0,Highway,Clear,33.3,0.0,1845,78.8,18.4,30.3,93,HIGH
4,5,1,Arterial,Clear,25.2,0.0,302,56.5,51.3,0.0,23,LOW
14,6,1,Arterial,Clear,21.1,0.0,825,65.9,42.3,10.0,42,MEDIUM
17,0,0,Highway,Clear,26.3,0.0,2021,88.8,14.4,28.9,76,HIGH
1,0,0,Urban,Storm,23.6,4.2,204,36.5,24.2,9.8,49,MEDIUM
21,0,0,Urban,Clear,39.5,0.0,284,42.3,34.4,1.1,11,LOW
10,4,0,Highway,Storm,25.8,11.22,2478,86.8,8.2,30.0,73,HIGH
12,0,0,Highway,Clear,21.6,0.0,1403,90.2,49.5,4.8,63,MEDIUM
3,6,1,Highway,Clear,39.5,0.0,462,84.3,80.0,0.2,19,LOW
21,0,0,Highway,Clear,33.1,0.0,554,87.9,82.0,0.0,37,LOW
6,2,0,Arterial,Clear,28.7,0.0,321,59.9,53.8,0.8,8,LOW
10,0,0,Arterial,Clear,22.4,0.0,1448,59.6,10.4,29.0,71,HIGH
21,1,0,Urban,Clear,33.4,0.0,254,41.1,35.8,0.9,18,LOW
23,5,1,Highway,Storm,17.8,7.95,685,91.0,51.0,4.4,46,MEDIUM
3,4,0,Arterial,Clear,32.9,0.0,206,55.9,55.9,0.0,17,LOW
14,3,0,Urban,Clear,29.8,0.0,468,45.1,33.8,1.2,9,LOW
0,5,1,Arterial,Rain,34.9,0.14,182,59.4,53.9,0.0,35,LOW
22,2,0,Highway,Rain,11.5,1.13,681,83.2,61.1,4.5,58,MEDIUM
2,4,0,Highway,Clear,21.6,0.0,414,78.9,73.7,0.9,9,LOW
13,6,1,Highway,Clear,21.0,0.0,948,90.4,68.0,0.4,13,LOW
5,4,0,Urban,Clear,20.2,0.0,267,37.2,35.1,0.0,32,LOW
17,1,0,Urban,Clear,31.0,0.0,681,41.7,19.3,31.3,87,HIGH
0,6,1,Urban,Clear,25.9,0.0,263,40.1,37.6,1.8,30,LOW
5,5,1,Urban,Clear,21.9,0.0,185,51.8,47.1,0.5,22,LOW
5,5,1,Arterial,Clear,20.3,0.0,547,55.0,41.4,1.6,16,LOW
20,0,0,Urban,Fog,21.3,0.01,1155,43.2,8.0,28.5,93,HIGH
15,6,1,Urban,Fog,34.1,0.18,811,36.7,8.0,34.2,71,HIGH
4,1,0,Arterial,Clear,27.5,0.0,332,63.3,61.1,1.7,9,LOW
16,0,0,Highway,Clear,33.8,0.0,1251,97.1,60.1,9.7,46,MEDIUM
9,0,0,Arterial,Clear,46.7,0.0,1477,58.6,8.0,17.5,96,HIGH
20,4,0,Highway,Clear,27.9,0.0,1944,86.4,11.7,33.7,79,HIGH
17,5,1,Highway,Clear,18.1,0.0,1549,89.2,40.6,15.5,93,HIGH
6,0,0,Urban,Fog,27.0,0.13,221,37.8,27.5,7.0,53,MEDIUM
2,2,0,Urban,Clear,41.2,0.0,162,44.8,44.3,1.1,30,LOW
12,2,0,Highway,Clear,35.6,0.0,873,89.0,68.5,0.9,31,LOW
14,5,1,Arterial,Clear,23.5,0.0,744,61.8,41.3,5.4,58,MEDIUM
19,2,0,Urban,Storm,25.9,13.65,770,41.4,8.9,13.7,97,HIGH
18,4,0,Arterial,Fog,33.4,0.15,1305,63.6,8.0,12.6,80,HIGH
2,1,0,Arterial,Rain,31.4,1.65,285,58.2,51.6,0.5,16,LOW
3,3,0,Arterial,Clear,33.5,0.0,392,63.1,58.9,2.3,25,LOW
4,0,0,Urban,Clear,26.3,0.0,200,43.9,42.2,1.0,28,LOW
0,3,0,Urban,Clear,30.7,0.0,199,39.5,37.5,1.1,25,LOW
3,1,0,Arterial,Clear,25.9,0.0,268,54.7,48.5,0.7,18,LOW
11,1,0,Highway,Rain,37.8,4.52,1167,96.8,54.9,6.9,61,MEDIUM
23,4,0,Urban,Clear,17.3,0.0,274,40.5,36.8,0.8,37,LOW
9,2,0,Highway,Clear,17.3,0.0,1925,90.0,12.0,24.3,86,HIGH
22,2,0,Arterial,Clear,23.0,0.0,287,62.7,59.4,0.0,16,LOW
20,1,0,Highway,Clear,23.3,0.0,1874,97.1,21.7,16.2,82,HIGH
19,4,0,Arterial,Clear,17.3,0.0,1374,59.1,13.5,31.9,80,HIGH
23,4,0,Arterial,Clear,16.1,0.0,444,65.0,53.4,1.4,15,LOW
12,5,1,Highway,Clear,35.5,0.0,1801,90.4,23.5,30.8,94,HIGH
22,6,1,Urban,Clear,26.8,0.0,338,41.9,39.0,1.0,17,LOW
13,0,0,Highway,Fog,26.3,0.24,1264,87.0,40.0,21.5,73,HIGH
22,6,1,Urban,Clear,28.4,0.0,227,39.2,34.1,0.5,10,LOW
4,2,0,Urban,Clear,39.2,0.0,144,43.3,39.4,1.8,29,LOW
3,1,0,Highway,Clear,28.8,0.0,529,80.2,76.4,0.5,13,LOW
13,5,1,Arterial,Clear,27.2,0.0,700,62.8,46.2,9.8,57,MEDIUM
9,3,0,Highway,Rain,23.5,2.85,1642,91.9,28.7,22.7,85,HIGH
16,2,0,Urban,Clear,32.2,0.0,655,45.0,19.6,30.9,97,HIGH
9,0,0,Arterial,Clear,27.5,0.0,1323,64.0,9.9,14.5,86,HIGH
6,4,0,Highway,Fog,39.6,0.42,383,90.9,67.7,5.9,49,MEDIUM
15,1,0,Arterial,Rain,26.9,0.81,790,54.9,29.0,4.2,66,MEDIUM
0,2,0,Arterial,Clear,35.1,0.0,280,57.7,48.8,1.4,27,LOW
16,3,0,Urban,Clear,23.0,0.0,407,39.3,32.6,0.0,24,LOW
20,0,0,Highway,Clear,23.0,0.0,1448,97.5,42.6,12.3,83,HIGH
8,0,0,Arterial,Rain,15.2,15.84,1118,63.2,18.0,15.9,90,HIGH
5,5,1,Highway,Clear,33.6,0.0,761,86.0,74.4,0.2,10,LOW
18,2,0,Urban,Clear,27.7,0.0,884,41.2,8.0,13.7,80,HIGH
12,3,0,Highway,Clear,32.5,0.0,1191,87.7,57.3,8.9,46,MEDIUM
2,0,0,Arterial,Clear,39.9,0.0,315,57.4,55.0,0.5,11,LOW
6,1,0,Highway,Rain,22.1,8.06,845,93.1,68.2,7.1,63,MEDIUM
21,0,0,Arterial,Fog,21.0,0.14,589,59.4,36.5,5.3,63,MEDIUM
8,3,0,Urban,Clear,22.5,0.0,807,36.5,11.0,22.2,88,HIGH
21,4,0,Urban,Clear,13.3,0.0,237,42.5,35.5,0.0,27,LOW
4,4,0,Urban,Clear,26.6,0.0,279,40.5,37.2,0.0,28,LOW
9,5,1,Arterial,Fog,34.2,0.45,293,58.5,43.9,1.6,27,LOW
22,2,0,Urban,Rain,28.3,4.91,162,44.5,38.5,2.5,19,LOW
16,3,0,Arterial,Storm,17.0,28.7,747,64.3,28.5,18.5,80,HIGH
11,5,1,Urban,Storm,25.5,13.75,387,40.4,22.0,9.1,46,MEDIUM
22,6,1,Arterial,Clear,28.9,0.0,565,53.2,41.8,1.1,29,LOW
15,0,0,Arterial,Rain,34.7,3.93,738,64.4,40.2,7.2,56,MEDIUM
2,6,1,Highway,Clear,33.6,0.0,619,87.6,81.4,1.9,17,LOW
21,0,0,Arterial,Clear,25.6,0.0,329,59.4,51.3,0.2,26,LOW
8,4,0,Highway,Clear,25.6,0.0,1831,88.5,21.0,15.1,86,HIGH
14,5,1,Urban,Clear,32.2,0.0,617,36.1,15.5,23.0,85,HIGH
4,4,0,Arterial,Rain,23.8,0.01,440,61.8,46.9,1.3,11,LOW
22,1,0,Urban,Clear,34.0,0.0,177,37.5,34.4,2.2,19,LOW
12,6,1,Highway,Rain,23.4,2.25,1988,92.0,12.1,27.1,88,HIGH
13,6,1,Highway,Clear,38.9,0.0,1377,85.3,45.2,5.0,40,MEDIUM
19,4,0,Urban,Clear,29.6,0.0,815,38.6,8.0,22.7,96,HIGH
14,1,0,Arterial,Clear,14.3,0.0,684,61.5,47.1,1.4,12,LOW
15,0,0,Arterial,Clear,32.5,0.0,550,60.5,48.1,0.0,19,LOW
22,5,1,Urban,Clear,29.8,0.0,345,41.9,35.1,2.2,14,LOW
12,1,0,Arterial,Clear,31.4,0.0,834,62.8,40.6,8.7,61,MEDIUM
16,5,1,Highway,Rain,43.8,0.78,1512,96.7,32.8,14.6,96,HIGH
22,6,1,Urban,Clear,26.2,0.0,309,40.0,31.2,1.5,34,LOW
7,5,1,Highway,Clear,17.1,0.0,337,96.0,90.9,0.9,32,LOW
20,6,1,Urban,Rain,36.9,1.37,132,39.0,33.8,1.6,36,LOW
1,1,0,Highway,Clear,15.5,0.0,478,93.9,87.7,2.2,19,LOW
4,6,1,Arterial,Clear,22.8,0.0,303,64.5,56.4,1.3,27,LOW
5,2,0,Highway,Clear,28.3,0.0,630,95.6,88.2,0.5,20,LOW
11,6,1,Arterial,Clear,21.7,0.0,441,54.2,49.4,0.9,25,LOW
17,4,0,Highway,Clear,27.6,0.0,2676,74.3,11.4,16.5,94,HIGH
21,1,0,Urban,Clear,27.0,0.0,223,41.7,38.1,0.6,8,LOW
21,0,0,Arterial,Clear,38.8,0.0,205,60.0,56.0,0.6,35,LOW
0,5,1,Highway,Clear,11.0,0.0,440,91.4,84.3,1.0,25,LOW
16,3,0,Arterial,Clear,28.6,0.0,1007,60.4,28.4,13.5,84,HIGH
10,1,0,Arterial,Clear,21.6,0.0,734,58.6,39.2,5.2,63,MEDIUM
9,4,0,Highway,Storm,24.1,40.54,2053,92.9,10.0,32.4,94,HIGH
18,6,1,Highway,Clear,32.8,0.0,1755,91.7,26.5,26.0,74,HIGH
13,5,1,Arterial,Clear,31.6,0.0,1241,59.6,12.9,15.5,78,HIGH
9,2,0,Highway,Rain,30.4,0.31,1826,90.1,17.0,30.3,83,HIGH
14,0,0,Highway,Rain,19.2,4.49,1060,93.1,58.8,6.9,57,MEDIUM
18,2,0,Highway,Rain,36.3,0.66,2352,87.0,14.9,21.6,74,HIGH
3,3,0,Arterial,Storm,21.9,2.07,237,55.6,34.1,8.8,44,MEDIUM
1,1,0,Arterial,Clear,37.7,0.0,217,55.5,54.2,1.6,13,LOW
8,5,1,Highway,Clear,23.5,0.0,601,87.5,79.2,0.2,20,LOW
9,1,0,Urban,Clear,35.2,0.0,976,44.5,8.0,15.9,88,HIGH
10,4,0,Urban,Clear,28.7,0.0,787,40.4,9.6,17.8,75,HIGH
13,1,0,Highway,Clear,16.3,0.0,985,86.6,69.3,1.7,12,LOW
6,0,0,Highway,Clear,25.5,0.0,326,91.0,86.4,0.9,24,LOW
22,3,0,Urban,Rain,39.9,2.44,284,36.9,29.0,0.8,31,LOW
14,2,0,Arterial,Clear,33.8,0.0,705,59.3,41.3,5.8,50,MEDIUM
21,3,0,Highway,Clear,25.0,0.0,538,87.9,80.2,1.7,8,LOW
18,5,1,Arterial,Clear,37.1,0.0,957,54.7,25.3,24.9,78,HIGH
21,1,0,Urban,Clear,30.0,0.0,286,43.3,39.9,0.1,36,LOW
14,5,1,Highway,Rain,39.5,0.62,1153,88.1,50.5,7.2,49,MEDIUM
23,2,0,Urban,Storm,27.4,35.66,277,39.9,21.5,7.6,66,MEDIUM
7,5,1,Arterial,Rain,26.0,0.8,383,62.8,49.9,1.1,26,LOW
10,4,0,Arterial,Clear,34.9,0.0,1442,61.4,10.6,29.8,93,HIGH
8,3,0,Urban,Fog,29.8,0.1,947,40.2,8.0,31.2,80,HIGH
14,2,0,Highway,Clear,31.9,0.0,1645,88.8,30.4,31.7,74,HIGH
0,2,0,Arterial,Rain,22.0,0.11,152,62.9,53.0,1.0,24,LOW
0,6,1,Arterial,Clear,36.2,0.0,376,60.0,56.5,2.0,33,LOW
18,2,0,Arterial,Clear,34.9,0.0,1543,60.6,10.1,21.2,90,HIGH
2,6,1,Highway,Storm,37.5,6.0,367,95.6,57.0,5.6,57,MEDIUM
9,0,0,Arterial,Clear,18.5,0.0,1535,64.7,8.7,21.5,94,HIGH
7,6,1,Highway,Rain,19.9,0.09,446,91.3,76.1,1.6,23,LOW
14,3,0,Highway,Clear,22.8,0.0,1191,90.5,54.9,5.7,54,MEDIUM
9,5,1,Highway,Rain,26.3,2.42,394,93.3,80.0,1.2,37,LOW
0,6,1,Arterial,Storm,18.7,9.04,346,59.0,32.4,9.6,44,MEDIUM
17,2,0,Highway,Clear,32.5,0.0,2555,88.8,9.9,30.3,96,HIGH
1,3,0,Arterial,Clear,24.9,0.0,243,59.7,58.8,3.0,12,LOW
18,6,1,Highway,Clear,36.8,0.0,1321,84.9,49.5,9.0,64,MEDIUM
12,6,1,Highway,Fog,42.7,0.03,2020,101.8,9.7,17.7,87,HIGH
21,2,0,Highway,Clear,23.8,0.0,289,88.0,84.8,0.2,36,LOW
0,4,0,Highway,Clear,22.6,0.0,645,92.3,82.7,1.2,14,LOW
1,4,0,Arterial,Clear,33.2,0.0,232,59.9,59.9,0.0,34,LOW
15,6,1,Arterial,Clear,28.7,0.0,866,62.8,34.8,7.9,66,MEDIUM
14,4,0,Urban,Clear,30.6,0.0,611,38.8,20.8,5.2,43,MEDIUM
12,1,0,Urban,Clear,37.3,0.0,454,40.7,30.5,0.8,37,LOW
15,2,0,Arterial,Fog,26.1,0.12,568,56.6,36.1,5.4,56,MEDIUM
16,1,0,Urban,Clear,20.5,0.0,690,43.6,20.5,30.0,74,HIGH
20,3,0,Highway,Clear,19.4,0.0,2465,93.3,15.5,12.2,81,HIGH
6,1,0,Arterial,Clear,26.8,0.0,226,54.3,50.0,0.3,32,LOW
23,3,0,Arterial,Clear,25.5,0.0,156,60.1,57.1,1.6,15,LOW
16,6,1,Highway,Fog,34.1,0.42,1441,83.0,32.7,12.8,79,HIGH
6,3,0,Highway,Clear,37.7,0.0,688,86.0,73.1,1.0,16,LOW
12,3,0,Highway,Clear,37.7,0.0,1383,94.6,49.5,8.1,45,MEDIUM
4,5,1,Arterial,Clear,23.1,0.0,296,50.1,45.4,0.0,17,LOW
16,1,0,Arterial,Fog,22.4,0.23,831,64.2,28.5,33.5,78,HIGH
2,5,1,Arterial,Storm,15.3,7.7,343,61.5,37.4,5.0,49,MEDIUM
6,6,1,Arterial,Clear,28.0,0.0,471,59.7,50.7,2.1,18,LOW
16,2,0,Arterial,Clear,34.2,0.0,998,63.5,27.9,31.5,82,HIGH
6,1,0,Urban,Clear,23.1,0.0,172,48.1,45.4,1.1,20,LOW
20,2,0,Highway,Rain,17.6,4.2,1710,83.4,21.1,29.2,72,HIGH
0,2,0,Urban,Clear,41.2,0.0,194,45.1,45.0,0.6,18,LOW
16,3,0,Arterial,Fog,23.1,0.36,717,63.9,34.9,4.2,45,MEDIUM
16,1,0,Arterial,Rain,27.2,5.02,637,57.2,34.9,5.0,43,MEDIUM
10,2,0,Arterial,Rain,24.7,6.21,1128,62.1,19.8,15.3,72,HIGH
2,4,0,Arterial,Clear,18.7,0.0,538,55.6,43.5,0.4,16,LOW
14,2,0,Highway,Clear,34.3,0.0,1315,87.5,48.8,4.3,57,MEDIUM
20,4,0,Arterial,Rain,15.8,0.93,1232,51.6,9.7,21.4,82,HIGH
10,1,0,Urban,Clear,35.9,0.0,623,36.0,19.8,6.1,59,MEDIUM
15,6,1,Arterial,Clear,29.9,0.0,843,61.5,34.5,7.8,61,MEDIUM
21,5,1,Highway,Clear,26.1,0.0,606,92.4,81.6,0.7,15,LOW
8,1,0,Highway,Clear,26.2,0.0,2287,92.3,15.8,19.7,71,HIGH
23,5,1,Urban,Clear,31.2,0.0,205,41.9,39.1,0.0,11,LOW
23,5,1,Highway,Clear,23.5,0.0,772,90.6,76.5,0.9,15,LOW
0,1,0,Highway,Clear,29.2,0.0,474,93.4,85.0,2.0,35,LOW
21,2,0,Arterial,Clear,21.8,0.0,427,64.3,60.9,1.3,11,LOW
15,0,0,Urban,Clear,12.9,0.0,484,40.7,29.3,5.7,48,MEDIUM
8,2,0,Highway,Clear,32.3,0.0,2151,87.8,13.0,30.6,85,HIGH
18,2,0,Arterial,Clear,45.1,0.0,1347,59.4,8.0,30.2,89,HIGH
11,6,1,Arterial,Rain,32.0,0.24,203,56.7,47.7,1.7,35,LOW
18,3,0,Highway,Rain,27.7,1.67,2586,94.3,13.4,20.4,78,HIGH
21,3,0,Urban,Rain,25.2,6.76,184,35.2,25.4,7.3,64,MEDIUM
8,2,0,Arterial,Rain,25.4,0.28,1683,59.4,8.7,31.8,97,HIGH
6,4,0,Arterial,Clear,25.2,0.0,346,62.3,59.0,0.0,29,LOW
13,6,1,Urban,Clear,29.4,0.0,635,36.9,20.7,7.2,52,MEDIUM
18,5,1,Urban,Clear,11.3,0.0,594,35.8,20.8,7.2,54,MEDIUM
18,3,0,Arterial,Clear,10.1,0.0,1257,50.9,10.0,32.0,92,HIGH
1,2,0,Highway,Clear,31.2,0.0,421,88.6,81.6,1.7,15,LOW
8,6,1,Urban,Clear,26.6,0.0,339,36.6,32.0,0.8,21,LOW
12,0,0,Arterial,Fog,21.1,0.29,1007,63.5,21.7,27.1,91,HIGH
14,4,0,Urban,Clear,20.9,0.0,447,35.3,26.3,8.6,63,MEDIUM
2,1,0,Urban,Clear,24.1,0.0,278,41.6,36.0,0.7,34,LOW
10,2,0,Highway,Storm,25.1,14.08,1963,83.5,8.0,23.4,90,HIGH
20,6,1,Urban,Rain,38.0,2.3,170,35.5,30.3,1.0,33,LOW
13,2,0,Arterial,Clear,20.5,0.0,675,55.2,43.8,2.5,12,LOW
7,5,1,Arterial,Fog,33.3,0.13,456,64.3,42.6,6.6,56,MEDIUM
17,4,0,Highway,Clear,32.1,0.0,2700,84.0,12.6,22.2,77,HIGH
18,3,0,Urban,Rain,26.5,1.38,836,43.4,8.0,34.4,93,HIGH
15,3,0,Arterial,Clear,33.4,0.0,833,60.8,36.2,8.0,45,MEDIUM
1,3,0,Arterial,Clear,31.1,0.0,332,57.9,53.1,0.6,29,LOW
7,1,0,Urban,Rain,19.2,0.26,268,36.8,28.8,1.5,35,LOW
21,6,1,Arterial,Clear,23.8,0.0,464,67.6,59.9,1.1,12,LOW
5,4,0,Arterial,Clear,30.7,0.0,183,57.6,54.7,0.5,20,LOW
11,4,0,Urban,Clear,23.8,0.0,612,38.2,26.0,8.2,55,MEDIUM
14,3,0,Arterial,Clear,32.3,0.0,861,65.8,42.5,7.8,40,MEDIUM
7,3,0,Urban,Storm,36.1,5.46,260,44.9,26.1,6.7,49,MEDIUM
3,5,1,Urban,Clear,27.8,0.0,110,39.6,36.7,1.8,34,LOW
14,0,0,Arterial,Clear,23.8,0.0,1264,64.7,10.3,33.4,94,HIGH
19,0,0,Arterial,Clear,23.0,0.0,1470,57.5,8.9,30.6,82,HIGH
16,2,0,Highway,Clear,25.4,0.0,957,101.2,76.4,1.5,17,LOW
12,2,0,Arterial,Clear,25.0,0.0,711,54.8,37.4,9.0,61,MEDIUM
17,4,0,Arterial,Clear,34.0,0.0,1199,56.3,14.2,32.1,81,HIGH
1,4,0,Urban,Storm,23.9,2.45,328,43.9,27.4,6.2,49,MEDIUM
12,1,0,Highway,Clear,26.8,0.0,909,88.6,70.2,0.9,10,LOW
12,1,0,Highway,Clear,33.5,0.0,1632,96.9,35.5,17.8,71,HIGH
21,0,0,Highway,Clear,25.7,0.0,321,87.7,85.0,0.9,36,LOW
14,2,0,Highway,Clear,24.9,0.0,1472,93.3,46.4,13.1,73,HIGH
19,0,0,Arterial,Clear,34.1,0.0,1330,57.2,9.0,25.9,88,HIGH
9,0,0,Highway,Rain,36.1,4.54,1741,89.6,25.0,28.0,80,HIGH
2,2,0,Highway,Storm,28.3,24.83,567,83.6,47.7,9.4,65,MEDIUM
18,6,1,Highway,Clear,39.6,0.0,1649,89.8,35.2,20.1,91,HIGH
2,1,0,Urban,Clear,29.2,0.0,219,37.4,37.4,1.2,31,LOW
21,5,1,Urban,Storm,34.1,12.04,146,46.2,32.1,5.9,47,MEDIUM
13,5,1,Highway,Clear,41.7,0.0,1607,88.4,35.7,15.1,91,HIGH
7,5,1,Arterial,Clear,23.6,0.0,319,55.2,52.3,0.5,15,LOW
22,2,0,Arterial,Fog,24.4,0.33,237,62.8,45.6,5.7,46,MEDIUM
3,3,0,Highway,Rain,33.6,2.24,701,84.0,57.9,4.5,40,MEDIUM
19,3,0,Arterial,Clear,26.9,0.0,1357,63.5,8.7,13.0,82,HIGH
10,3,0,Highway,Clear,21.4,0.0,2627,87.2,9.8,13.6,91,HIGH
10,4,0,Urban,Clear,25.6,0.0,903,39.9,8.0,26.4,80,HIGH
10,1,0,Highway,Clear,18.1,0.0,1511,89.1,42.3,13.4,76,HIGH
1,1,0,Urban,Rain,28.2,0.59,148,39.2,32.2,1.0,31,LOW
16,6,1,Highway,Clear,29.1,0.0,1606,90.3,32.5,26.3,71,HIGH
8,6,1,Arterial,Clear,35.6,0.0,457,57.3,50.6,1.2,32,LOW
1,4,0,Urban,Clear,36.3,0.0,173,36.7,33.0,0.8,18,LOW
23,0,0,Highway,Clear,25.8,0.0,706,90.2,79.5,0.9,13,LOW
14,6,1,Arterial,Clear,42.8,0.0,892,58.4,34.3,8.0,40,MEDIUM
15,5,1,Arterial,Rain,20.5,0.03,863,54.9,29.1,7.3,56,MEDIUM
3,3,0,Arterial,Clear,18.2,0.0,295,62.5,61.4,1.5,18,LOW
7,5,1,Highway,Clear,19.3,0.0,459,89.9,80.8,0.7,28,LOW
8,3,0,Highway,Clear,19.8,0.0,1676,84.6,29.7,16.7,77,HIGH
4,5,1,Arterial,Rain,33.3,1.48,448,59.0,44.6,1.7,23,LOW
15,0,0,Arterial,Clear,39.8,0.0,715,59.4,42.4,8.6,62,MEDIUM
12,5,1,Arterial,Clear,40.1,0.0,1228,55.9,12.2,23.6,77,HIGH
6,5,1,Highway,Clear,14.8,0.0,302,105.8,102.9,1.2,24,LOW
19,2,0,Highway,Clear,34.0,0.0,2601,90.0,12.2,23.1,85,HIGH
16,5,1,Arterial,Rain,38.7,4.87,1086,59.1,21.9,21.5,80,HIGH
2,2,0,Arterial,Clear,35.0,0.0,244,69.7,65.9,1.3,9,LOW
4,1,0,Arterial,Rain,23.6,11.3,336,61.8,47.9,1.9,22,LOW
18,4,0,Highway,Rain,29.2,1.97,2646,96.0,11.1,22.0,81,HIGH
11,5,1,Highway,Storm,21.3,6.55,737,90.5,51.0,5.4,49,MEDIUM
6,1,0,Highway,Clear,33.2,0.0,382,90.3,89.0,0.9,9,LOW
8,6,1,Highway,Clear,17.8,0.0,679,85.7,74.1,0.5,22,LOW
5,6,1,Highway,Clear,32.8,0.0,504,93.3,87.4,0.0,15,LOW
16,2,0,Arterial,Clear,23.0,0.0,745,67.4,46.0,7.6,52,MEDIUM
15,5,1,Arterial,Rain,30.5,2.07,1153,66.3,15.8,25.6,95,HIGH
22,5,1,Arterial,Fog,26.2,0.21,245,55.2,40.3,4.4,66,MEDIUM
2,0,0,Highway,Clear,25.5,0.0,591,99.3,88.0,0.8,21,LOW
20,1,0,Highway,Clear,34.6,0.0,1654,85.9,33.2,31.1,82,HIGH
3,3,0,Arterial,Clear,38.7,0.0,385,56.2,51.5,2.0,29,LOW
9,3,0,Urban,Clear,21.9,0.0,879,37.3,8.0,13.1,76,HIGH
4,0,0,Arterial,Rain,29.3,3.44,228,58.4,51.4,1.8,35,LOW
20,2,0,Arterial,Clear,20.4,0.0,1194,52.3,12.6,21.5,91,HIGH
21,3,0,Urban,Clear,24.8,0.0,269,40.2,37.8,0.8,18,LOW
9,3,0,Arterial,Clear,22.9,0.0,1578,59.0,11.7,31.2,74,HIGH
11,6,1,Highway,Storm,19.2,15.25,728,90.2,48.7,8.0,55,MEDIUM
9,6,1,Arterial,Clear,35.4,0.0,287,58.0,56.5,0.5,36,LOW
12,4,0,Highway,Fog,28.7,0.39,1209,82.0,39.2,33.8,80,HIGH
10,1,0,Arterial,Rain,24.2,3.67,1175,59.0,13.8,31.7,77,HIGH
21,2,0,Arterial,Clear,27.6,0.0,188,64.9,62.3,1.3,10,LOW
15,5,1,Urban,Clear,36.4,0.0,504,37.0,24.9,5.0,63,MEDIUM
7,1,0,Highway,Clear,35.2,0.0,705,85.6,72.5,1.3,33,LOW
7,2,0,Arterial,Clear,31.9,0.0,312,61.8,55.9,1.4,10,LOW
7,3,0,Arterial,Rain,23.3,2.02,419,55.0,41.2,9.8,63,MEDIUM
12,4,0,Urban,Clear,28.8,0.0,489,40.7,27.6,4.1,63,MEDIUM
1,1,0,Urban,Clear,20.4,0.0,216,41.3,37.1,1.1,13,LOW
11,3,0,Urban,Clear,27.4,0.0,685,38.3,14.7,21.4,90,HIGH
9,2,0,Highway,Clear,34.8,0.0,1586,86.3,34.2,28.7,72,HIGH
11,1,0,Arterial,Clear,36.1,0.0,682,54.4,43.0,2.6,26,LOW
10,5,1,Highway,Clear,23.5,0.0,334,86.0,82.9,0.4,9,LOW
14,1,0,Highway,Clear,33.8,0.0,1321,92.8,53.5,7.6,52,MEDIUM
15,3,0,Urban,Clear,32.4,0.0,748,42.5,14.0,24.5,92,HIGH
16,1,0,Urban,Clear,26.3,0.0,338,40.2,36.1,0.3,20,LOW
